id,conversation,label,urgency_level,risk_score,context_type,escalation_level,intervention_required,confidence_score
7bfaa12b-e6a4-4d5d-a8da-c20477f61c3d,"U: please help me | A: Do you need immediate help? | U: someone is trying to get in in the house | U: I hear something outside in the house, it’s just weird",emergency,high,0.9,domestic,3,yes,0.83
d57b7fbe-e67d-44ad-bc12-4c04abab07b3,"U: I feel like something bad is about to happen | A: Can you explain a bit more? | U: i’m not safe right now, i tried to ignore it | A: That sounds serious. Are you safe right now? | U: please help me | U: something feels wrong, I tried to ignore it",emergency,high,0.95,unknown,4,yes,0.8
3a4032e6-1fa9-4d47-a9b1-2c2a8494906a,"U: I’m not safe right now, I don’t know | A: That sounds serious. Are you safe right now? | U: please help me outside | A: That sounds serious. Are you safe right now? | U: someone is trying to get in, I don’t know",emergency,high,0.9,public,3,yes,0.76
ac25208c-061c-4f55-a7f5-5b8fe00e8702,"U: someone is trying to get in, it’s just weird | U: I hear something outside | A: Can you explain a bit more? | U: I think I'm in danger | A: That sounds serious. Are you safe right now? | U: I'm getting scared | A: Can you explain a bit more? | U: something feels wrong, it’s just weird... | U: please help me, maybe I’m overthinking",emergency,high,1.0,unknown,6,yes,0.94
b2640a67-a2ca-4f71-9f2f-4657bfb828f9,"U: please help me | U: I'm getting scared at home, I tried to ignore it | A: Can you explain a bit more? | U: I hear something outside, maybe I’m overthinking | A: What happened next? | U: I’m not safe right now",emergency,high,0.95,domestic,4,yes,0.85
bd5f1393-230a-48c9-8547-262fc8d9f43d,"U: I hear something outside, maybe I’m overthinking | A: I'm listening. | U: I feel like something bad is about to happen with my family | A: I'm listening. | U: something feels wrong, maybe I’m overthinking | A: I'm listening. | U: I think I'm in danger | A: That sounds serious. Are you safe right now? | U: I’m not safe right now with my family | A: That sounds serious. Are you safe right now? | U: I'm getting scared with my family",emergency,high,1.0,family,6,yes,0.84
55d97dfa-2bb9-4352-a3d3-ec028475dab4,U: I'm getting scared | U: I think I'm in danger outside | A: Do you need immediate help? | U: something feels wrong | A: What happened next? | U: i feel like something bad is about to happen outside | U: someone is trying to get in outside,emergency,high,1.0,public,5,yes,0.94
587492fc-267d-43c4-92bd-d0da022e3d52,"U: I think I'm in danger with my family, I don’t know | U: someone is trying to get in | A: What happened next? | U: something feels wrong with my family, it’s just weird | A: Can you explain a bit more? | U: I feel like something bad is about to happen",emergency,high,0.95,family,4,yes,0.92
dd7d48f1-4873-455f-b279-007344330d0e,"U: I'm getting scared, I tried to ignore it | A: I'm listening. | U: someone is trying to get in | A: What happened next? | U: I feel like something bad is about to happen... | U: please help me with my partner, it’s just weird",emergency,high,0.95,relationship,4,yes,0.89
86c12644-84b0-431a-b83a-fa7c409ed767,"U: someone is trying to get in, I don’t know | U: I'm getting scared | U: please help me",emergency,high,0.9,unknown,3,yes,0.8
b1e5d8a5-5676-49e0-80ae-1fea3c343853,"U: I'm getting scared | U: I hear something outside | A: What happened next? | U: i think i'm in danger, maybe i’m overthinking | U: please help me, I’m not sure | A: I'm concerned. Is someone with you? | U: i’m not safe right now | U: someone is trying to get in outside",emergency,high,1.0,public,6,yes,0.8
58602a87-937c-418b-8c53-17990d4b293f,"U: I'm getting scared | A: What happened next? | U: someone is trying to get in, I don’t know | U: please help me, i tried to ignore it | A: That sounds serious. Are you safe right now? | U: I think I'm in danger",emergency,high,0.95,relationship,4,yes,0.76
f29d80e2-720a-4975-8936-3d456042f1c0,"U: please help me at home | A: Do you need immediate help? | U: I think I'm in danger | A: That sounds serious. Are you safe right now? | U: I’m not safe right now at home | U: I feel like something bad is about to happen at home, I tried to ignore it... | A: What happened next? | U: something feels wrong at home, it’s just weird",emergency,high,1.0,domestic,5,yes,0.84
6abedda5-4f44-4c77-b1de-78a01eb19d8b,"U: someone is trying to get in | A: I'm listening. | U: something feels wrong with my partner, it’s just weird | A: I'm listening. | U: i feel like something bad is about to happen | U: I'm getting scared, I don’t know | A: What happened next? | U: please help me with my partner, I tried to ignore it",emergency,high,1.0,relationship,5,yes,0.94
58f6e4ea-f0e8-4e29-8d39-b0c8f565eee5,"U: I hear something outside with my family, I’m not sure | A: I'm listening. | U: please help me with my family | A: I'm concerned. Is someone with you? | U: someone is trying to get in with my family | U: I think I'm in danger, I tried to ignore it | U: I'm getting scared with my family, I tried to ignore it",emergency,high,1.0,family,5,yes,0.78
abd5383c-7560-4e87-9857-2bc0d781cf95,"U: something feels wrong with my partner | A: Can you explain a bit more? | U: I think I'm in danger with my partner | A: That sounds serious. Are you safe right now? | U: i feel like something bad is about to happen with my partner, i’m not sure... | A: What happened next? | U: i hear something outside with my partner",emergency,high,0.95,relationship,4,yes,0.92
bc66c36a-fef5-488f-afbe-db1dc538da28,"U: i think i'm in danger, i tried to ignore it | U: I'm getting scared... | U: please help me...",emergency,high,0.9,unknown,3,yes,0.77
f16f6098-1ff9-48a0-8edf-6fafa4f33d20,U: i think i'm in danger | A: Do you need immediate help? | U: please help me | U: someone is trying to get in in public,emergency,high,0.9,public,3,yes,0.84
5bef36ea-669e-407b-991e-0907c7aa5f92,U: i'm getting scared at home | A: Can you explain a bit more? | U: please help me | A: I'm concerned. Is someone with you? | U: someone is trying to get in,emergency,high,0.9,domestic,3,yes,0.93
456c06ae-db41-4468-9533-82ce9aaa0179,"U: something feels wrong, I’m not sure | U: please help me with my partner | A: Do you need immediate help? | U: someone is trying to get in, it’s just weird",emergency,high,0.9,relationship,3,yes,0.8
6c0fe8b1-f17c-4c29-a20e-464cde3b0420,"U: please help me, it’s just weird... | A: I'm concerned. Is someone with you? | U: something feels wrong | A: Can you explain a bit more? | U: I’m not safe right now | U: I hear something outside outside",emergency,high,0.95,public,4,yes,0.79
c3fc8990-c7b5-4d1c-b25e-1b5516d3f4c7,"U: I hear something outside, I don’t know... | A: What happened next? | U: I'm getting scared, maybe I’m overthinking... | U: I think I'm in danger | A: Do you need immediate help? | U: someone is trying to get in, it’s just weird",emergency,high,0.95,family,4,yes,0.91
9433693f-d003-469c-8a48-c29cb097bde2,"U: I think I'm in danger... | U: I hear something outside with my family, I tried to ignore it | A: Can you explain a bit more? | U: i’m not safe right now... | A: Do you need immediate help? | U: please help me with my family | A: Do you need immediate help? | U: something feels wrong with my family, I’m not sure... | A: What happened next? | U: I feel like something bad is about to happen, I tried to ignore it",emergency,high,1.0,family,6,yes,0.86
bef99328-83f3-4b50-b176-b9562c635605,"U: i'm getting scared, maybe i’m overthinking | U: someone is trying to get in | U: please help me, it’s just weird",emergency,high,0.9,unknown,3,yes,0.81
ab2ca4a7-69a3-4b99-b492-32ff590abdc5,U: someone is trying to get in | A: What happened next? | U: I feel like something bad is about to happen | U: something feels wrong in the house,emergency,high,0.9,domestic,3,yes,0.91
55bbcdc0-9a5c-4a5a-9622-1680b4858f47,"U: someone is trying to get in, maybe I’m overthinking | A: I'm listening. | U: i’m not safe right now, i’m not sure | A: Do you need immediate help? | U: I'm getting scared... | A: I'm listening. | U: something feels wrong, it’s just weird | A: What happened next? | U: I hear something outside",emergency,high,1.0,unknown,5,yes,0.85
be4988c7-7cfc-4aa8-b8b1-6dd1b314b1a7,"U: please help me | U: I’m not safe right now | U: I feel like something bad is about to happen, I don’t know | U: something feels wrong, i tried to ignore it | A: I'm listening. | U: I'm getting scared outside, I don’t know... | U: I hear something outside, I’m not sure",emergency,high,1.0,public,6,yes,0.95
935b0ef9-dc6e-4904-8fdb-49d27aa83643,"U: I feel like something bad is about to happen, maybe I’m overthinking | U: I'm getting scared | U: something feels wrong | A: I'm listening. | U: I think I'm in danger in the house | A: Do you need immediate help? | U: someone is trying to get in, maybe i’m overthinking",emergency,high,1.0,domestic,5,yes,0.86
59115e64-6132-4a57-b3d1-b0c9a31de787,"U: please help me | A: Do you need immediate help? | U: i feel like something bad is about to happen, it’s just weird | A: Can you explain a bit more? | U: I hear something outside",emergency,high,0.9,unknown,3,yes,0.79
a7e1c052-7457-42ea-a7be-5416aace31fd,"U: I feel like something bad is about to happen | A: What happened next? | U: I think I'm in danger, I don’t know | A: Do you need immediate help? | U: please help me with my partner, maybe I’m overthinking | A: That sounds serious. Are you safe right now? | U: I'm getting scared, I tried to ignore it | A: What happened next? | U: someone is trying to get in | U: I hear something outside with my partner, I tried to ignore it...",emergency,high,1.0,relationship,6,yes,0.92
3430115b-23e2-4d50-8eca-3fae365b0cb9,"U: please help me, it’s just weird... | A: I'm concerned. Is someone with you? | U: I'm getting scared | U: someone is trying to get in | A: Can you explain a bit more? | U: I feel like something bad is about to happen | A: Can you explain a bit more? | U: I’m not safe right now, I don’t know",emergency,high,1.0,domestic,5,yes,0.84
eb2ba1dd-2221-4a28-ac87-16fa52811a16,"U: something feels wrong at home | U: I hear something outside, maybe I’m overthinking | U: please help me, maybe I’m overthinking",emergency,high,0.9,domestic,3,yes,0.85
dd8d732e-c980-455c-b98b-eb002a0442fe,"U: someone is trying to get in | A: I'm listening. | U: I’m not safe right now with my family | U: I hear something outside with my family, I tried to ignore it | A: I'm listening. | U: I'm getting scared | U: please help me | A: That sounds serious. Are you safe right now? | U: something feels wrong",emergency,high,1.0,family,6,yes,0.94
90394878-36a6-4519-a1d8-d0232a2324e7,"U: i’m not safe right now... | A: Do you need immediate help? | U: I'm getting scared, I’m not sure | U: something feels wrong | A: Can you explain a bit more? | U: I hear something outside...",emergency,high,0.95,unknown,4,yes,0.93
0787f8df-0a3b-4ae0-9e08-e457e875b081,"U: I’m not safe right now in public, I’m not sure | A: I'm concerned. Is someone with you? | U: please help me | A: I'm concerned. Is someone with you? | U: I think I'm in danger in public... | A: I'm concerned. Is someone with you? | U: something feels wrong, I tried to ignore it",emergency,high,0.95,public,4,yes,0.77
8289c8a3-0695-4a48-9f12-3d3e83a77623,"U: please help me | U: i think i'm in danger, i don’t know | A: That sounds serious. Are you safe right now? | U: I’m not safe right now with my family... | U: I hear something outside | U: someone is trying to get in | A: Can you explain a bit more? | U: I feel like something bad is about to happen, I’m not sure",emergency,high,1.0,family,6,yes,0.9
192499ed-af8c-41f3-b362-652ca5987032,"U: something feels wrong, I tried to ignore it... | U: please help me with my partner | A: I'm concerned. Is someone with you? | U: I hear something outside with my partner",emergency,high,0.9,relationship,3,yes,0.89
30c030dd-1616-424a-90a2-95b68e66c9d1,"U: I’m not safe right now, I’m not sure | U: please help me, maybe i’m overthinking | A: That sounds serious. Are you safe right now? | U: I think I'm in danger, I’m not sure",emergency,high,0.9,unknown,3,yes,0.81
edb6f6e8-a168-4010-b045-beda450ee32d,"U: i hear something outside with my family, i don’t know | A: What happened next? | U: something feels wrong, maybe i’m overthinking | A: I'm listening. | U: please help me with my family | U: I think I'm in danger with my family, I’m not sure | A: That sounds serious. Are you safe right now? | U: I’m not safe right now with my family",emergency,high,1.0,family,5,yes,0.78
41efee59-568e-4d9d-bbb2-426cb6183885,"U: something feels wrong... | U: I'm getting scared, maybe I’m overthinking | A: What happened next? | U: please help me | A: Do you need immediate help? | U: someone is trying to get in, I tried to ignore it",emergency,high,0.95,unknown,4,yes,0.91
43b828d5-5b0c-4e71-b643-090eb5d02f1b,U: something feels wrong | A: Can you explain a bit more? | U: please help me | A: That sounds serious. Are you safe right now? | U: i think i'm in danger in public,emergency,high,0.9,public,3,yes,0.89
6dfb21d9-43d1-44f6-a2d0-d986868dc4ea,"U: someone is trying to get in in public... | U: I think I'm in danger in public, I’m not sure | A: Do you need immediate help? | U: I'm getting scared...",emergency,high,0.9,public,3,yes,0.85
62be878b-2855-45d9-a00f-ccdcfdab3bd0,"U: I’m not safe right now, I don’t know | A: Do you need immediate help? | U: I hear something outside with my partner | U: I think I'm in danger with my partner",emergency,high,0.9,relationship,3,yes,0.94
7eb1946e-1b76-40a1-81f2-2490d216d0ec,"U: someone is trying to get in with my partner, i’m not sure | A: I'm listening. | U: please help me with my partner | A: I'm concerned. Is someone with you? | U: I think I'm in danger, I tried to ignore it | A: I'm concerned. Is someone with you? | U: something feels wrong with my partner | A: What happened next? | U: I hear something outside, I tried to ignore it...",emergency,high,1.0,relationship,5,yes,0.82
32a02d05-5367-47d7-8caa-6433ba27de5f,"U: I hear something outside in the house, I tried to ignore it | A: I'm listening. | U: someone is trying to get in | U: i'm getting scared | A: Can you explain a bit more? | U: I think I'm in danger in the house, I tried to ignore it | U: something feels wrong, I’m not sure",emergency,high,1.0,domestic,5,yes,0.95
d1069cd0-c4a4-4f76-a1c8-e4f58950cbcd,U: please help me | A: Do you need immediate help? | U: I hear something outside with my partner | A: Can you explain a bit more? | U: I feel like something bad is about to happen,emergency,high,0.9,relationship,3,yes,0.9
012e5c69-cf7d-4474-930b-13e442c90ef9,"U: I hear something outside, I’m not sure | A: I'm listening. | U: someone is trying to get in | U: please help me, maybe i’m overthinking",emergency,high,0.9,unknown,3,yes,0.81
9debf24b-4dd6-49f2-b87c-e822b9053f89,"U: I’m not safe right now | A: Do you need immediate help? | U: I'm getting scared | U: I hear something outside, it’s just weird | A: I'm listening. | U: I feel like something bad is about to happen outside, I’m not sure...",emergency,high,0.95,public,4,yes,0.87
a69b2f39-e5cc-4834-a98c-8d4e5f39cb40,"U: I feel like something bad is about to happen | A: What happened next? | U: someone is trying to get in outside | A: Can you explain a bit more? | U: something feels wrong, I don’t know",emergency,high,0.9,public,3,yes,0.91
238e9e24-d90b-42c1-978e-e7a69b56b637,U: I’m not safe right now... | A: I'm concerned. Is someone with you? | U: someone is trying to get in in public | U: I hear something outside in public | A: What happened next? | U: I feel like something bad is about to happen in public | A: I'm listening. | U: something feels wrong in public | U: I think I'm in danger,emergency,high,1.0,public,6,yes,0.92
85679da2-45bb-457c-b47a-3fb7042e28c4,"U: I’m not safe right now, maybe I’m overthinking... | U: I feel like something bad is about to happen in public | A: I'm listening. | U: I hear something outside, maybe I’m overthinking | U: something feels wrong...",emergency,high,0.95,public,4,yes,0.78
5232d3dd-3a00-4c95-8a07-3729ddb5b58e,"U: I feel like something bad is about to happen, maybe I’m overthinking... | A: I'm listening. | U: i’m not safe right now, i’m not sure | A: That sounds serious. Are you safe right now? | U: i hear something outside | A: I'm listening. | U: please help me | A: Do you need immediate help? | U: something feels wrong | A: What happened next? | U: someone is trying to get in, i don’t know",emergency,high,1.0,unknown,6,yes,0.91
9c8283cd-1aef-49a2-b325-f0f8373c77b2,"U: someone is trying to get in, I don’t know | U: i'm getting scared | A: I'm listening. | U: i feel like something bad is about to happen, i tried to ignore it... | U: I think I'm in danger... | A: I'm concerned. Is someone with you? | U: I hear something outside, maybe I’m overthinking | A: I'm listening. | U: something feels wrong, I tried to ignore it",emergency,high,1.0,unknown,6,yes,0.87
9d342ef7-fbf6-4e87-aa5f-3f7136871ff5,"U: I'm getting scared | A: What happened next? | U: someone is trying to get in with my family, maybe I’m overthinking | A: Can you explain a bit more? | U: something feels wrong",emergency,high,0.9,family,3,yes,0.84
71cfe339-81c8-4d46-8291-7ca608fbb7aa,"U: something feels wrong | U: please help me with my family | A: I'm concerned. Is someone with you? | U: I’m not safe right now with my family, I’m not sure | A: Do you need immediate help? | U: i hear something outside",emergency,high,0.95,family,4,yes,0.85
5df9c377-3c94-43e8-887d-b317f9c3edd2,"U: I think I'm in danger, I’m not sure | A: That sounds serious. Are you safe right now? | U: something feels wrong | U: someone is trying to get in | A: I'm listening. | U: I hear something outside, it’s just weird | U: I’m not safe right now, it’s just weird | A: That sounds serious. Are you safe right now? | U: i'm getting scared, i don’t know",emergency,high,1.0,domestic,6,yes,0.94
04c5f3aa-4726-4340-95ac-d812f80166cb,"U: something feels wrong at home | U: i think i'm in danger at home, i’m not sure... | U: I'm getting scared at home | U: please help me, maybe I’m overthinking | A: Do you need immediate help? | U: someone is trying to get in at home | A: What happened next? | U: i’m not safe right now",emergency,high,1.0,domestic,6,yes,0.85
7d55e482-cbd9-4ff0-b57f-8996c73f937b,"U: please help me, i don’t know... | U: I think I'm in danger, I’m not sure | A: That sounds serious. Are you safe right now? | U: i’m not safe right now | A: I'm concerned. Is someone with you? | U: I'm getting scared | A: I'm listening. | U: I hear something outside | U: I feel like something bad is about to happen...",emergency,high,1.0,domestic,6,yes,0.87
236b780c-6971-4600-ac90-301fca0b2cd0,"U: i hear something outside | A: Can you explain a bit more? | U: I’m not safe right now, it’s just weird | U: someone is trying to get in with my family, I tried to ignore it | A: Can you explain a bit more? | U: something feels wrong",emergency,high,0.95,family,4,yes,0.84
bf7bb808-f396-481d-9f02-1b8652a89f8b,"U: please help me, I don’t know | A: That sounds serious. Are you safe right now? | U: someone is trying to get in outside, I tried to ignore it | A: I'm listening. | U: I think I'm in danger outside | A: I'm concerned. Is someone with you? | U: I'm getting scared, I don’t know",emergency,high,0.95,public,4,yes,0.88
a0721141-1cc1-4d1f-81bf-f9aed9f9f277,"U: I hear something outside in public, it’s just weird | A: Can you explain a bit more? | U: I feel like something bad is about to happen in public | A: What happened next? | U: please help me, it’s just weird",emergency,high,0.9,public,3,yes,0.78
8185ede1-5b6d-40ac-9a51-2c5986c7e8e7,U: I’m not safe right now | A: I'm concerned. Is someone with you? | U: please help me | A: Do you need immediate help? | U: someone is trying to get in at home,emergency,high,0.9,domestic,3,yes,0.84
8024ac97-f4b0-426e-bcc5-c2a756973760,"U: I think I'm in danger, I tried to ignore it | U: I hear something outside, I’m not sure | A: I'm listening. | U: something feels wrong at home | U: please help me at home, maybe I’m overthinking | A: I'm concerned. Is someone with you? | U: someone is trying to get in, it’s just weird",emergency,high,1.0,domestic,5,yes,0.79
74ee815c-214a-40aa-93aa-82d0c5c83e67,"U: someone is trying to get in, it’s just weird | A: Can you explain a bit more? | U: something feels wrong... | A: I'm listening. | U: I hear something outside in public, I’m not sure | A: I'm listening. | U: I'm getting scared in public, I don’t know... | A: What happened next? | U: please help me, it’s just weird... | U: i think i'm in danger in public",emergency,high,1.0,public,6,yes,0.89
a0ae87c4-d52c-4e77-8492-793d39abc800,"U: I think I'm in danger with my family, I tried to ignore it | A: That sounds serious. Are you safe right now? | U: something feels wrong | A: I'm listening. | U: i feel like something bad is about to happen with my family | A: What happened next? | U: please help me with my family, I don’t know...",emergency,high,0.95,family,4,yes,0.88
8cf9763c-2b70-4563-a96d-4205b028c9e6,"U: I feel like something bad is about to happen | A: What happened next? | U: please help me | A: I'm concerned. Is someone with you? | U: i’m not safe right now | A: Do you need immediate help? | U: something feels wrong | A: I'm listening. | U: i hear something outside | A: Can you explain a bit more? | U: someone is trying to get in, i’m not sure",emergency,high,1.0,unknown,6,yes,0.76
bf46c392-4d48-499a-9cf7-8626d367ce84,"U: I feel like something bad is about to happen, I don’t know... | A: Can you explain a bit more? | U: please help me, I don’t know | U: I think I'm in danger | U: i'm getting scared | A: I'm listening. | U: i hear something outside, i don’t know",emergency,high,1.0,family,5,yes,0.86
5219d3f7-2adf-4f15-a69b-7e5f0bb386d4,"U: something feels wrong, I tried to ignore it... | A: What happened next? | U: someone is trying to get in with my family | A: I'm listening. | U: i'm getting scared with my family, i don’t know",emergency,high,0.9,family,3,yes,0.94
a38daa9c-67e0-43aa-a185-fe1ec414237d,"U: please help me outside, i’m not sure | A: That sounds serious. Are you safe right now? | U: I feel like something bad is about to happen outside | U: I'm getting scared outside, it’s just weird",emergency,high,0.9,public,3,yes,0.82
cd4c8b38-69ff-4466-afc9-1bc3ed2da2a4,"U: something feels wrong | A: Can you explain a bit more? | U: I hear something outside | U: please help me | A: That sounds serious. Are you safe right now? | U: I’m not safe right now | A: That sounds serious. Are you safe right now? | U: I'm getting scared, maybe I’m overthinking",emergency,high,1.0,unknown,5,yes,0.86
10f63418-2c2c-4387-b361-6e99b94ecf30,"U: please help me, I don’t know... | A: I'm concerned. Is someone with you? | U: someone is trying to get in, I tried to ignore it | A: I'm listening. | U: i hear something outside | U: I think I'm in danger at home, I’m not sure | A: I'm concerned. Is someone with you? | U: i feel like something bad is about to happen at home, maybe i’m overthinking... | U: I'm getting scared, I tried to ignore it",emergency,high,1.0,domestic,6,yes,0.91
307f2ba8-bcaa-4952-aa16-0d8203a68769,"U: I hear something outside... | A: What happened next? | U: I think I'm in danger | U: I'm getting scared, maybe I’m overthinking | A: I'm listening. | U: I’m not safe right now with my family | A: I'm concerned. Is someone with you? | U: someone is trying to get in with my family",emergency,high,1.0,family,5,yes,0.91
93a82f98-4e4e-4afe-bc2a-22c82f1980e8,"U: please help me | U: I feel like something bad is about to happen with my family, maybe I’m overthinking... | A: I'm listening. | U: I'm getting scared... | U: someone is trying to get in | U: i’m not safe right now | A: That sounds serious. Are you safe right now? | U: I think I'm in danger",emergency,high,1.0,family,6,yes,0.94
f59464a2-9e10-4a80-a723-cf747db4e1db,"U: I hear something outside | U: I’m not safe right now, I tried to ignore it | U: I'm getting scared | U: someone is trying to get in in the house | A: Can you explain a bit more? | U: i think i'm in danger, maybe i’m overthinking | A: I'm concerned. Is someone with you? | U: something feels wrong in the house",emergency,high,1.0,domestic,6,yes,0.78
561c0e62-8024-418b-b8c1-d8d55d82354e,U: something feels wrong | A: What happened next? | U: I hear something outside | A: What happened next? | U: i’m not safe right now,emergency,high,0.9,domestic,3,yes,0.95
18a3272f-f453-4ec8-9efc-2527590f8fe5,"U: something feels wrong | A: Can you explain a bit more? | U: I think I'm in danger, I tried to ignore it... | U: please help me | U: I'm getting scared | U: I’m not safe right now, I’m not sure...",emergency,high,1.0,family,5,yes,0.76
8bdc48ed-6b47-4f61-a7bc-f444792a0fe0,"U: I feel like something bad is about to happen | U: please help me... | U: someone is trying to get in, I’m not sure | U: I think I'm in danger | A: I'm concerned. Is someone with you? | U: I'm getting scared, it’s just weird",emergency,high,1.0,unknown,5,yes,0.88
3f84adf5-223b-4214-8871-816b13b4e0f1,"U: someone is trying to get in | A: What happened next? | U: I feel like something bad is about to happen at home | A: What happened next? | U: please help me at home, it’s just weird... | U: I hear something outside | A: I'm listening. | U: i'm getting scared at home, i don’t know",emergency,high,1.0,domestic,5,yes,0.83
e4828f6a-d5e5-46fe-8a04-bfea71298164,"U: I hear something outside, I don’t know | A: Can you explain a bit more? | U: someone is trying to get in | A: I'm listening. | U: I'm getting scared | U: i think i'm in danger...",emergency,high,0.95,unknown,4,yes,0.93
763849d4-b654-4b19-8842-5ba3984fa995,"U: I hear something outside, I don’t know | U: I’m not safe right now | A: Do you need immediate help? | U: please help me in the house | A: I'm concerned. Is someone with you? | U: i feel like something bad is about to happen in the house, i don’t know | A: Can you explain a bit more? | U: something feels wrong, i’m not sure",emergency,high,1.0,domestic,5,yes,0.84
2dbb64a7-220f-47c1-9ac6-0cd90d4031a3,U: something feels wrong | U: please help me... | U: i hear something outside | U: I'm getting scared,emergency,high,0.95,unknown,4,yes,0.83
989015c1-211f-4ded-bfa4-576dfe5d63f5,"U: I’m not safe right now, I tried to ignore it | A: That sounds serious. Are you safe right now? | U: I feel like something bad is about to happen, it’s just weird | A: Can you explain a bit more? | U: something feels wrong | U: I think I'm in danger | A: I'm concerned. Is someone with you? | U: I hear something outside | U: someone is trying to get in with my family, maybe I’m overthinking",emergency,high,1.0,family,6,yes,0.87
a9a51a11-7051-4984-b0f3-e33209417c37,"U: I hear something outside outside | A: I'm listening. | U: something feels wrong | A: Can you explain a bit more? | U: please help me outside, I’m not sure | A: Do you need immediate help? | U: i'm getting scared outside... | U: I think I'm in danger outside, I tried to ignore it | A: I'm concerned. Is someone with you? | U: someone is trying to get in",emergency,high,1.0,public,6,yes,0.87
76638070-02f3-4d84-b981-cfb934dacbce,"U: I’m not safe right now | A: That sounds serious. Are you safe right now? | U: something feels wrong | A: Can you explain a bit more? | U: I feel like something bad is about to happen, I’m not sure",emergency,high,0.9,unknown,3,yes,0.75
9f7e9b29-36b5-4856-8810-109220ca29ae,"U: I'm getting scared | U: I hear something outside in the house, I’m not sure | A: I'm listening. | U: please help me",emergency,high,0.9,domestic,3,yes,0.9
b756666b-afef-40c3-8214-5c6fbb178cb7,"U: please help me | A: I'm concerned. Is someone with you? | U: I think I'm in danger with my family | A: That sounds serious. Are you safe right now? | U: I'm getting scared with my family, it’s just weird | A: Can you explain a bit more? | U: I hear something outside | A: Can you explain a bit more? | U: I’m not safe right now | A: Do you need immediate help? | U: I feel like something bad is about to happen with my family",emergency,high,1.0,family,6,yes,0.77
55915eca-4375-4264-bab1-26afc8b761e9,"U: someone is trying to get in in the house | U: I feel like something bad is about to happen, it’s just weird | A: What happened next? | U: I’m not safe right now | U: something feels wrong in the house, maybe I’m overthinking",emergency,high,0.95,domestic,4,yes,0.83
d846b453-f149-4b2b-86fd-d713c09b586a,"U: please help me at home | A: I'm concerned. Is someone with you? | U: I think I'm in danger at home, I don’t know | A: Do you need immediate help? | U: I hear something outside at home",emergency,high,0.9,domestic,3,yes,0.84
55c35c4e-eb15-430b-85d7-9caa29930e59,U: someone is trying to get in... | U: something feels wrong in the house | U: I'm getting scared,emergency,high,0.9,domestic,3,yes,0.81
1ad7ae54-bab3-4964-95e6-6908fddb6f71,"U: I feel like something bad is about to happen, I’m not sure | A: I'm listening. | U: I'm getting scared, I’m not sure | A: I'm listening. | U: I hear something outside with my family | A: Can you explain a bit more? | U: something feels wrong | A: Can you explain a bit more? | U: please help me, I don’t know",emergency,high,1.0,family,5,yes,0.89
dda58ee0-6a06-4b9e-9382-d8ae6d45f826,"U: I feel like something bad is about to happen, I don’t know | U: someone is trying to get in with my family | A: What happened next? | U: something feels wrong, I tried to ignore it | U: please help me...",emergency,high,0.95,family,4,yes,0.95
1146629c-8f7d-449c-81d0-bebf1944983b,"U: someone is trying to get in, i don’t know | U: I'm getting scared, maybe I’m overthinking | A: What happened next? | U: i think i'm in danger",emergency,high,0.9,unknown,3,yes,0.88
4bef61d1-dbd4-47be-8ad1-e8c7d65bb1ea,"U: please help me at home | A: Do you need immediate help? | U: I hear something outside | A: Can you explain a bit more? | U: something feels wrong at home, it’s just weird | A: I'm listening. | U: I think I'm in danger at home | U: someone is trying to get in at home | A: What happened next? | U: I’m not safe right now, I’m not sure",emergency,high,1.0,domestic,6,yes,0.77
70c9a3fa-3a93-49e7-adba-aff0f0478755,"U: i'm getting scared, it’s just weird | A: Can you explain a bit more? | U: I’m not safe right now... | A: Do you need immediate help? | U: something feels wrong, I tried to ignore it | A: What happened next? | U: please help me | A: I'm concerned. Is someone with you? | U: I think I'm in danger",emergency,high,1.0,unknown,5,yes,0.82
f77e6020-2efb-4a8e-b127-3e00b1c00358,"U: someone is trying to get in | A: What happened next? | U: i think i'm in danger | A: Do you need immediate help? | U: i’m not safe right now, maybe i’m overthinking | A: Do you need immediate help? | U: something feels wrong | A: I'm listening. | U: I feel like something bad is about to happen...",emergency,high,1.0,unknown,5,yes,0.82
a8222cd5-014c-44cf-aeb9-e2b7c9999185,"U: I think I'm in danger | A: That sounds serious. Are you safe right now? | U: I'm getting scared, I tried to ignore it | A: Can you explain a bit more? | U: I feel like something bad is about to happen in the house, I’m not sure | A: Can you explain a bit more? | U: I’m not safe right now in the house",emergency,high,0.95,domestic,4,yes,0.76
cacdca85-d984-457b-bf1b-6de31660e0a8,"U: please help me with my partner, maybe I’m overthinking | U: i feel like something bad is about to happen | U: I’m not safe right now, I tried to ignore it | A: I'm concerned. Is someone with you? | U: I hear something outside with my partner | A: Can you explain a bit more? | U: I think I'm in danger with my partner, it’s just weird...",emergency,high,1.0,relationship,5,yes,0.87
7a9efbee-881e-427b-923c-2d2fd5acfec4,"U: I feel like something bad is about to happen with my partner, it’s just weird | A: I'm listening. | U: I hear something outside with my partner, maybe I’m overthinking | U: something feels wrong",emergency,high,0.9,relationship,3,yes,0.94
aa5810a1-f851-48e1-ac70-cdfcfde39eec,"U: I feel like something bad is about to happen with my family, I tried to ignore it... | A: I'm listening. | U: I'm getting scared, it’s just weird | A: I'm listening. | U: please help me, maybe I’m overthinking | A: Do you need immediate help? | U: I think I'm in danger with my family | A: I'm concerned. Is someone with you? | U: someone is trying to get in",emergency,high,1.0,family,5,yes,0.88
2176f2be-23ae-4582-a1b5-72ce18966e8e,"U: I feel like something bad is about to happen in public... | A: What happened next? | U: I’m not safe right now, maybe I’m overthinking | A: Do you need immediate help? | U: I hear something outside in public | U: something feels wrong in public | U: someone is trying to get in in public",emergency,high,1.0,public,5,yes,0.82
3f3f3dec-b555-4068-9cb1-2116f8166e9b,"U: I feel like something bad is about to happen | U: I'm getting scared | U: i hear something outside with my partner, i tried to ignore it | A: What happened next? | U: something feels wrong, it’s just weird",emergency,high,0.95,relationship,4,yes,0.93
61d9f144-1832-4d13-b5da-e2b55c89e735,"U: someone is trying to get in, i’m not sure | A: Can you explain a bit more? | U: something feels wrong | A: What happened next? | U: I think I'm in danger | A: I'm concerned. Is someone with you? | U: I’m not safe right now, I tried to ignore it",emergency,high,0.95,family,4,yes,0.89
3c73b1ea-c597-45c5-9733-df2c64fa8f12,"U: something feels wrong, maybe I’m overthinking | A: Can you explain a bit more? | U: someone is trying to get in with my family | A: Can you explain a bit more? | U: I hear something outside, it’s just weird",emergency,high,0.9,family,3,yes,0.75
8732c141-dad9-484e-aab7-3a88fd6e42a5,U: I'm getting scared with my family | A: What happened next? | U: please help me with my family | A: I'm concerned. Is someone with you? | U: I think I'm in danger...,emergency,high,0.9,family,3,yes,0.83
ac9e99f9-d073-405b-8401-30a01279b220,"U: I'm getting scared... | U: something feels wrong, I don’t know | A: Can you explain a bit more? | U: I’m not safe right now, maybe I’m overthinking",emergency,high,0.9,unknown,3,yes,0.91
a3b4d1d1-b28e-4788-b512-03f0d07abd6b,"U: I'm getting scared, it’s just weird... | U: i feel like something bad is about to happen, it’s just weird | A: I'm listening. | U: something feels wrong, it’s just weird | A: What happened next? | U: please help me, I tried to ignore it",emergency,high,0.95,family,4,yes,0.79
1cbc3e38-db3a-4e9a-81c7-b1db7d88156b,"U: I’m not safe right now... | A: Do you need immediate help? | U: I hear something outside, I’m not sure... | U: something feels wrong",emergency,high,0.9,unknown,3,yes,0.81
6815dfbf-ccdf-4558-9480-0c998be5a767,"U: something feels wrong | A: What happened next? | U: I'm getting scared | A: I'm listening. | U: I feel like something bad is about to happen, I tried to ignore it | A: What happened next? | U: please help me in the house | A: I'm concerned. Is someone with you? | U: I hear something outside in the house...",emergency,high,1.0,domestic,5,yes,0.76
098d0041-6323-4338-bdfd-2718d9377705,"U: I hear something outside in public | A: I'm listening. | U: I think I'm in danger, I don’t know | U: someone is trying to get in... | A: I'm listening. | U: please help me | A: I'm concerned. Is someone with you? | U: I’m not safe right now in public",emergency,high,1.0,public,5,yes,0.76
9c2dcc3e-9f83-4a6c-8731-ececdc6150d0,"U: I’m not safe right now | A: I'm concerned. Is someone with you? | U: i hear something outside, i tried to ignore it | A: Can you explain a bit more? | U: something feels wrong, maybe I’m overthinking...",emergency,high,0.9,relationship,3,yes,0.83
8218b4b2-14f3-4d12-9d54-654324cf51be,"U: I think I'm in danger | A: Do you need immediate help? | U: something feels wrong, I tried to ignore it | A: I'm listening. | U: someone is trying to get in | A: What happened next? | U: I'm getting scared, I’m not sure... | U: i’m not safe right now",emergency,high,1.0,unknown,5,yes,0.8
900ba1c9-c188-4fcf-9aa7-a96c43cfe9dc,"U: please help me with my family, maybe I’m overthinking | A: That sounds serious. Are you safe right now? | U: I’m not safe right now | A: I'm concerned. Is someone with you? | U: I think I'm in danger with my family, I tried to ignore it | U: something feels wrong with my family | U: I'm getting scared...",emergency,high,1.0,family,5,yes,0.76
d4852d0c-ed4e-49d8-8cf0-3fb197c9ef18,"U: I think I'm in danger, I’m not sure | A: That sounds serious. Are you safe right now? | U: something feels wrong, I tried to ignore it | A: Can you explain a bit more? | U: I’m not safe right now, maybe I’m overthinking | U: someone is trying to get in with my family, i tried to ignore it... | U: I feel like something bad is about to happen with my family | A: I'm listening. | U: I'm getting scared with my family",emergency,high,1.0,family,6,yes,0.76
f52c4086-f312-4ed2-bff3-21b02639bf62,"U: I think I'm in danger, I’m not sure | U: I’m not safe right now, maybe I’m overthinking | A: That sounds serious. Are you safe right now? | U: I feel like something bad is about to happen | U: I'm getting scared, I don’t know... | A: I'm listening. | U: someone is trying to get in, I don’t know | A: What happened next? | U: I hear something outside",emergency,high,1.0,unknown,6,yes,0.78
80c7f7e3-218b-4026-8b8e-66e0f05c39c2,"U: please help me with my family | U: I'm getting scared, I don’t know | A: I'm listening. | U: I feel like something bad is about to happen, I don’t know",emergency,high,0.9,family,3,yes,0.8
b5df1a9f-67e8-4ed3-a45f-2a9bbe444ebe,"U: please help me with my partner | A: Do you need immediate help? | U: I think I'm in danger... | A: That sounds serious. Are you safe right now? | U: someone is trying to get in with my partner | A: I'm listening. | U: I feel like something bad is about to happen, I tried to ignore it",emergency,high,0.95,relationship,4,yes,0.94
44338b38-2e31-4bd3-a291-0b06ffb69c4a,"U: something feels wrong | A: I'm listening. | U: I think I'm in danger | A: I'm concerned. Is someone with you? | U: I'm getting scared | A: What happened next? | U: I feel like something bad is about to happen, maybe I’m overthinking",emergency,high,0.95,unknown,4,yes,0.77
3c9595c6-dbf4-431e-b59d-f0adc7e86b0a,"U: someone is trying to get in | A: What happened next? | U: something feels wrong, I tried to ignore it | A: I'm listening. | U: I'm getting scared",emergency,high,0.9,unknown,3,yes,0.85
23ee2823-0fc6-4f2d-8be3-a71507410140,"U: I’m not safe right now, it’s just weird | A: That sounds serious. Are you safe right now? | U: I think I'm in danger | A: Do you need immediate help? | U: I'm getting scared, it’s just weird | A: What happened next? | U: someone is trying to get in, I don’t know | U: something feels wrong, I’m not sure",emergency,high,1.0,family,5,yes,0.8
3585094c-21a6-40cb-b87d-32cd7669d202,"U: i feel like something bad is about to happen with my partner, i’m not sure | A: Can you explain a bit more? | U: i think i'm in danger with my partner, i don’t know | A: Do you need immediate help? | U: someone is trying to get in with my partner | A: What happened next? | U: I'm getting scared with my partner, maybe I’m overthinking",emergency,high,0.95,relationship,4,yes,0.86
ff125f3c-079b-42de-b751-1ea296cf543e,"U: I'm getting scared... | U: I feel like something bad is about to happen with my partner | A: Can you explain a bit more? | U: something feels wrong | A: Can you explain a bit more? | U: someone is trying to get in, I tried to ignore it | A: What happened next? | U: I think I'm in danger",emergency,high,1.0,relationship,5,yes,0.84
5a212446-fd7e-4f0d-b7e5-99c150f5ed55,"U: I'm getting scared with my partner, maybe I’m overthinking | A: I'm listening. | U: i hear something outside with my partner, maybe i’m overthinking | A: What happened next? | U: I think I'm in danger with my partner",emergency,high,0.9,relationship,3,yes,0.85
0902daab-364b-44cd-b085-851d1209c42e,"U: i think i'm in danger in public | U: i’m not safe right now | A: That sounds serious. Are you safe right now? | U: I'm getting scared, maybe I’m overthinking | A: What happened next? | U: I hear something outside in public | U: please help me | A: I'm concerned. Is someone with you? | U: I feel like something bad is about to happen, it’s just weird",emergency,high,1.0,public,6,yes,0.86
4f9f2969-ba2e-49d5-9ee9-11079a4b2f45,"U: something feels wrong outside | A: Can you explain a bit more? | U: I’m not safe right now | A: That sounds serious. Are you safe right now? | U: I'm getting scared outside, I don’t know | A: What happened next? | U: please help me outside | A: I'm concerned. Is someone with you? | U: I hear something outside outside, I tried to ignore it | A: What happened next? | U: I think I'm in danger...",emergency,high,1.0,public,6,yes,0.84
b6083492-3aaf-4d34-89e6-ae66c57cfd8c,"U: please help me, it’s just weird | U: I'm getting scared in the house, maybe I’m overthinking | A: What happened next? | U: I’m not safe right now, I don’t know",emergency,high,0.9,domestic,3,yes,0.8
0ecc20b8-1038-4898-897b-b47a2d48aa39,"U: something feels wrong, I’m not sure | A: Can you explain a bit more? | U: I'm getting scared with my family, I tried to ignore it | A: Can you explain a bit more? | U: someone is trying to get in",emergency,high,0.9,family,3,yes,0.84
36faa281-b074-4db8-b8e2-98659eff3826,"U: I think I'm in danger, it’s just weird | U: please help me with my family | U: i’m not safe right now with my family, it’s just weird",emergency,high,0.9,family,3,yes,0.84
8052a70a-ac6e-4c33-8af8-5b0dbe7713b1,"U: I'm getting scared | A: What happened next? | U: something feels wrong, I tried to ignore it | A: What happened next? | U: please help me with my partner | A: I'm concerned. Is someone with you? | U: I feel like something bad is about to happen with my partner, maybe I’m overthinking...",emergency,high,0.95,relationship,4,yes,0.8
584c035a-a0f1-4297-8638-524cf2b1651f,"U: please help me, it’s just weird | U: someone is trying to get in in public, I don’t know | A: Can you explain a bit more? | U: I hear something outside",emergency,high,0.9,public,3,yes,0.82
7d2f2549-220f-4b91-bc0c-9f2cd1d28671,"U: I feel like something bad is about to happen | U: something feels wrong | A: I'm listening. | U: please help me, i tried to ignore it | A: Do you need immediate help? | U: I hear something outside",emergency,high,0.95,domestic,4,yes,0.76
e1202c1f-9b77-4b37-89f0-3302fa3f185c,"U: please help me, I tried to ignore it... | A: Do you need immediate help? | U: I’m not safe right now | A: That sounds serious. Are you safe right now? | U: I feel like something bad is about to happen, maybe I’m overthinking | A: What happened next? | U: something feels wrong | A: What happened next? | U: I think I'm in danger",emergency,high,1.0,unknown,5,yes,0.82
9515d3f0-3804-461a-9012-5b5b1815f4d7,"U: I'm getting scared, I tried to ignore it | A: What happened next? | U: I hear something outside | A: I'm listening. | U: someone is trying to get in, I don’t know",emergency,high,0.9,unknown,3,yes,0.87
7ef52006-a27f-41c5-b2fd-30ec4970f89c,"U: someone is trying to get in, i don’t know... | A: Can you explain a bit more? | U: please help me | A: Do you need immediate help? | U: I feel like something bad is about to happen with my family | A: I'm listening. | U: something feels wrong with my family, maybe I’m overthinking | A: Can you explain a bit more? | U: I'm getting scared with my family... | U: I hear something outside with my family, I’m not sure",emergency,high,1.0,family,6,yes,0.85
04e5ea34-78cd-435c-9e04-f8f6ef5160f4,"U: I’m not safe right now, maybe I’m overthinking | A: That sounds serious. Are you safe right now? | U: something feels wrong... | A: Can you explain a bit more? | U: please help me, I’m not sure... | U: I'm getting scared, I’m not sure | A: Can you explain a bit more? | U: I hear something outside outside | A: What happened next? | U: I think I'm in danger, I don’t know",emergency,high,1.0,public,6,yes,0.78
63771c16-4d30-4f3d-83e4-3916682d1384,"U: i think i'm in danger | A: I'm concerned. Is someone with you? | U: please help me with my family, I tried to ignore it | U: I hear something outside with my family | U: something feels wrong | U: someone is trying to get in with my family",emergency,high,1.0,family,5,yes,0.91
28a86310-5ff1-467f-a3c9-e0956b85ea4e,"U: I'm getting scared with my partner... | A: Can you explain a bit more? | U: i hear something outside | A: Can you explain a bit more? | U: please help me, i don’t know | A: I'm concerned. Is someone with you? | U: I’m not safe right now, I’m not sure",emergency,high,0.95,relationship,4,yes,0.77
a96b277c-57a1-4eb9-b4e5-520ee494c017,"U: someone is trying to get in in the house, i tried to ignore it | A: Can you explain a bit more? | U: i think i'm in danger in the house | A: I'm concerned. Is someone with you? | U: something feels wrong, I’m not sure | A: Can you explain a bit more? | U: I feel like something bad is about to happen...",emergency,high,0.95,domestic,4,yes,0.85
e4f69d8e-2ac1-43b0-bb34-4bc88fa29ea8,"U: please help me with my partner | A: I'm concerned. Is someone with you? | U: I'm getting scared with my partner... | A: What happened next? | U: I’m not safe right now | A: I'm concerned. Is someone with you? | U: someone is trying to get in, I’m not sure | U: I hear something outside with my partner, maybe I’m overthinking",emergency,high,1.0,relationship,5,yes,0.93
e2199145-2726-4acc-916d-35a86f15fab1,"U: I feel like something bad is about to happen | U: something feels wrong, maybe I’m overthinking | A: Can you explain a bit more? | U: I think I'm in danger with my family, I’m not sure... | A: Do you need immediate help? | U: someone is trying to get in",emergency,high,0.95,family,4,yes,0.78
2dda147e-e296-43cf-8e52-68b19fde9a9e,"U: I’m not safe right now | A: I'm concerned. Is someone with you? | U: I'm getting scared in the house | U: something feels wrong, I don’t know... | U: i hear something outside | A: What happened next? | U: someone is trying to get in, maybe I’m overthinking | A: What happened next? | U: I think I'm in danger in the house, I’m not sure...",emergency,high,1.0,domestic,6,yes,0.9
4dc0283a-94e5-4763-ad86-782797542f76,"U: i feel like something bad is about to happen, maybe i’m overthinking | A: I'm listening. | U: I think I'm in danger | A: Do you need immediate help? | U: someone is trying to get in | U: i'm getting scared | A: I'm listening. | U: something feels wrong, I tried to ignore it | A: I'm listening. | U: please help me, I’m not sure",emergency,high,1.0,unknown,6,yes,0.94
fc96c51c-8c35-4abd-8a1a-94143fe9aff6,"U: I’m not safe right now at home, maybe I’m overthinking... | A: Do you need immediate help? | U: I feel like something bad is about to happen | A: Can you explain a bit more? | U: I'm getting scared | A: What happened next? | U: something feels wrong at home | U: someone is trying to get in at home, it’s just weird | A: Can you explain a bit more? | U: I hear something outside at home...",emergency,high,1.0,domestic,6,yes,0.91
dc498596-3d53-409f-866d-a154cf287e65,"U: someone is trying to get in, I tried to ignore it | U: something feels wrong with my partner | A: I'm listening. | U: I’m not safe right now | A: Do you need immediate help? | U: i'm getting scared | A: I'm listening. | U: I hear something outside",emergency,high,1.0,relationship,5,yes,0.75
74e5a3a2-ae1f-496f-a6ff-167243f33d70,"U: someone is trying to get in... | U: I'm getting scared | U: I feel like something bad is about to happen... | A: What happened next? | U: i’m not safe right now, it’s just weird",emergency,high,0.95,relationship,4,yes,0.88
b146b1e2-7dbe-4505-8a21-d8086c3bdc0d,"U: something feels wrong, I’m not sure | A: What happened next? | U: I'm getting scared | A: Can you explain a bit more? | U: please help me",emergency,high,0.9,unknown,3,yes,0.85
f70f5d37-e789-4cf0-b192-4f5cc1fa2aa2,"U: something feels wrong | U: I hear something outside, I don’t know... | U: I'm getting scared | U: I feel like something bad is about to happen, I don’t know | A: I'm listening. | U: someone is trying to get in | A: What happened next? | U: please help me, maybe I’m overthinking...",emergency,high,1.0,unknown,6,yes,0.84
00cce209-93e8-40a3-88cf-d0842f9abd77,"U: i think i'm in danger outside, it’s just weird | A: I'm concerned. Is someone with you? | U: i’m not safe right now | A: I'm concerned. Is someone with you? | U: someone is trying to get in outside",emergency,high,0.9,public,3,yes,0.84
b46b0e54-a39d-4830-8199-213031b4d7ae,"U: I hear something outside at home... | U: I feel like something bad is about to happen | A: What happened next? | U: I'm getting scared | A: What happened next? | U: something feels wrong, I don’t know | A: I'm listening. | U: someone is trying to get in",emergency,high,1.0,domestic,5,yes,0.85
62a70ac9-bb4d-47f7-8350-a0e421b879b7,"U: someone is trying to get in, I’m not sure | A: Can you explain a bit more? | U: please help me... | A: Do you need immediate help? | U: i hear something outside, it’s just weird | U: I feel like something bad is about to happen in the house | U: I’m not safe right now | A: Do you need immediate help? | U: I think I'm in danger",emergency,high,1.0,domestic,6,yes,0.83
20d6a25d-8e20-4d33-9879-d8670988468a,"U: I feel like something bad is about to happen, I tried to ignore it | A: I'm listening. | U: please help me | A: That sounds serious. Are you safe right now? | U: something feels wrong outside | A: Can you explain a bit more? | U: I'm getting scared, maybe I’m overthinking",emergency,high,0.95,public,4,yes,0.75
fc2732c6-0946-4ba7-82e4-df824f1ae244,"U: I'm getting scared, I don’t know | A: I'm listening. | U: I’m not safe right now | U: something feels wrong with my family",emergency,high,0.9,family,3,yes,0.79
67b22306-deef-477a-8c00-af6dd57d3585,"U: please help me, maybe I’m overthinking | A: I'm concerned. Is someone with you? | U: I'm getting scared... | U: I’m not safe right now, it’s just weird | A: That sounds serious. Are you safe right now? | U: something feels wrong with my family... | U: I think I'm in danger, I don’t know",emergency,high,1.0,family,5,yes,0.89
a0690854-3b2a-43c7-9c69-65d7b762bd53,"U: I’m not safe right now in the house... | A: I'm concerned. Is someone with you? | U: someone is trying to get in in the house | A: I'm listening. | U: I hear something outside | A: I'm listening. | U: please help me, I tried to ignore it | A: That sounds serious. Are you safe right now? | U: I think I'm in danger",emergency,high,1.0,domestic,5,yes,0.83
c89424b5-79f0-4283-873a-e65fb681ef7b,U: I hear something outside | A: I'm listening. | U: I’m not safe right now in public | U: something feels wrong | U: please help me in public | A: Do you need immediate help? | U: I'm getting scared,emergency,high,1.0,public,5,yes,0.93
4ad13769-eb3e-4199-9236-b62a940b83e8,"U: I'm getting scared, I don’t know | U: please help me, i tried to ignore it | A: I'm concerned. Is someone with you? | U: I’m not safe right now, I tried to ignore it | U: something feels wrong | A: What happened next? | U: I feel like something bad is about to happen | U: someone is trying to get in",emergency,high,1.0,unknown,6,yes,0.82
bfd39c61-8352-4930-ae78-bace450ebc3d,"U: someone is trying to get in | A: Can you explain a bit more? | U: I hear something outside | A: What happened next? | U: something feels wrong | A: Can you explain a bit more? | U: i’m not safe right now | U: please help me, i tried to ignore it...",emergency,high,1.0,unknown,5,yes,0.91
15641c94-bce2-4cc0-8557-67df84c85802,"U: I think I'm in danger | A: Do you need immediate help? | U: i'm getting scared, i’m not sure | U: someone is trying to get in, I don’t know",emergency,high,0.9,unknown,3,yes,0.78
af7aa3d1-523f-4762-ad70-581e651bdf8c,"U: please help me, I’m not sure | U: someone is trying to get in | U: I think I'm in danger | A: Do you need immediate help? | U: I’m not safe right now | A: That sounds serious. Are you safe right now? | U: I hear something outside",emergency,high,1.0,unknown,5,yes,0.81
cd14344f-dfe7-46f1-8ad5-cc5869d2c1b6,U: someone is trying to get in | A: I'm listening. | U: something feels wrong | U: please help me in the house,emergency,high,0.9,domestic,3,yes,0.76
962e47ab-b157-4727-bf53-7d59769fcda7,"U: please help me | U: I feel like something bad is about to happen | A: I'm listening. | U: something feels wrong, I don’t know | A: What happened next? | U: I hear something outside | A: Can you explain a bit more? | U: I think I'm in danger outside | U: I'm getting scared",emergency,high,1.0,public,6,yes,0.95
a568ad15-e1ff-4415-ba6b-bfaf7747f38f,"U: someone is trying to get in, it’s just weird | A: What happened next? | U: I'm getting scared with my partner... | U: i’m not safe right now",emergency,high,0.9,relationship,3,yes,0.85
a05e5cd3-4405-46fb-ba49-99f80b871a27,"U: I'm getting scared, it’s just weird | A: Can you explain a bit more? | U: please help me with my partner | A: I'm concerned. Is someone with you? | U: someone is trying to get in with my partner",emergency,high,0.9,relationship,3,yes,0.91
11263ac6-3b4d-42e6-acb4-44fbe47ef800,U: I’m not safe right now | A: Do you need immediate help? | U: someone is trying to get in... | A: Can you explain a bit more? | U: something feels wrong | U: please help me,emergency,high,0.95,unknown,4,yes,0.76
0380ebae-4a75-4e01-b5ee-36957b006ef2,"U: I’m not safe right now with my family | A: Do you need immediate help? | U: please help me with my family | U: I'm getting scared, I don’t know",emergency,high,0.9,family,3,yes,0.86
709e6d94-e760-4de8-81df-2886c88571af,U: I feel like something bad is about to happen in public | A: I'm listening. | U: someone is trying to get in in public... | U: please help me,emergency,high,0.9,public,3,yes,0.86
ae30902d-417a-49ab-aa06-4b496a2a4524,"U: I’m not safe right now | A: That sounds serious. Are you safe right now? | U: I hear something outside in public | A: Can you explain a bit more? | U: someone is trying to get in, it’s just weird",emergency,high,0.9,public,3,yes,0.9
17298e3e-96b0-4eef-9e8e-918a86dc8e39,"U: I’m not safe right now, maybe I’m overthinking | U: please help me | U: I feel like something bad is about to happen | A: What happened next? | U: something feels wrong with my partner | U: I think I'm in danger with my partner, I’m not sure | A: Do you need immediate help? | U: I'm getting scared...",emergency,high,1.0,relationship,6,yes,0.9
3955ae46-9d91-47c6-877a-0beeaf03fb29,"U: I feel like something bad is about to happen, maybe I’m overthinking | U: please help me in public | U: I hear something outside | A: Can you explain a bit more? | U: something feels wrong, i’m not sure... | A: I'm listening. | U: someone is trying to get in in public",emergency,high,1.0,public,5,yes,0.79
028d046a-4b05-4f2c-8206-eadc2c20788e,"U: please help me, maybe I’m overthinking | A: That sounds serious. Are you safe right now? | U: something feels wrong, I don’t know | U: I’m not safe right now | A: I'm concerned. Is someone with you? | U: someone is trying to get in, it’s just weird | A: Can you explain a bit more? | U: I feel like something bad is about to happen",emergency,high,1.0,unknown,5,yes,0.77
8506c666-32d6-4ef1-a158-191b42a145fc,"U: something feels wrong with my family, I don’t know | A: Can you explain a bit more? | U: please help me with my family | U: I’m not safe right now, I tried to ignore it | U: I'm getting scared, maybe I’m overthinking | U: I think I'm in danger with my family, I’m not sure | A: That sounds serious. Are you safe right now? | U: I feel like something bad is about to happen with my family, it’s just weird",emergency,high,1.0,family,6,yes,0.85
b99bd142-8e71-4deb-b175-5c1e090da8be,"U: please help me | A: I'm concerned. Is someone with you? | U: I hear something outside, I don’t know | U: I'm getting scared outside, I don’t know | U: something feels wrong outside, I’m not sure | A: What happened next? | U: I think I'm in danger, I’m not sure... | A: I'm concerned. Is someone with you? | U: i’m not safe right now outside, maybe i’m overthinking",emergency,high,1.0,public,6,yes,0.8
cafd2ac7-caf3-4064-af15-36ae75ab7e6f,"U: I hear something outside with my partner, maybe I’m overthinking | A: What happened next? | U: I’m not safe right now with my partner, maybe I’m overthinking | A: That sounds serious. Are you safe right now? | U: I feel like something bad is about to happen, it’s just weird | A: What happened next? | U: I'm getting scared | U: something feels wrong with my partner",emergency,high,1.0,relationship,5,yes,0.77
30b75b77-120a-4222-8b65-937beb682c4b,"U: something feels wrong, i’m not sure | A: What happened next? | U: I think I'm in danger, maybe I’m overthinking... | A: Do you need immediate help? | U: I’m not safe right now, it’s just weird... | A: Do you need immediate help? | U: i feel like something bad is about to happen, maybe i’m overthinking | U: I'm getting scared, I’m not sure | U: I hear something outside, I tried to ignore it",emergency,high,1.0,unknown,6,yes,0.87
b6cc2bf7-e372-4712-9c68-520aaaf2f36f,"U: I think I'm in danger outside | A: I'm concerned. Is someone with you? | U: I'm getting scared outside, I don’t know | U: I’m not safe right now | A: Do you need immediate help? | U: I hear something outside outside, maybe I’m overthinking | A: What happened next? | U: someone is trying to get in | U: I feel like something bad is about to happen outside, I tried to ignore it",emergency,high,1.0,public,6,yes,0.84
15233e17-56fb-4536-97dc-fe68bce8b37d,"U: I’m not safe right now with my family | A: That sounds serious. Are you safe right now? | U: I'm getting scared | A: Can you explain a bit more? | U: someone is trying to get in, it’s just weird | A: I'm listening. | U: I hear something outside with my family",emergency,high,0.95,family,4,yes,0.83
482a3c80-b3ed-4c5e-995c-8b0d56a4a2ab,"U: someone is trying to get in with my partner | A: Can you explain a bit more? | U: something feels wrong, it’s just weird | A: I'm listening. | U: I’m not safe right now, I’m not sure | A: I'm concerned. Is someone with you? | U: please help me, I don’t know | A: That sounds serious. Are you safe right now? | U: I think I'm in danger",emergency,high,1.0,relationship,5,yes,0.88
c177390c-14b2-4673-8786-03b5b155ec34,"U: I'm getting scared, I don’t know | U: I hear something outside, I tried to ignore it | A: Can you explain a bit more? | U: please help me",emergency,high,0.9,family,3,yes,0.89
1c517fe3-d982-43d4-8494-40ae13544a1b,"U: I'm getting scared | U: someone is trying to get in, I’m not sure | A: What happened next? | U: I’m not safe right now | U: something feels wrong | A: Can you explain a bit more? | U: please help me, I don’t know",emergency,high,1.0,unknown,5,yes,0.81
3bb0c1ff-9a81-4118-9793-8f2588200dc8,"U: I’m not safe right now, I don’t know | U: please help me, I’m not sure | U: I think I'm in danger, I tried to ignore it",emergency,high,0.9,public,3,yes,0.77
2b7d90e3-73cc-4f65-9f43-f7a3dc9fa8b5,"U: I’m not safe right now | U: something feels wrong outside, I tried to ignore it | A: What happened next? | U: I hear something outside... | A: Can you explain a bit more? | U: I'm getting scared | U: I think I'm in danger outside",emergency,high,1.0,public,5,yes,0.78
e90fd14f-a6e1-45ad-a7ca-d54b5c8375a6,U: I'm getting scared | U: i hear something outside | U: I’m not safe right now,emergency,high,0.9,public,3,yes,0.92
e9edc96a-42c3-4ca3-a457-94c6444c54ad,"U: something feels wrong | U: please help me, I’m not sure | A: Do you need immediate help? | U: i feel like something bad is about to happen | U: I’m not safe right now, maybe I’m overthinking | A: Do you need immediate help? | U: I'm getting scared | A: Can you explain a bit more? | U: i hear something outside",emergency,high,1.0,unknown,6,yes,0.79
c0c50c3b-c9ea-461e-b12f-513c0603dbe4,"U: I hear something outside with my family | A: What happened next? | U: someone is trying to get in with my family, it’s just weird | A: I'm listening. | U: something feels wrong, I don’t know... | A: I'm listening. | U: i'm getting scared | A: Can you explain a bit more? | U: I think I'm in danger with my family | A: I'm concerned. Is someone with you? | U: I’m not safe right now",emergency,high,1.0,family,6,yes,0.79
66f29a89-2d46-4f14-9a59-f913bf59bb11,U: i’m not safe right now | A: Do you need immediate help? | U: someone is trying to get in | A: What happened next? | U: please help me | A: I'm concerned. Is someone with you? | U: I hear something outside with my family,emergency,high,0.95,family,4,yes,0.84
468fa5fb-4684-4886-ba5c-59778025ab7b,"U: i hear something outside, i don’t know | A: What happened next? | U: I feel like something bad is about to happen, it’s just weird | U: I'm getting scared, I’m not sure | U: I’m not safe right now",emergency,high,0.95,unknown,4,yes,0.79
765125e6-f2bd-4fdc-aa1d-8cf4b30411eb,"U: something feels wrong | U: I’m not safe right now, I’m not sure | A: That sounds serious. Are you safe right now? | U: someone is trying to get in | A: Can you explain a bit more? | U: I think I'm in danger, I’m not sure | A: Do you need immediate help? | U: I hear something outside | A: Can you explain a bit more? | U: i feel like something bad is about to happen",emergency,high,1.0,unknown,6,yes,0.92
989f62ae-2731-4071-a6d9-c84c41975ec7,"U: someone is trying to get in | A: Can you explain a bit more? | U: I feel like something bad is about to happen with my family | A: Can you explain a bit more? | U: I hear something outside, I tried to ignore it | A: I'm listening. | U: please help me with my family",emergency,high,0.95,family,4,yes,0.82
61c47c14-75ba-4563-9b88-8d009b534f4b,"U: I feel like something bad is about to happen in public, I’m not sure | A: Can you explain a bit more? | U: something feels wrong... | A: What happened next? | U: someone is trying to get in, it’s just weird",emergency,high,0.9,public,3,yes,0.81
51a57692-d99b-424f-a132-0e89b6bda228,"U: I'm getting scared, it’s just weird... | U: i feel like something bad is about to happen | A: What happened next? | U: I think I'm in danger | A: That sounds serious. Are you safe right now? | U: please help me",emergency,high,0.95,unknown,4,yes,0.82
8a696a73-d5ea-4e16-bb43-573be8a916c9,"U: i’m not safe right now | A: I'm concerned. Is someone with you? | U: I feel like something bad is about to happen, I’m not sure | A: I'm listening. | U: I'm getting scared... | A: Can you explain a bit more? | U: someone is trying to get in, i tried to ignore it | A: What happened next? | U: something feels wrong",emergency,high,1.0,unknown,5,yes,0.9
d0c53e87-a151-4be2-ba57-7434b91331a3,"U: I think I'm in danger with my partner | A: That sounds serious. Are you safe right now? | U: someone is trying to get in with my partner, I don’t know | A: I'm listening. | U: I hear something outside | A: I'm listening. | U: i’m not safe right now | A: I'm concerned. Is someone with you? | U: I'm getting scared",emergency,high,1.0,relationship,5,yes,0.76
c1841253-3e17-47d3-959a-b744ca81336d,"U: I'm getting scared with my family | U: someone is trying to get in, I tried to ignore it... | A: Can you explain a bit more? | U: something feels wrong, it’s just weird | A: I'm listening. | U: I’m not safe right now with my family... | A: Do you need immediate help? | U: i think i'm in danger with my family | A: I'm concerned. Is someone with you? | U: I feel like something bad is about to happen",emergency,high,1.0,family,6,yes,0.86
99abf2a7-59c3-4481-b058-a6e3c91a2995,"U: I'm getting scared | U: I’m not safe right now in the house, I don’t know | A: I'm concerned. Is someone with you? | U: I hear something outside | U: I think I'm in danger | A: I'm concerned. Is someone with you? | U: someone is trying to get in | A: Can you explain a bit more? | U: something feels wrong",emergency,high,1.0,domestic,6,yes,0.82
1e00bd14-12ff-4775-ad80-fd2cee9ffdb7,U: someone is trying to get in in public | A: I'm listening. | U: I think I'm in danger | U: something feels wrong | A: I'm listening. | U: please help me,emergency,high,0.95,public,4,yes,0.78
74187cfa-8a9e-437e-a48c-c3de7438f136,"U: someone is trying to get in, I don’t know | A: What happened next? | U: I’m not safe right now | U: I think I'm in danger, it’s just weird | A: I'm concerned. Is someone with you? | U: I'm getting scared",emergency,high,0.95,unknown,4,yes,0.94
57f9710f-666d-44a1-96ad-50fa47003c95,"U: I’m not safe right now, I’m not sure | A: That sounds serious. Are you safe right now? | U: please help me at home... | U: I think I'm in danger | A: Do you need immediate help? | U: something feels wrong...",emergency,high,0.95,domestic,4,yes,0.76
261f8598-713a-4a07-9732-64203e149f04,"U: I hear something outside, I tried to ignore it | A: What happened next? | U: something feels wrong, it’s just weird | A: Can you explain a bit more? | U: I’m not safe right now | A: Do you need immediate help? | U: I'm getting scared",emergency,high,0.95,family,4,yes,0.95
5f427970-c242-42b9-bc0b-810287ad3bd6,"U: something feels wrong | A: What happened next? | U: someone is trying to get in at home | A: What happened next? | U: I feel like something bad is about to happen, I’m not sure | A: What happened next? | U: please help me, I’m not sure | A: Do you need immediate help? | U: I'm getting scared at home | A: What happened next? | U: I hear something outside",emergency,high,1.0,domestic,6,yes,0.81
5b802a98-c4c9-42a9-810a-61d3eae1d724,"U: please help me, maybe i’m overthinking... | A: I'm concerned. Is someone with you? | U: I feel like something bad is about to happen in public | U: someone is trying to get in in public, i’m not sure | A: What happened next? | U: I think I'm in danger in public | A: Do you need immediate help? | U: i'm getting scared in public, i tried to ignore it | A: I'm listening. | U: I hear something outside",emergency,high,1.0,public,6,yes,0.87
a2c8832a-e17b-46b3-90e0-03f8676cc8c5,"U: I think I'm in danger outside, I don’t know | A: Do you need immediate help? | U: please help me outside, i tried to ignore it | U: I'm getting scared, I don’t know | A: Can you explain a bit more? | U: i’m not safe right now | A: Do you need immediate help? | U: I feel like something bad is about to happen",emergency,high,1.0,public,5,yes,0.81
cdd00a5a-c020-4dcf-ab88-9e9c0f1aab95,"U: someone is trying to get in with my partner | A: I'm listening. | U: I’m not safe right now, it’s just weird | A: I'm concerned. Is someone with you? | U: i think i'm in danger with my partner | A: That sounds serious. Are you safe right now? | U: I feel like something bad is about to happen with my partner, I’m not sure | A: What happened next? | U: I'm getting scared, I don’t know | A: What happened next? | U: something feels wrong with my partner",emergency,high,1.0,relationship,6,yes,0.9
fe12a3d2-5a2b-49d0-bfe0-c745208b2631,"U: please help me, I don’t know | A: I'm concerned. Is someone with you? | U: i feel like something bad is about to happen, i’m not sure | A: What happened next? | U: something feels wrong",emergency,high,0.9,unknown,3,yes,0.82
1515f475-de76-4a6f-bd72-d19ffae1b452,"U: i’m not safe right now, i don’t know | A: That sounds serious. Are you safe right now? | U: please help me | U: something feels wrong in public, it’s just weird | A: Can you explain a bit more? | U: i think i'm in danger | A: That sounds serious. Are you safe right now? | U: someone is trying to get in in public",emergency,high,1.0,public,5,yes,0.85
1db94895-e5c2-4233-9012-d118a83216da,"U: I'm getting scared with my family | A: I'm listening. | U: someone is trying to get in | A: Can you explain a bit more? | U: something feels wrong with my family, I’m not sure | U: please help me with my family | A: Do you need immediate help? | U: I think I'm in danger with my family... | A: Do you need immediate help? | U: I feel like something bad is about to happen",emergency,high,1.0,family,6,yes,0.79
ae8f68fa-ba7c-4d90-94af-03b085201a30,U: I hear something outside | A: I'm listening. | U: I’m not safe right now | A: I'm concerned. Is someone with you? | U: i feel like something bad is about to happen with my partner,emergency,high,0.9,relationship,3,yes,0.89
c89b020f-78eb-472f-a809-d626933e09fc,"U: someone is trying to get in, maybe I’m overthinking | A: Can you explain a bit more? | U: I feel like something bad is about to happen outside | U: I think I'm in danger outside, I don’t know | A: I'm concerned. Is someone with you? | U: please help me outside | A: I'm concerned. Is someone with you? | U: I hear something outside outside, I’m not sure",emergency,high,1.0,public,5,yes,0.76
083c392a-11d1-4fe0-9849-47edad0c82f9,U: I feel like something bad is about to happen | A: Can you explain a bit more? | U: someone is trying to get in | A: I'm listening. | U: I’m not safe right now,emergency,high,0.9,relationship,3,yes,0.88
1ebf3b48-fed2-48f9-a2e2-6cdfdef02dc9,"U: I'm getting scared | A: Can you explain a bit more? | U: i think i'm in danger, i’m not sure | A: Do you need immediate help? | U: someone is trying to get in | U: I hear something outside in public",emergency,high,0.95,public,4,yes,0.8
6483df49-2941-478c-8f41-a3565e75ba7c,U: I'm getting scared | A: I'm listening. | U: I’m not safe right now | A: That sounds serious. Are you safe right now? | U: please help me at home,emergency,high,0.9,domestic,3,yes,0.9
c1a37374-11bc-418a-a658-5e637f7301ff,"U: I’m not safe right now in public, I’m not sure | U: I think I'm in danger, it’s just weird | A: I'm concerned. Is someone with you? | U: someone is trying to get in in public... | A: Can you explain a bit more? | U: please help me in public | A: Do you need immediate help? | U: I hear something outside, it’s just weird | A: Can you explain a bit more? | U: something feels wrong in public",emergency,high,1.0,public,6,yes,0.86
81dfc344-aa69-4ed6-b51b-d396dbed411e,"U: I feel like something bad is about to happen | A: Can you explain a bit more? | U: please help me... | U: something feels wrong, i’m not sure... | U: i hear something outside | A: I'm listening. | U: I think I'm in danger, I don’t know",emergency,high,1.0,relationship,5,yes,0.82
c4bf71d6-7a4a-48c5-92a5-ff45d98f192a,U: please help me with my family | A: That sounds serious. Are you safe right now? | U: I feel like something bad is about to happen | U: something feels wrong...,emergency,high,0.9,family,3,yes,0.9
d806a84d-f8e3-4dc4-a58c-8deff43756d0,"U: i think i'm in danger | A: Do you need immediate help? | U: I'm getting scared, maybe I’m overthinking | A: Can you explain a bit more? | U: please help me | A: I'm concerned. Is someone with you? | U: someone is trying to get in | A: Can you explain a bit more? | U: I’m not safe right now, I tried to ignore it | U: I feel like something bad is about to happen",emergency,high,1.0,unknown,6,yes,0.79
d6765f56-d416-41b3-9ea4-9227935a0fab,"U: someone is trying to get in | A: Can you explain a bit more? | U: I’m not safe right now with my family, maybe I’m overthinking | U: i think i'm in danger... | A: Do you need immediate help? | U: I hear something outside with my family, I tried to ignore it | A: I'm listening. | U: I'm getting scared, it’s just weird | A: I'm listening. | U: I feel like something bad is about to happen, I’m not sure",emergency,high,1.0,family,6,yes,0.77
f0ec62fd-1879-46a0-82eb-6f66076d13f0,"U: please help me outside | U: I feel like something bad is about to happen | A: I'm listening. | U: I’m not safe right now, I tried to ignore it | U: I think I'm in danger | U: I'm getting scared, I tried to ignore it... | A: What happened next? | U: something feels wrong outside, I don’t know",emergency,high,1.0,public,6,yes,0.84
a23c8dc9-96a3-43e0-922a-854abdc8951b,"U: I feel like something bad is about to happen, I tried to ignore it | A: What happened next? | U: something feels wrong | U: I’m not safe right now with my family | A: I'm concerned. Is someone with you? | U: i hear something outside | A: What happened next? | U: please help me",emergency,high,1.0,family,5,yes,0.9
f9f68730-78e9-4be5-8173-ad78603764e1,"U: I feel like something bad is about to happen | A: Can you explain a bit more? | U: someone is trying to get in at home | A: What happened next? | U: please help me, it’s just weird | A: Do you need immediate help? | U: I’m not safe right now at home | A: That sounds serious. Are you safe right now? | U: something feels wrong... | A: What happened next? | U: I hear something outside at home",emergency,high,1.0,domestic,6,yes,0.93
12c91f4f-fa1c-491a-b452-76bd8bb4cf90,"U: I feel like something bad is about to happen with my partner... | A: I'm listening. | U: I hear something outside with my partner, maybe I’m overthinking | A: Can you explain a bit more? | U: i'm getting scared | A: I'm listening. | U: I’m not safe right now with my partner | A: That sounds serious. Are you safe right now? | U: i think i'm in danger | A: Do you need immediate help? | U: please help me",emergency,high,1.0,relationship,6,yes,0.83
e8cd0298-c5b4-438c-a414-46f059f7682e,"U: please help me in the house, i don’t know | A: That sounds serious. Are you safe right now? | U: I think I'm in danger in the house | A: Do you need immediate help? | U: i hear something outside in the house | A: What happened next? | U: I feel like something bad is about to happen | U: I’m not safe right now... | U: someone is trying to get in",emergency,high,1.0,domestic,6,yes,0.88
7fa3eb3b-a5db-4055-bc9d-c42b00cfa5be,"U: I feel like something bad is about to happen | A: Can you explain a bit more? | U: I’m not safe right now, it’s just weird | U: I'm getting scared with my family, I tried to ignore it | A: I'm listening. | U: something feels wrong | A: Can you explain a bit more? | U: someone is trying to get in, maybe I’m overthinking | A: Can you explain a bit more? | U: i hear something outside with my family, i’m not sure",emergency,high,1.0,family,6,yes,0.81
cb0d36ae-7087-478c-ba17-36d32d54eb98,"U: I'm getting scared | A: What happened next? | U: someone is trying to get in | A: I'm listening. | U: I think I'm in danger outside, it’s just weird | A: I'm concerned. Is someone with you? | U: something feels wrong, i don’t know | A: I'm listening. | U: i feel like something bad is about to happen, i’m not sure | A: What happened next? | U: please help me outside, i don’t know",emergency,high,1.0,public,6,yes,0.84
6b2e5117-6281-44df-ad1a-e18232b28f1e,"U: please help me, it’s just weird | A: That sounds serious. Are you safe right now? | U: I think I'm in danger | A: I'm concerned. Is someone with you? | U: I feel like something bad is about to happen | A: I'm listening. | U: something feels wrong | A: What happened next? | U: I'm getting scared",emergency,high,1.0,unknown,5,yes,0.94
a04913f6-8423-4038-8465-0754b9199e05,"U: I hear something outside, I don’t know | A: What happened next? | U: something feels wrong outside, maybe I’m overthinking | U: I think I'm in danger outside, it’s just weird | A: I'm concerned. Is someone with you? | U: i’m not safe right now",emergency,high,0.95,public,4,yes,0.93
42d0582f-1b05-45c1-8aa1-a01d2d0723dc,"U: something feels wrong, it’s just weird | U: i’m not safe right now | A: That sounds serious. Are you safe right now? | U: I think I'm in danger, maybe I’m overthinking | A: Do you need immediate help? | U: i'm getting scared | U: please help me",emergency,high,1.0,unknown,5,yes,0.89
e9fd362c-b7df-4728-9067-b5428f4bffec,"U: someone is trying to get in | A: I'm listening. | U: I feel like something bad is about to happen | A: What happened next? | U: something feels wrong | U: I’m not safe right now, maybe I’m overthinking | A: Do you need immediate help? | U: please help me",emergency,high,1.0,unknown,5,yes,0.81
b9525786-c5c5-48b6-915d-658b640b96fc,"U: I feel like something bad is about to happen with my family, I don’t know | A: What happened next? | U: i'm getting scared, maybe i’m overthinking | A: I'm listening. | U: something feels wrong, it’s just weird | U: I’m not safe right now | A: I'm concerned. Is someone with you? | U: I hear something outside, I’m not sure | A: I'm listening. | U: please help me with my family, I’m not sure",emergency,high,1.0,family,6,yes,0.84
012154de-ea4d-4415-b252-998ffc095005,"U: i feel like something bad is about to happen... | A: I'm listening. | U: please help me outside | A: That sounds serious. Are you safe right now? | U: I’m not safe right now outside | A: That sounds serious. Are you safe right now? | U: i'm getting scared outside, i tried to ignore it | U: something feels wrong outside",emergency,high,1.0,public,5,yes,0.94
ea1887c2-50a8-4b84-b558-210b4653590f,"U: I feel like something bad is about to happen, it’s just weird | A: What happened next? | U: someone is trying to get in with my partner | A: I'm listening. | U: something feels wrong | U: I’m not safe right now with my partner...",emergency,high,0.95,relationship,4,yes,0.88
7b564426-64cf-41de-a1fe-0e08499d8196,"U: something feels wrong... | A: I'm listening. | U: I'm getting scared in public, I don’t know | A: Can you explain a bit more? | U: I hear something outside in public",emergency,high,0.9,public,3,yes,0.87
92732121-ac06-404a-afd9-fec36e94f258,"U: I’m not safe right now | A: Do you need immediate help? | U: someone is trying to get in, I tried to ignore it... | U: I think I'm in danger, it’s just weird | A: I'm concerned. Is someone with you? | U: I feel like something bad is about to happen | A: What happened next? | U: i'm getting scared...",emergency,high,1.0,unknown,5,yes,0.84
e962f77a-12f3-4bd6-a1c5-3e9b5af1f3e9,"U: I feel like something bad is about to happen | U: i hear something outside at home, maybe i’m overthinking | U: something feels wrong, I’m not sure | U: please help me at home | A: I'm concerned. Is someone with you? | U: someone is trying to get in, I don’t know...",emergency,high,1.0,domestic,5,yes,0.93
aa9d5837-6c71-4a95-9d5c-ef5ebc9cc426,"U: something feels wrong, I don’t know | A: I'm listening. | U: i feel like something bad is about to happen with my family | U: I hear something outside with my family | U: I'm getting scared with my family, maybe I’m overthinking",emergency,high,0.95,family,4,yes,0.85
a8bf2603-31d5-4296-81ff-c11bc6d60b0f,"U: someone is trying to get in outside, I’m not sure | A: Can you explain a bit more? | U: something feels wrong outside | A: I'm listening. | U: please help me outside... | U: I feel like something bad is about to happen, it’s just weird | A: What happened next? | U: I'm getting scared outside",emergency,high,1.0,public,5,yes,0.77
08ef9ae3-cb84-41f6-84e3-6339a7684de7,"U: I feel like something bad is about to happen, it’s just weird | A: I'm listening. | U: I'm getting scared at home | A: What happened next? | U: someone is trying to get in at home | A: I'm listening. | U: I’m not safe right now | A: I'm concerned. Is someone with you? | U: I hear something outside at home... | A: Can you explain a bit more? | U: something feels wrong, it’s just weird",emergency,high,1.0,domestic,6,yes,0.84
5648b8b7-b37c-4f3b-a4ea-e5a721ad623f,"U: I feel like something bad is about to happen, I don’t know | A: I'm listening. | U: someone is trying to get in | A: I'm listening. | U: I'm getting scared, I tried to ignore it... | U: I’m not safe right now | U: I think I'm in danger",emergency,high,1.0,unknown,5,yes,0.76
10d794a5-7c02-41fe-bf12-561791883a18,"U: someone is trying to get in, maybe I’m overthinking | A: Can you explain a bit more? | U: I’m not safe right now with my partner, I tried to ignore it | U: I'm getting scared with my partner | U: I feel like something bad is about to happen | A: I'm listening. | U: please help me with my partner",emergency,high,1.0,relationship,5,yes,0.84
7c2fa166-67a6-4889-bf24-995f9625d4ac,"U: I think I'm in danger | U: I feel like something bad is about to happen | U: something feels wrong | A: I'm listening. | U: i’m not safe right now | U: please help me, it’s just weird",emergency,high,1.0,unknown,5,yes,0.81
701357e7-9eb6-43f7-8264-5fc096c7b239,"U: I hear something outside, I’m not sure | U: I’m not safe right now, I’m not sure | U: I think I'm in danger",emergency,high,0.9,domestic,3,yes,0.9
241e50af-feed-45a7-8eb9-f06a98e09d61,"U: something feels wrong, I’m not sure | A: What happened next? | U: someone is trying to get in | U: i’m not safe right now | A: Do you need immediate help? | U: I feel like something bad is about to happen, I’m not sure",emergency,high,0.95,unknown,4,yes,0.92
787d56b1-5929-4312-b424-2d0932c580d8,"U: someone is trying to get in | A: I'm listening. | U: I'm getting scared with my family, I’m not sure | U: something feels wrong, I’m not sure",emergency,high,0.9,family,3,yes,0.9
de6e9f2a-bd14-4377-b91b-da16fc85384e,"U: please help me at home | U: something feels wrong at home | A: I'm listening. | U: I'm getting scared at home | A: What happened next? | U: i think i'm in danger | A: I'm concerned. Is someone with you? | U: i hear something outside, i tried to ignore it | U: someone is trying to get in",emergency,high,1.0,domestic,6,yes,0.9
cf5d4b3f-4451-416a-8fc8-9ba122bad0fa,U: I'm getting scared | A: Can you explain a bit more? | U: i feel like something bad is about to happen... | A: What happened next? | U: someone is trying to get in,emergency,high,0.9,unknown,3,yes,0.93
0954af4d-05b3-415d-ae51-c97d20be5376,"U: something feels wrong, it’s just weird | A: What happened next? | U: I’m not safe right now, I don’t know | A: I'm concerned. Is someone with you? | U: I think I'm in danger with my partner, I don’t know",emergency,high,0.9,relationship,3,yes,0.82
74acfac5-83de-45ff-a264-d17285497fcc,"U: someone is trying to get in | A: What happened next? | U: please help me with my family | A: That sounds serious. Are you safe right now? | U: something feels wrong, it’s just weird... | A: I'm listening. | U: i'm getting scared | U: I think I'm in danger with my family",emergency,high,1.0,family,5,yes,0.81
bc8462fe-9d6a-4375-8bb2-d2d1574d0a22,"U: someone is trying to get in... | A: I'm listening. | U: please help me with my partner | U: I think I'm in danger, I’m not sure... | U: I feel like something bad is about to happen with my partner",emergency,high,0.95,relationship,4,yes,0.9
4f2fd2a2-e248-4d8d-8ac8-7cb7d2149dba,"U: I'm getting scared, I tried to ignore it | A: I'm listening. | U: I think I'm in danger | U: I hear something outside, I’m not sure | A: Can you explain a bit more? | U: something feels wrong, I’m not sure | U: I feel like something bad is about to happen, I don’t know",emergency,high,1.0,family,5,yes,0.9
64cba79f-2ee6-4416-aab9-3455a656e0b7,U: something feels wrong | A: I'm listening. | U: I'm getting scared | A: What happened next? | U: someone is trying to get in | A: Can you explain a bit more? | U: I feel like something bad is about to happen at home,emergency,high,0.95,domestic,4,yes,0.82
7cc966d9-1d2c-4699-a23b-190f797d87ea,"U: please help me | A: Do you need immediate help? | U: something feels wrong, maybe I’m overthinking | A: What happened next? | U: I'm getting scared... | A: I'm listening. | U: I think I'm in danger, I don’t know | A: That sounds serious. Are you safe right now? | U: I hear something outside",emergency,high,1.0,unknown,5,yes,0.84
6084dde2-b97e-47a8-8ad7-ce02a3ab3780,"U: I think I'm in danger with my partner | A: Do you need immediate help? | U: please help me, I tried to ignore it... | U: I hear something outside",emergency,high,0.9,relationship,3,yes,0.87
b218b009-ee4f-4695-9c37-6ef489012d41,"U: I’m not safe right now with my family, I’m not sure | A: Do you need immediate help? | U: something feels wrong, maybe I’m overthinking | U: someone is trying to get in | U: I hear something outside with my family, I’m not sure | A: I'm listening. | U: please help me | A: I'm concerned. Is someone with you? | U: I think I'm in danger",emergency,high,1.0,family,6,yes,0.89
979bfe7e-ae1a-47b6-86d7-d6440b5084f3,"U: something feels wrong, it’s just weird... | A: I'm listening. | U: i’m not safe right now | A: I'm concerned. Is someone with you? | U: I'm getting scared | A: Can you explain a bit more? | U: I feel like something bad is about to happen",emergency,high,0.95,relationship,4,yes,0.84
6de42578-441a-4bf9-b4fb-bafb25b9e9c6,"U: someone is trying to get in, it’s just weird | A: What happened next? | U: I feel like something bad is about to happen with my partner | A: I'm listening. | U: I hear something outside | U: something feels wrong",emergency,high,0.95,relationship,4,yes,0.92
0db9ce09-311d-49a2-b4f3-9dca601b99d0,"U: i’m not safe right now at home | U: please help me at home, I’m not sure | A: I'm concerned. Is someone with you? | U: someone is trying to get in",emergency,high,0.9,domestic,3,yes,0.81
cd7a6a30-01c8-4faf-b5a8-5f3dbbd96a14,"U: I hear something outside, I’m not sure | A: Can you explain a bit more? | U: something feels wrong, I’m not sure | A: I'm listening. | U: I'm getting scared | U: I think I'm in danger, I tried to ignore it | U: someone is trying to get in with my partner, i don’t know",emergency,high,1.0,relationship,5,yes,0.86
8512fa36-2cf6-45f0-b027-fbcd0ca07735,"U: I’m not safe right now | U: I feel like something bad is about to happen with my partner | U: I hear something outside with my partner | U: please help me with my partner... | A: Do you need immediate help? | U: someone is trying to get in with my partner, I don’t know",emergency,high,1.0,relationship,5,yes,0.76
7916b210-231e-4c86-b373-19dc5c427e6b,U: someone is trying to get in | A: What happened next? | U: something feels wrong... | A: What happened next? | U: I think I'm in danger with my partner,emergency,high,0.9,relationship,3,yes,0.77
58dd5867-59d0-4606-b66c-5958155e67ef,"U: i'm getting scared, i’m not sure... | U: I’m not safe right now, I tried to ignore it | A: Do you need immediate help? | U: someone is trying to get in | A: I'm listening. | U: please help me | A: Do you need immediate help? | U: I feel like something bad is about to happen, I don’t know | A: I'm listening. | U: I hear something outside outside",emergency,high,1.0,public,6,yes,0.8
0d69a157-7d69-469e-8a03-00024fa7180a,"U: I'm getting scared with my partner | A: Can you explain a bit more? | U: I think I'm in danger with my partner, I don’t know | A: Do you need immediate help? | U: I’m not safe right now with my partner, I don’t know... | A: That sounds serious. Are you safe right now? | U: something feels wrong | U: someone is trying to get in | A: I'm listening. | U: i hear something outside",emergency,high,1.0,relationship,6,yes,0.79
37802eae-d431-4c9c-b839-10f4d085932a,"U: I feel like something bad is about to happen... | A: I'm listening. | U: I’m not safe right now with my family | A: That sounds serious. Are you safe right now? | U: I'm getting scared with my family | U: please help me, I’m not sure",emergency,high,0.95,family,4,yes,0.91
93d3dbd0-e377-44d1-9131-1d750f75ab88,U: I’m not safe right now | A: I'm concerned. Is someone with you? | U: please help me with my family | A: Do you need immediate help? | U: i'm getting scared with my family,emergency,high,0.9,family,3,yes,0.79
2ecd9547-f043-4422-8f7b-f378aaf6d98a,"U: i think i'm in danger, maybe i’m overthinking | A: That sounds serious. Are you safe right now? | U: I'm getting scared with my partner | A: Can you explain a bit more? | U: someone is trying to get in with my partner | A: Can you explain a bit more? | U: I hear something outside with my partner | A: What happened next? | U: I’m not safe right now",emergency,high,1.0,relationship,5,yes,0.82
280dbfe5-2e42-49b5-ae8f-3a15d8a65e08,"U: I hear something outside, I’m not sure... | U: I feel like something bad is about to happen | U: someone is trying to get in | A: I'm listening. | U: something feels wrong with my family... | A: Can you explain a bit more? | U: I think I'm in danger...",emergency,high,1.0,family,5,yes,0.79
8fa6d1c7-9767-4eec-952e-1d1740b78bf6,"U: I’m not safe right now | A: Do you need immediate help? | U: please help me with my partner | A: That sounds serious. Are you safe right now? | U: I think I'm in danger with my partner, I don’t know",emergency,high,0.9,relationship,3,yes,0.81
d47abaa3-d8d3-4643-b423-f14d0d63a747,"U: I'm getting scared in public | A: What happened next? | U: I feel like something bad is about to happen in public | A: What happened next? | U: I hear something outside in public, I’m not sure...",emergency,high,0.9,public,3,yes,0.81
831b47dd-ac9c-4fe7-9d97-c39caeaab8ba,"U: I hear something outside with my partner, maybe I’m overthinking | A: What happened next? | U: I think I'm in danger | A: That sounds serious. Are you safe right now? | U: please help me with my partner",emergency,high,0.9,relationship,3,yes,0.83
9d335962-18a1-482a-aa0e-847dc45def8e,"U: I hear something outside outside | A: What happened next? | U: I’m not safe right now | A: I'm concerned. Is someone with you? | U: something feels wrong outside, it’s just weird",emergency,high,0.9,public,3,yes,0.82
aad92c9d-0605-4c59-80f8-0c57128ed65b,"U: I feel like something bad is about to happen with my partner, I don’t know | U: someone is trying to get in with my partner | U: I hear something outside | A: What happened next? | U: i'm getting scared",emergency,high,0.95,relationship,4,yes,0.87
4805b11a-8143-4e5e-92f5-8b522ae461a2,"U: I'm getting scared, I tried to ignore it | A: What happened next? | U: I hear something outside, I don’t know | A: What happened next? | U: I’m not safe right now",emergency,high,0.9,family,3,yes,0.86
3bf58a46-6bf3-43bf-9f0c-8eb3f15fea09,"U: i think i'm in danger in public, it’s just weird | U: something feels wrong | A: What happened next? | U: I hear something outside in public",emergency,high,0.9,public,3,yes,0.8
c4735a1f-7b05-4874-a135-6a8ec71bc757,"U: someone is trying to get in | A: I'm listening. | U: please help me outside, I tried to ignore it | U: I’m not safe right now | U: I feel like something bad is about to happen | A: I'm listening. | U: I think I'm in danger outside, it’s just weird | A: That sounds serious. Are you safe right now? | U: something feels wrong outside",emergency,high,1.0,public,6,yes,0.81
b4b8e168-29bb-4ef2-8ead-4550aa686d28,"U: something feels wrong, i’m not sure... | U: I feel like something bad is about to happen, maybe I’m overthinking | U: someone is trying to get in, I’m not sure | A: I'm listening. | U: I’m not safe right now | A: That sounds serious. Are you safe right now? | U: I hear something outside",emergency,high,1.0,relationship,5,yes,0.88
1d7a85b2-96cc-43d2-b7ac-a6c39277c537,"U: I feel like something bad is about to happen with my partner | A: What happened next? | U: please help me, I tried to ignore it... | U: something feels wrong with my partner | U: someone is trying to get in",emergency,high,0.95,relationship,4,yes,0.94
498b81f8-2092-4a04-a6dc-dc2934d039b5,"U: i feel like something bad is about to happen, i’m not sure | U: something feels wrong, I tried to ignore it | A: Can you explain a bit more? | U: someone is trying to get in with my partner, maybe I’m overthinking | A: Can you explain a bit more? | U: i’m not safe right now with my partner, i’m not sure | U: I'm getting scared | A: What happened next? | U: please help me with my partner",emergency,high,1.0,relationship,6,yes,0.93
3c137192-1e90-407f-ae61-5f97c4233124,"U: someone is trying to get in | U: i hear something outside, i tried to ignore it | U: i feel like something bad is about to happen, i don’t know | A: Can you explain a bit more? | U: something feels wrong, I tried to ignore it... | A: Can you explain a bit more? | U: I'm getting scared",emergency,high,1.0,unknown,5,yes,0.94
0259f4e3-0c12-481a-8ef0-930288c9f488,"U: I'm getting scared with my partner, I’m not sure | A: Can you explain a bit more? | U: please help me | A: I'm concerned. Is someone with you? | U: I feel like something bad is about to happen with my partner",emergency,high,0.9,relationship,3,yes,0.78
613dfd9b-03d6-41a6-bb2a-f387b013485e,"U: I feel like something bad is about to happen, I tried to ignore it | A: I'm listening. | U: something feels wrong with my partner... | A: I'm listening. | U: I think I'm in danger with my partner | A: I'm concerned. Is someone with you? | U: please help me with my partner, maybe i’m overthinking | A: Do you need immediate help? | U: I’m not safe right now, I tried to ignore it | A: Do you need immediate help? | U: someone is trying to get in, I tried to ignore it",emergency,high,1.0,relationship,6,yes,0.92
298ba03b-5cb1-4dc6-a362-638f7e2369ce,"U: please help me | U: I hear something outside outside | A: I'm listening. | U: something feels wrong, i don’t know | A: I'm listening. | U: I feel like something bad is about to happen | A: I'm listening. | U: someone is trying to get in outside, I don’t know | A: What happened next? | U: I'm getting scared outside, I don’t know",emergency,high,1.0,public,6,yes,0.87
c1fcb88e-4305-4e6b-9b95-8f78f80b39a5,"U: I think I'm in danger with my family, I’m not sure | A: Do you need immediate help? | U: something feels wrong, it’s just weird... | U: please help me, I don’t know... | A: I'm concerned. Is someone with you? | U: I'm getting scared, I’m not sure... | A: I'm listening. | U: I feel like something bad is about to happen with my family, it’s just weird",emergency,high,1.0,family,5,yes,0.8
74dd4cd7-5382-413d-a18d-7c4517fb6b3f,"U: something feels wrong | U: I'm getting scared | A: What happened next? | U: I’m not safe right now, it’s just weird | U: please help me | A: I'm concerned. Is someone with you? | U: I feel like something bad is about to happen",emergency,high,1.0,unknown,5,yes,0.75
2ba0ceab-300b-43dc-8b21-6c003781f9c1,"U: I hear something outside... | A: What happened next? | U: I think I'm in danger, I’m not sure | A: Do you need immediate help? | U: I feel like something bad is about to happen, I tried to ignore it",emergency,high,0.9,public,3,yes,0.77
68c313dd-0d88-42a9-812c-ebc7d1fd6507,"U: someone is trying to get in, maybe I’m overthinking | A: I'm listening. | U: please help me in the house, I’m not sure | A: I'm concerned. Is someone with you? | U: I’m not safe right now in the house, I’m not sure | A: Do you need immediate help? | U: something feels wrong in the house | A: What happened next? | U: I feel like something bad is about to happen",emergency,high,1.0,domestic,5,yes,0.78
d6a892a7-409c-4119-b0cf-b6bc0deb9d8d,"U: I’m not safe right now outside, I’m not sure... | U: I feel like something bad is about to happen, maybe I’m overthinking | A: I'm listening. | U: I'm getting scared outside | U: I think I'm in danger, maybe I’m overthinking | A: Do you need immediate help? | U: something feels wrong, it’s just weird",emergency,high,1.0,public,5,yes,0.77
6cfdc6b4-8200-482f-8a19-f0cf328a9be4,"U: i hear something outside in public, it’s just weird | A: I'm listening. | U: I feel like something bad is about to happen in public, I don’t know | U: I'm getting scared, I tried to ignore it | U: someone is trying to get in, i tried to ignore it | A: Can you explain a bit more? | U: I’m not safe right now",emergency,high,1.0,public,5,yes,0.89
5332e49e-2dc3-4338-986b-ff7add1e2100,"U: I feel like something bad is about to happen | A: Can you explain a bit more? | U: I'm getting scared at home | A: I'm listening. | U: I hear something outside... | A: Can you explain a bit more? | U: please help me, i don’t know | A: I'm concerned. Is someone with you? | U: something feels wrong at home... | U: I think I'm in danger",emergency,high,1.0,domestic,6,yes,0.88
4571e171-109c-4f2a-851e-469f082963bc,"U: someone is trying to get in... | A: Can you explain a bit more? | U: I'm getting scared at home | U: something feels wrong, I don’t know...",emergency,high,0.9,domestic,3,yes,0.83
b9c49b7c-a95c-4a2f-9139-719ee3d2c962,"U: I'm getting scared with my family, it’s just weird | U: i’m not safe right now | U: please help me, I don’t know | U: something feels wrong with my family, maybe I’m overthinking | U: I feel like something bad is about to happen",emergency,high,1.0,family,5,yes,0.9
9dfb5fc7-7388-4ca4-aebc-d4789a47a284,"U: i hear something outside | U: someone is trying to get in in the house | A: I'm listening. | U: i think i'm in danger | U: I’m not safe right now in the house, I don’t know | A: I'm concerned. Is someone with you? | U: I'm getting scared in the house | A: I'm listening. | U: please help me in the house, I’m not sure...",emergency,high,1.0,domestic,6,yes,0.91
61f60143-584e-4d5f-91c7-7ab2d723a957,U: I’m not safe right now | A: Do you need immediate help? | U: please help me | U: I think I'm in danger,emergency,high,0.9,unknown,3,yes,0.93
9392141c-7712-42ba-9917-b0010210f1e0,"U: I feel like something bad is about to happen, I don’t know | A: I'm listening. | U: something feels wrong... | A: Can you explain a bit more? | U: i'm getting scared, i tried to ignore it | A: I'm listening. | U: someone is trying to get in",emergency,high,0.95,unknown,4,yes,0.88
fe4a723e-6823-401e-a348-15f56809e537,"U: I'm getting scared | A: Can you explain a bit more? | U: I hear something outside... | U: I feel like something bad is about to happen with my family, I don’t know | A: What happened next? | U: someone is trying to get in, maybe I’m overthinking",emergency,high,0.95,family,4,yes,0.88
c805ca3d-fe91-48c6-b384-56303dc29846,"U: someone is trying to get in in public, I don’t know... | A: I'm listening. | U: i’m not safe right now in public | A: That sounds serious. Are you safe right now? | U: please help me... | A: Do you need immediate help? | U: I hear something outside",emergency,high,0.95,public,4,yes,0.94
ff54ec65-3f16-445b-a5bb-6b1517a985ba,U: I'm getting scared in public | A: Can you explain a bit more? | U: someone is trying to get in in public | A: What happened next? | U: please help me | A: That sounds serious. Are you safe right now? | U: I think I'm in danger | A: Do you need immediate help? | U: I feel like something bad is about to happen,emergency,high,1.0,public,5,yes,0.93
0f5ccce1-4a7f-4505-b6e5-9f95cb941221,"U: I'm getting scared, I’m not sure... | A: What happened next? | U: i think i'm in danger | A: I'm concerned. Is someone with you? | U: I feel like something bad is about to happen with my partner",emergency,high,0.9,relationship,3,yes,0.91
48bfb4d6-1192-4b44-9b35-358d336e8cf2,"U: I think I'm in danger outside, it’s just weird | A: I'm concerned. Is someone with you? | U: please help me, it’s just weird | U: I'm getting scared, I’m not sure | U: something feels wrong, it’s just weird | U: I feel like something bad is about to happen | U: someone is trying to get in outside, I don’t know",emergency,high,1.0,public,6,yes,0.79
a7d954cb-b7c2-4d39-806e-dd293786bddf,"U: something feels wrong | A: I'm listening. | U: I hear something outside, it’s just weird | A: Can you explain a bit more? | U: please help me | A: Do you need immediate help? | U: I feel like something bad is about to happen",emergency,high,0.95,public,4,yes,0.86
ced1ac8d-ba54-4fc7-8568-a947a8e1c64e,"U: someone is trying to get in outside... | U: i'm getting scared... | A: What happened next? | U: I’m not safe right now, I tried to ignore it",emergency,high,0.9,public,3,yes,0.94
cc2a889b-d7a6-44a0-bc02-5c14fe2d805c,"U: i think i'm in danger, i tried to ignore it | A: I'm concerned. Is someone with you? | U: I'm getting scared | A: Can you explain a bit more? | U: someone is trying to get in with my partner, I tried to ignore it | A: I'm listening. | U: I feel like something bad is about to happen with my partner, maybe I’m overthinking",emergency,high,0.95,relationship,4,yes,0.94
1a96b3b6-dd04-4ff7-ac7e-9cc78f45cda4,"U: please help me | A: That sounds serious. Are you safe right now? | U: I'm getting scared | A: Can you explain a bit more? | U: I feel like something bad is about to happen | A: What happened next? | U: something feels wrong, maybe I’m overthinking... | A: Can you explain a bit more? | U: someone is trying to get in | A: What happened next? | U: I think I'm in danger",emergency,high,1.0,unknown,6,yes,0.95
83f235bd-750a-41f3-9bb6-baa39c8eed8f,"U: I'm getting scared, maybe I’m overthinking | A: What happened next? | U: please help me in public, I tried to ignore it | A: I'm concerned. Is someone with you? | U: I’m not safe right now | U: I hear something outside | U: someone is trying to get in in public... | U: I think I'm in danger in public, I tried to ignore it",emergency,high,1.0,public,6,yes,0.94
421c5373-630a-4cc0-b508-85e5a73ab8f5,"U: i think i'm in danger in public | U: I hear something outside, maybe I’m overthinking | A: I'm listening. | U: i’m not safe right now... | A: That sounds serious. Are you safe right now? | U: someone is trying to get in in public | A: I'm listening. | U: please help me in public, I don’t know",emergency,high,1.0,public,5,yes,0.81
d490b382-40d9-446a-bef0-ec5e0412b0e0,"U: I’m not safe right now with my partner... | U: I'm getting scared | U: I think I'm in danger | A: Do you need immediate help? | U: I hear something outside with my partner, I don’t know",emergency,high,0.95,relationship,4,yes,0.89
8ca92099-02f3-447a-ac35-612233138200,"U: please help me in public, I don’t know | U: i'm getting scared, maybe i’m overthinking | A: Can you explain a bit more? | U: i’m not safe right now in public | A: Do you need immediate help? | U: I think I'm in danger | A: I'm concerned. Is someone with you? | U: someone is trying to get in in public, i’m not sure | A: I'm listening. | U: I hear something outside",emergency,high,1.0,public,6,yes,0.78
00cc9efb-0535-47c5-b064-1fa55bec50c8,"U: please help me | A: Do you need immediate help? | U: I’m not safe right now, I don’t know | A: Do you need immediate help? | U: I hear something outside with my partner... | U: I think I'm in danger with my partner... | A: That sounds serious. Are you safe right now? | U: something feels wrong with my partner, it’s just weird",emergency,high,1.0,relationship,5,yes,0.78
dc11ad08-43be-4768-91d4-ebf086fd37a3,"U: I think I'm in danger with my family, I don’t know | U: i feel like something bad is about to happen | A: I'm listening. | U: i'm getting scared",emergency,high,0.9,family,3,yes,0.81
4c59e540-37cd-4611-8ec8-7015a849c5f6,U: please help me | A: Do you need immediate help? | U: I think I'm in danger | A: That sounds serious. Are you safe right now? | U: something feels wrong,emergency,high,0.9,public,3,yes,0.77
32745a96-adec-4a4f-87e8-19e7960ea4d8,"U: something feels wrong with my family... | A: Can you explain a bit more? | U: I'm getting scared with my family, I tried to ignore it | A: I'm listening. | U: someone is trying to get in | U: please help me, maybe I’m overthinking | A: I'm concerned. Is someone with you? | U: i’m not safe right now with my family... | A: That sounds serious. Are you safe right now? | U: I think I'm in danger with my family, it’s just weird",emergency,high,1.0,family,6,yes,0.86
2f9385fd-3c88-45bb-a373-692c02030ccb,"U: something feels wrong | U: someone is trying to get in | A: Can you explain a bit more? | U: I hear something outside at home | A: Can you explain a bit more? | U: I feel like something bad is about to happen at home, I don’t know",emergency,high,0.95,domestic,4,yes,0.88
faf5d57e-177e-42f1-8712-4c39b3c0a1a3,"U: i’m not safe right now | U: someone is trying to get in | U: I think I'm in danger... | A: Do you need immediate help? | U: I'm getting scared, I’m not sure... | A: I'm listening. | U: something feels wrong with my partner, maybe I’m overthinking | A: What happened next? | U: please help me with my partner",emergency,high,1.0,relationship,6,yes,0.75
12331261-0e44-45c3-9334-aff158d787ef,"U: I feel like something bad is about to happen at home, I don’t know | A: What happened next? | U: I hear something outside at home | U: something feels wrong, it’s just weird... | U: please help me at home... | A: That sounds serious. Are you safe right now? | U: someone is trying to get in at home, I don’t know",emergency,high,1.0,domestic,5,yes,0.94
a36e51b6-7a49-4e5c-aacc-7383ad057514,U: someone is trying to get in... | A: Can you explain a bit more? | U: please help me... | A: That sounds serious. Are you safe right now? | U: I'm getting scared in the house... | A: Can you explain a bit more? | U: I think I'm in danger...,emergency,high,0.95,domestic,4,yes,0.9
5efcc9aa-4450-401e-88a6-8cf1c1cc0c5f,U: I hear something outside | A: What happened next? | U: I'm getting scared | U: I’m not safe right now | U: I think I'm in danger | A: Do you need immediate help? | U: someone is trying to get in... | U: i feel like something bad is about to happen,emergency,high,1.0,unknown,6,yes,0.79
d0770eae-e5ed-494a-8ac7-199701b29660,U: I think I'm in danger | A: Do you need immediate help? | U: I'm getting scared | A: I'm listening. | U: i hear something outside | A: What happened next? | U: i’m not safe right now,emergency,high,0.95,domestic,4,yes,0.82
398fe49a-fe76-4990-9e5a-e4e9224475fe,"U: something feels wrong, i don’t know | U: I think I'm in danger, I tried to ignore it | A: I'm concerned. Is someone with you? | U: please help me in the house, i tried to ignore it | A: That sounds serious. Are you safe right now? | U: someone is trying to get in in the house | U: I feel like something bad is about to happen in the house | A: I'm listening. | U: I'm getting scared...",emergency,high,1.0,domestic,6,yes,0.81
73bc57e3-049a-4d04-9795-15add194778e,"U: I think I'm in danger, I’m not sure | U: please help me, I don’t know | U: I hear something outside with my partner | A: Can you explain a bit more? | U: I'm getting scared, maybe I’m overthinking",emergency,high,0.95,relationship,4,yes,0.83
fbe48f4a-ae49-4b9a-be98-d976a8bddc0e,"U: please help me | A: Do you need immediate help? | U: something feels wrong, I don’t know | A: Can you explain a bit more? | U: I feel like something bad is about to happen with my family...",emergency,high,0.9,family,3,yes,0.94
bf987adf-e2e2-4936-8203-6e81e20495b3,"U: I think I'm in danger | A: Do you need immediate help? | U: please help me, maybe I’m overthinking | A: I'm concerned. Is someone with you? | U: I'm getting scared at home | A: Can you explain a bit more? | U: I feel like something bad is about to happen, it’s just weird... | A: I'm listening. | U: I’m not safe right now | U: someone is trying to get in at home, it’s just weird",emergency,high,1.0,domestic,6,yes,0.83
38111197-3a9e-4cdb-a246-14fb2ad0eb04,U: please help me | A: That sounds serious. Are you safe right now? | U: i'm getting scared with my partner | A: Can you explain a bit more? | U: something feels wrong...,emergency,high,0.9,relationship,3,yes,0.88
227142e8-3f7c-47f4-bbfd-5246314ccf48,U: someone is trying to get in with my partner | A: I'm listening. | U: something feels wrong with my partner | U: I hear something outside | A: Can you explain a bit more? | U: I’m not safe right now with my partner... | A: That sounds serious. Are you safe right now? | U: i feel like something bad is about to happen | U: please help me with my partner...,emergency,high,1.0,relationship,6,yes,0.79
06ea885c-5b32-4b11-9d67-703f1851fc7e,"U: I feel like something bad is about to happen in public | A: I'm listening. | U: something feels wrong, maybe I’m overthinking | A: What happened next? | U: I'm getting scared in public, it’s just weird | A: I'm listening. | U: i’m not safe right now | A: I'm concerned. Is someone with you? | U: I think I'm in danger, it’s just weird | U: please help me in public...",emergency,high,1.0,public,6,yes,0.84
7462156e-21a7-4d1d-9469-a39d84509312,"U: I think I'm in danger outside, maybe I’m overthinking | A: That sounds serious. Are you safe right now? | U: something feels wrong outside | A: What happened next? | U: I feel like something bad is about to happen outside | A: What happened next? | U: I’m not safe right now outside, maybe I’m overthinking",emergency,high,0.95,public,4,yes,0.86
a74fbf0b-c795-420a-908f-1388914eece4,"U: I hear something outside, it’s just weird | A: What happened next? | U: I feel like something bad is about to happen, it’s just weird | U: someone is trying to get in | A: I'm listening. | U: please help me, I’m not sure...",emergency,high,0.95,unknown,4,yes,0.89
96a6d65b-fa2d-44f1-a27c-7faa6747c94c,"U: please help me with my family | U: I hear something outside | A: Can you explain a bit more? | U: someone is trying to get in with my family | A: What happened next? | U: I’m not safe right now with my family, maybe I’m overthinking",emergency,high,0.95,family,4,yes,0.88
80f52496-b307-4223-8831-7380c09070d5,"U: I'm getting scared with my partner, I don’t know | U: something feels wrong with my partner, maybe i’m overthinking | A: I'm listening. | U: I hear something outside | A: What happened next? | U: someone is trying to get in with my partner | U: please help me | U: I feel like something bad is about to happen",emergency,high,1.0,relationship,6,yes,0.89
baac5520-cdc0-43c7-9a5e-d730b9c239a9,"U: I feel like something bad is about to happen, maybe I’m overthinking | A: What happened next? | U: please help me, i tried to ignore it | A: I'm concerned. Is someone with you? | U: I'm getting scared with my partner, I’m not sure | A: Can you explain a bit more? | U: I’m not safe right now with my partner, I tried to ignore it | U: I think I'm in danger | A: I'm concerned. Is someone with you? | U: I hear something outside with my partner, maybe I’m overthinking",emergency,high,1.0,relationship,6,yes,0.89
b4e140e9-e9ca-487b-8346-f8f44ece8ebc,"U: please help me | A: That sounds serious. Are you safe right now? | U: I hear something outside | A: I'm listening. | U: I'm getting scared, it’s just weird | U: i’m not safe right now | A: That sounds serious. Are you safe right now? | U: someone is trying to get in",emergency,high,1.0,unknown,5,yes,0.88
ba25cf2e-77bf-42d0-8908-6e8ca8ca8fde,"U: I’m not safe right now... | A: I'm concerned. Is someone with you? | U: I'm getting scared... | A: Can you explain a bit more? | U: I think I'm in danger, it’s just weird | A: Do you need immediate help? | U: someone is trying to get in | U: I feel like something bad is about to happen outside",emergency,high,1.0,public,5,yes,0.84
d1b195af-60d8-437c-88da-0a56976fdfb8,"U: I’m not safe right now | A: Do you need immediate help? | U: I'm getting scared with my partner, I tried to ignore it... | U: please help me with my partner, maybe I’m overthinking | U: i think i'm in danger | A: Do you need immediate help? | U: someone is trying to get in with my partner | A: I'm listening. | U: I hear something outside with my partner, it’s just weird",emergency,high,1.0,relationship,6,yes,0.78
05c99c1c-d0f4-4a5b-879f-506e9aae5694,"U: I think I'm in danger, I don’t know | U: someone is trying to get in | A: Can you explain a bit more? | U: I hear something outside | A: What happened next? | U: I’m not safe right now",emergency,high,0.95,unknown,4,yes,0.81
13567f4f-592a-4c1d-a454-300e8be22063,"U: please help me | A: Do you need immediate help? | U: i feel like something bad is about to happen at home, i don’t know | A: Can you explain a bit more? | U: something feels wrong at home, it’s just weird | U: I think I'm in danger at home, I tried to ignore it | U: someone is trying to get in at home, I’m not sure | U: i’m not safe right now",emergency,high,1.0,domestic,6,yes,0.79
75eaf2eb-9bc4-40a9-a6be-99baf04d0e00,"U: someone is trying to get in in the house, it’s just weird | U: I feel like something bad is about to happen in the house | A: What happened next? | U: I'm getting scared, maybe I’m overthinking | A: Can you explain a bit more? | U: something feels wrong, I don’t know... | A: What happened next? | U: I think I'm in danger, maybe I’m overthinking...",emergency,high,1.0,domestic,5,yes,0.9
86816ff4-ab03-41e0-9e7b-2999cf557321,"U: I hear something outside with my partner | A: Can you explain a bit more? | U: I feel like something bad is about to happen | A: I'm listening. | U: I’m not safe right now | A: Do you need immediate help? | U: something feels wrong with my partner, I don’t know",emergency,high,0.95,relationship,4,yes,0.91
a28fdfa3-aa59-4d7d-8fc9-64cf3cca1645,"U: something feels wrong | A: Can you explain a bit more? | U: someone is trying to get in... | A: What happened next? | U: i hear something outside, maybe i’m overthinking | A: What happened next? | U: please help me, it’s just weird | A: That sounds serious. Are you safe right now? | U: I feel like something bad is about to happen, I don’t know | A: I'm listening. | U: I think I'm in danger",emergency,high,1.0,unknown,6,yes,0.86
0ebb4032-150a-4172-813f-edfedc6b54a6,"U: I think I'm in danger | U: someone is trying to get in at home | A: What happened next? | U: I feel like something bad is about to happen at home... | U: I’m not safe right now, I don’t know | A: Do you need immediate help? | U: please help me | A: That sounds serious. Are you safe right now? | U: I hear something outside",emergency,high,1.0,domestic,6,yes,0.83
d517a87a-60fe-496e-b40e-059137cd76f3,"U: please help me, i’m not sure | A: That sounds serious. Are you safe right now? | U: something feels wrong | U: I’m not safe right now, it’s just weird... | U: I'm getting scared outside | A: Can you explain a bit more? | U: someone is trying to get in outside, it’s just weird | A: Can you explain a bit more? | U: i hear something outside",emergency,high,1.0,public,6,yes,0.94
c08a2722-d658-46e1-ac31-58b39a713e5c,U: please help me | A: I'm concerned. Is someone with you? | U: I feel like something bad is about to happen... | U: I’m not safe right now | A: Do you need immediate help? | U: someone is trying to get in in the house,emergency,high,0.95,domestic,4,yes,0.83
0afbc0fd-927c-4c3f-b702-497345c41985,"U: I’m not safe right now, it’s just weird | A: Do you need immediate help? | U: I'm getting scared | A: Can you explain a bit more? | U: someone is trying to get in | A: What happened next? | U: I think I'm in danger | U: I hear something outside, I’m not sure | U: I feel like something bad is about to happen",emergency,high,1.0,unknown,6,yes,0.8
48070025-e9f3-40f1-880d-647fd255c6a1,"U: please help me | A: That sounds serious. Are you safe right now? | U: I'm getting scared... | U: I think I'm in danger, I don’t know | U: I’m not safe right now",emergency,high,0.95,unknown,4,yes,0.78
e3600202-ae53-4aa3-885a-44cfb0d132d1,"U: please help me, I’m not sure | A: Do you need immediate help? | U: i'm getting scared | U: I feel like something bad is about to happen in the house",emergency,high,0.9,domestic,3,yes,0.77
6401b128-05ee-4b20-bab6-79360473cc5f,"U: please help me | A: That sounds serious. Are you safe right now? | U: I feel like something bad is about to happen, I don’t know | U: i'm getting scared",emergency,high,0.9,unknown,3,yes,0.94
24fdcce0-21ef-4294-b413-03bd9de59c56,"U: someone is trying to get in, i’m not sure | A: What happened next? | U: I’m not safe right now at home... | U: I'm getting scared at home | A: I'm listening. | U: please help me, I tried to ignore it | U: something feels wrong | U: I hear something outside, I’m not sure",emergency,high,1.0,domestic,6,yes,0.78
54b6416e-0a5c-4d4e-b5a0-9fb7d636c538,U: I think I'm in danger | U: please help me... | A: That sounds serious. Are you safe right now? | U: I'm getting scared,emergency,high,0.9,unknown,3,yes,0.88
21caa579-5dba-4ac0-a475-98e3a61ff3b6,"U: i think i'm in danger in public, maybe i’m overthinking | U: I'm getting scared | A: Can you explain a bit more? | U: please help me | A: I'm concerned. Is someone with you? | U: I hear something outside...",emergency,high,0.95,public,4,yes,0.9
ed91585d-25a0-4138-bfa6-a8120b73b4c1,"U: something feels wrong, maybe I’m overthinking | A: Can you explain a bit more? | U: I'm getting scared, it’s just weird | A: I'm listening. | U: I feel like something bad is about to happen with my family",emergency,high,0.9,family,3,yes,0.95
f8baa808-aa02-41a8-9d6e-cbb7e29db753,"U: I hear something outside in public, I’m not sure | A: What happened next? | U: i think i'm in danger | A: That sounds serious. Are you safe right now? | U: someone is trying to get in, I tried to ignore it | A: I'm listening. | U: I feel like something bad is about to happen in public | U: I'm getting scared",emergency,high,1.0,public,5,yes,0.87
1bf9cbad-20b8-4489-8b5f-6d0875f25d53,"U: someone is trying to get in | A: Can you explain a bit more? | U: I’m not safe right now, I’m not sure | A: That sounds serious. Are you safe right now? | U: i feel like something bad is about to happen, maybe i’m overthinking",emergency,high,0.9,unknown,3,yes,0.93
a3faabab-0715-4b6a-8f34-95bb07f1babd,"U: something feels wrong, I don’t know | A: What happened next? | U: please help me | A: That sounds serious. Are you safe right now? | U: I feel like something bad is about to happen with my family, maybe I’m overthinking | A: Can you explain a bit more? | U: someone is trying to get in with my family | A: I'm listening. | U: i think i'm in danger with my family | A: I'm concerned. Is someone with you? | U: I'm getting scared with my family",emergency,high,1.0,family,6,yes,0.81
3195872d-800e-4333-9072-482ec74a5abe,"U: I’m not safe right now | U: I feel like something bad is about to happen | U: I hear something outside, I don’t know | U: I think I'm in danger, I don’t know...",emergency,high,0.95,unknown,4,yes,0.85
c639f7ce-261d-4ac9-87a6-f1cade7d869d,"U: I'm getting scared, I tried to ignore it | A: Can you explain a bit more? | U: I feel like something bad is about to happen, I tried to ignore it | A: What happened next? | U: something feels wrong, I’m not sure | A: What happened next? | U: I think I'm in danger, I’m not sure | A: Do you need immediate help? | U: someone is trying to get in at home | A: I'm listening. | U: I hear something outside",emergency,high,1.0,domestic,6,yes,0.9
c55fd408-5288-4dd9-988f-733c6a34b7ea,"U: I think I'm in danger | U: please help me, i tried to ignore it | A: That sounds serious. Are you safe right now? | U: i feel like something bad is about to happen with my partner | U: I’m not safe right now | U: someone is trying to get in | U: I hear something outside...",emergency,high,1.0,relationship,6,yes,0.93
0221cb40-78e9-4a7d-bfc4-29e423065135,"U: I hear something outside with my family, I tried to ignore it | A: I'm listening. | U: someone is trying to get in, maybe I’m overthinking | A: I'm listening. | U: please help me, I tried to ignore it | A: I'm concerned. Is someone with you? | U: i'm getting scared with my family | A: What happened next? | U: something feels wrong, maybe I’m overthinking",emergency,high,1.0,family,5,yes,0.93
a1ae9df1-a701-46ad-a64e-eaae440c7d1d,"U: I’m not safe right now | U: i hear something outside | A: What happened next? | U: I'm getting scared... | A: What happened next? | U: I feel like something bad is about to happen, it’s just weird | U: something feels wrong, maybe i’m overthinking | A: Can you explain a bit more? | U: someone is trying to get in",emergency,high,1.0,unknown,6,yes,0.77
aa3c1166-37f3-423b-8cbb-6dd632ac4d4d,"U: something feels wrong, i’m not sure | A: Can you explain a bit more? | U: I feel like something bad is about to happen | U: I’m not safe right now with my partner | A: Do you need immediate help? | U: I think I'm in danger with my partner | U: someone is trying to get in with my partner | U: please help me with my partner, it’s just weird",emergency,high,1.0,relationship,6,yes,0.79
45d0fb49-1dd3-498b-b294-1aacb9217640,"U: I'm getting scared, I don’t know | A: What happened next? | U: please help me | A: Do you need immediate help? | U: someone is trying to get in with my family, i tried to ignore it | U: i hear something outside with my family | U: i think i'm in danger with my family | A: Do you need immediate help? | U: I feel like something bad is about to happen with my family",emergency,high,1.0,family,6,yes,0.95
db2828d3-3e2e-42a4-bccd-1d3ff341e802,"U: something feels wrong outside | A: What happened next? | U: someone is trying to get in outside | A: I'm listening. | U: i hear something outside outside, i’m not sure | U: I think I'm in danger | A: That sounds serious. Are you safe right now? | U: i feel like something bad is about to happen",emergency,high,1.0,public,5,yes,0.85
cb536833-fd7c-46a2-8738-6faedaddcc1a,"U: i think i'm in danger, i’m not sure | U: I hear something outside, it’s just weird | A: Can you explain a bit more? | U: something feels wrong | A: What happened next? | U: i’m not safe right now, it’s just weird",emergency,high,0.95,unknown,4,yes,0.9
e5d9d87e-3641-41f5-b0af-d74f8f632e35,"U: i'm getting scared with my family | U: please help me | A: Do you need immediate help? | U: I hear something outside with my family | A: What happened next? | U: I’m not safe right now with my family, I don’t know",emergency,high,0.95,family,4,yes,0.91
f55b5397-4307-4a26-ab30-95d2b5b1bde4,"U: please help me | A: I'm concerned. Is someone with you? | U: something feels wrong outside | A: I'm listening. | U: i’m not safe right now outside, i don’t know",emergency,high,0.9,public,3,yes,0.8
fa8cba96-dfc5-4938-b984-ce8f8f67372a,"U: i feel like something bad is about to happen in public, i tried to ignore it | A: What happened next? | U: something feels wrong, i tried to ignore it | U: I hear something outside | A: Can you explain a bit more? | U: I’m not safe right now, maybe I’m overthinking | U: please help me in public",emergency,high,1.0,public,5,yes,0.82
119f97fd-a5f0-4ca7-8622-e4ed72f9526a,U: someone is trying to get in | A: What happened next? | U: something feels wrong... | A: I'm listening. | U: please help me | A: That sounds serious. Are you safe right now? | U: I'm getting scared | A: I'm listening. | U: I’m not safe right now...,emergency,high,1.0,unknown,5,yes,0.92
5cb83172-3510-4857-8bba-e5ad3c3ecdfd,U: I'm getting scared | A: Can you explain a bit more? | U: please help me | A: That sounds serious. Are you safe right now? | U: something feels wrong | A: I'm listening. | U: I think I'm in danger,emergency,high,0.95,unknown,4,yes,0.89
522b744d-4fd7-483a-83c8-f0a8ec1716cd,"U: I’m not safe right now with my partner | U: I hear something outside with my partner, it’s just weird | A: I'm listening. | U: please help me with my partner, it’s just weird",emergency,high,0.9,relationship,3,yes,0.88
49f71660-3371-4711-846f-86ef9c95965f,"U: I hear something outside | U: I'm getting scared, I’m not sure | A: What happened next? | U: something feels wrong | A: What happened next? | U: someone is trying to get in, it’s just weird | A: I'm listening. | U: i think i'm in danger, maybe i’m overthinking",emergency,high,1.0,unknown,5,yes,0.89
d8724b4f-ac22-41b0-b929-24e6c497a36e,"U: please help me, maybe I’m overthinking | A: That sounds serious. Are you safe right now? | U: i feel like something bad is about to happen, it’s just weird | U: I’m not safe right now, it’s just weird | U: I think I'm in danger, maybe I’m overthinking | A: That sounds serious. Are you safe right now? | U: someone is trying to get in, maybe I’m overthinking | U: something feels wrong",emergency,high,1.0,relationship,6,yes,0.79
1c1c42cd-4462-407e-a9b2-66aa2d1d83a6,"U: something feels wrong, I’m not sure | U: I'm getting scared | A: I'm listening. | U: I feel like something bad is about to happen, I’m not sure | U: I hear something outside, it’s just weird | U: I think I'm in danger",emergency,high,1.0,unknown,5,yes,0.93
922380dc-5ef9-46fd-af4a-468b2951bbef,"U: something feels wrong in the house | A: What happened next? | U: please help me in the house, it’s just weird... | A: That sounds serious. Are you safe right now? | U: I think I'm in danger in the house, I’m not sure | U: I’m not safe right now, I tried to ignore it... | A: Do you need immediate help? | U: I hear something outside in the house, it’s just weird... | A: Can you explain a bit more? | U: I'm getting scared, maybe I’m overthinking",emergency,high,1.0,domestic,6,yes,0.78
42a50b16-f01f-4224-807b-0875c9fe4691,U: i think i'm in danger with my partner | A: Do you need immediate help? | U: please help me | A: Do you need immediate help? | U: I’m not safe right now with my partner | A: That sounds serious. Are you safe right now? | U: something feels wrong with my partner,emergency,high,0.95,relationship,4,yes,0.79
bca9bddd-aedd-4689-93ec-f6b682688b9b,"U: I think I'm in danger outside, I don’t know | A: That sounds serious. Are you safe right now? | U: please help me outside, maybe I’m overthinking... | A: That sounds serious. Are you safe right now? | U: I'm getting scared outside",emergency,high,0.9,public,3,yes,0.93
d19f26bb-8d2f-4663-9fb0-8f17f7349c2a,"U: I hear something outside | A: Can you explain a bit more? | U: I think I'm in danger with my partner, I’m not sure | A: Do you need immediate help? | U: I’m not safe right now, it’s just weird...",emergency,high,0.9,relationship,3,yes,0.75
f5beee6d-4b50-432a-8d73-3f069d0eaffb,"U: someone is trying to get in, i’m not sure | U: I'm getting scared, I don’t know | U: something feels wrong, it’s just weird | A: I'm listening. | U: I feel like something bad is about to happen outside, I’m not sure",emergency,high,0.95,public,4,yes,0.78
a3276d51-15ed-487e-a983-47f2bcda2a4a,U: please help me | U: I’m not safe right now | A: Do you need immediate help? | U: I think I'm in danger... | A: Do you need immediate help? | U: I feel like something bad is about to happen...,emergency,high,0.95,unknown,4,yes,0.89
9a15e498-080c-40f7-a50c-3b0d2b02335e,"U: I hear something outside | A: Can you explain a bit more? | U: i'm getting scared in the house, i tried to ignore it | A: I'm listening. | U: something feels wrong | A: I'm listening. | U: I think I'm in danger | A: That sounds serious. Are you safe right now? | U: I feel like something bad is about to happen",emergency,high,1.0,domestic,5,yes,0.84
72dcb99e-8c9a-4547-9d5b-d514c47c0b9f,U: I think I'm in danger | A: I'm concerned. Is someone with you? | U: I'm getting scared | U: something feels wrong with my partner | A: What happened next? | U: please help me with my partner,emergency,high,0.95,relationship,4,yes,0.76
ddcb6046-3689-402a-9ba5-d09fa5f7e4fe,"U: I think I'm in danger | A: That sounds serious. Are you safe right now? | U: please help me with my family | U: i feel like something bad is about to happen | U: something feels wrong with my family, I don’t know... | A: What happened next? | U: I hear something outside | U: I’m not safe right now",emergency,high,1.0,family,6,yes,0.93
c35c2c76-780b-45a4-9124-7ae208fac404,"U: someone is trying to get in in public, i don’t know | A: I'm listening. | U: I'm getting scared, I don’t know | U: I’m not safe right now, I’m not sure",emergency,high,0.9,public,3,yes,0.8
7252d53c-ccb8-4b28-a181-63f08e017569,U: please help me in public | A: Do you need immediate help? | U: I feel like something bad is about to happen in public... | A: I'm listening. | U: someone is trying to get in... | A: I'm listening. | U: I think I'm in danger,emergency,high,0.95,public,4,yes,0.83
2636f136-59c3-4686-8b6d-0fb2b3d7f41b,"U: I’m not safe right now | A: Do you need immediate help? | U: please help me, it’s just weird | U: someone is trying to get in in the house | A: I'm listening. | U: i hear something outside in the house, it’s just weird | A: What happened next? | U: something feels wrong, I’m not sure | A: What happened next? | U: I think I'm in danger in the house, I’m not sure",emergency,high,1.0,domestic,6,yes,0.81
76f4a76c-e417-4ce5-8fd6-d7d8230b5e51,"U: I’m not safe right now | U: something feels wrong with my partner | U: I think I'm in danger with my partner | A: Do you need immediate help? | U: i'm getting scared with my partner... | A: Can you explain a bit more? | U: I feel like something bad is about to happen, I’m not sure | U: I hear something outside with my partner, I don’t know",emergency,high,1.0,relationship,6,yes,0.79
d7eff040-2d4a-4e3f-8961-48d9c4d66db0,"U: I’m not safe right now in public, maybe I’m overthinking | A: That sounds serious. Are you safe right now? | U: i hear something outside | A: What happened next? | U: please help me, maybe I’m overthinking | A: Do you need immediate help? | U: i'm getting scared",emergency,high,0.95,public,4,yes,0.88
696e441a-20ae-48c9-b97e-bc2c1f543431,"U: I feel like something bad is about to happen, maybe I’m overthinking | A: Can you explain a bit more? | U: something feels wrong, I don’t know | A: I'm listening. | U: someone is trying to get in | U: I think I'm in danger, it’s just weird...",emergency,high,0.95,unknown,4,yes,0.91
d0d8ec70-98fc-4b03-b307-d7465c813c18,"U: I feel like something bad is about to happen in the house, it’s just weird | A: I'm listening. | U: someone is trying to get in in the house, I don’t know | A: I'm listening. | U: I think I'm in danger...",emergency,high,0.9,domestic,3,yes,0.91
0fca6d50-c7fe-4b07-a699-39bb5c86a58a,U: I hear something outside | A: I'm listening. | U: please help me outside | U: I feel like something bad is about to happen outside,emergency,high,0.9,public,3,yes,0.86
dcc1779d-710f-4ab9-8d59-f0afa193c7c2,"U: i hear something outside with my partner, maybe i’m overthinking | U: I feel like something bad is about to happen with my partner, I tried to ignore it | A: Can you explain a bit more? | U: someone is trying to get in with my partner, maybe i’m overthinking | A: Can you explain a bit more? | U: I’m not safe right now | A: That sounds serious. Are you safe right now? | U: i'm getting scared | A: I'm listening. | U: something feels wrong",emergency,high,1.0,relationship,6,yes,0.93
5868ff16-20ce-4bce-9397-fa1ceabd0b4d,"U: i feel like something bad is about to happen at home, i don’t know | A: What happened next? | U: someone is trying to get in at home | A: I'm listening. | U: I’m not safe right now at home",emergency,high,0.9,domestic,3,yes,0.92
e57157cb-5406-405e-a717-2c9afdaaf75b,"U: someone is trying to get in, I’m not sure | A: Can you explain a bit more? | U: I'm getting scared with my partner, I don’t know... | A: I'm listening. | U: I hear something outside with my partner | A: Can you explain a bit more? | U: I’m not safe right now | A: That sounds serious. Are you safe right now? | U: I feel like something bad is about to happen | U: please help me with my partner, i’m not sure...",emergency,high,1.0,relationship,6,yes,0.81
b9646c59-7bef-477e-8c4f-feb1b4f29dfc,"U: I'm getting scared with my partner | A: What happened next? | U: I’m not safe right now, it’s just weird | A: Do you need immediate help? | U: please help me with my partner, I tried to ignore it | A: Do you need immediate help? | U: someone is trying to get in | A: Can you explain a bit more? | U: I hear something outside | A: I'm listening. | U: something feels wrong with my partner",emergency,high,1.0,relationship,6,yes,0.87
74f41c76-381b-4ee9-b522-145234f86606,U: I feel like something bad is about to happen outside | A: Can you explain a bit more? | U: I’m not safe right now outside | A: That sounds serious. Are you safe right now? | U: I think I'm in danger,emergency,high,0.9,public,3,yes,0.92
1522ac56-ea5b-4733-bea9-a6868c37c105,U: please help me | U: I'm getting scared... | A: Can you explain a bit more? | U: I feel like something bad is about to happen,emergency,high,0.9,family,3,yes,0.92
6fd52bd3-1d98-41f5-8272-7edc86189805,U: I think I'm in danger | U: I’m not safe right now | A: I'm concerned. Is someone with you? | U: I'm getting scared | A: I'm listening. | U: someone is trying to get in,emergency,high,0.95,unknown,4,yes,0.77
c166f09e-3421-4620-9ba2-c6cd39d9f0d3,"U: someone is trying to get in, I don’t know | A: I'm listening. | U: i'm getting scared | A: I'm listening. | U: please help me with my partner, i don’t know",emergency,high,0.9,relationship,3,yes,0.89
1ec5d644-efdd-4dd0-b26b-9416c4841a75,U: something feels wrong with my family | A: What happened next? | U: I think I'm in danger with my family | U: I hear something outside...,emergency,high,0.9,family,3,yes,0.89
1326585a-d855-4945-a399-0d25133c4bf2,"U: I’m not safe right now, I’m not sure | A: I'm concerned. Is someone with you? | U: i'm getting scared | U: I hear something outside, I tried to ignore it... | U: something feels wrong, I don’t know | A: I'm listening. | U: I feel like something bad is about to happen, I’m not sure | A: I'm listening. | U: please help me...",emergency,high,1.0,domestic,6,yes,0.77
efc4ae12-f898-43bf-9476-5efc2c63613f,"U: I think I'm in danger with my family, I don’t know | A: That sounds serious. Are you safe right now? | U: please help me | A: That sounds serious. Are you safe right now? | U: I feel like something bad is about to happen with my family | A: Can you explain a bit more? | U: someone is trying to get in",emergency,high,0.95,family,4,yes,0.81
941c06e0-a3c7-432d-8b60-1a095e42c3db,"U: i think i'm in danger with my partner... | A: That sounds serious. Are you safe right now? | U: I hear something outside with my partner... | A: I'm listening. | U: someone is trying to get in with my partner, I don’t know...",emergency,high,0.9,relationship,3,yes,0.86
86b45763-90be-42cd-8665-5a7f38e8f682,"U: someone is trying to get in... | A: Can you explain a bit more? | U: something feels wrong | U: please help me in public | U: I think I'm in danger, I’m not sure",emergency,high,0.95,public,4,yes,0.92
8a65f343-8380-4784-8a6a-9f2bbf513795,"U: someone is trying to get in with my family, maybe I’m overthinking | A: Can you explain a bit more? | U: please help me, I’m not sure | A: That sounds serious. Are you safe right now? | U: something feels wrong | U: I'm getting scared with my family...",emergency,high,0.95,family,4,yes,0.93
5fda3283-6462-4c17-9531-1f9523c0d7a2,"U: something feels wrong | A: Can you explain a bit more? | U: i’m not safe right now | U: please help me | A: That sounds serious. Are you safe right now? | U: I think I'm in danger | U: I hear something outside, it’s just weird",emergency,high,1.0,domestic,5,yes,0.88
ead6fcf8-1fd3-4ee7-a632-0734d8374f9f,"U: I’m not safe right now, maybe I’m overthinking | A: That sounds serious. Are you safe right now? | U: please help me | A: That sounds serious. Are you safe right now? | U: I think I'm in danger",emergency,high,0.9,family,3,yes,0.87
31f55c7a-eb74-4072-8385-cb4e25cd89b3,"U: someone is trying to get in in public | A: I'm listening. | U: I feel like something bad is about to happen, I don’t know | U: I think I'm in danger in public | A: That sounds serious. Are you safe right now? | U: I’m not safe right now in public | A: That sounds serious. Are you safe right now? | U: I'm getting scared | A: I'm listening. | U: i hear something outside, i tried to ignore it",emergency,high,1.0,public,6,yes,0.8
cccb88b6-dbf8-4455-aa60-ccc0e642fd71,"U: I'm getting scared | A: What happened next? | U: something feels wrong, maybe I’m overthinking | A: Can you explain a bit more? | U: I think I'm in danger with my partner... | A: That sounds serious. Are you safe right now? | U: I’m not safe right now with my partner... | U: I hear something outside with my partner | A: Can you explain a bit more? | U: please help me with my partner, I don’t know",emergency,high,1.0,relationship,6,yes,0.76
84d48836-8b76-408f-bc80-4176301bad85,"U: please help me, I tried to ignore it | A: I'm concerned. Is someone with you? | U: someone is trying to get in | U: I'm getting scared",emergency,high,0.9,relationship,3,yes,0.89
3151294f-07be-4ee4-9a1a-0f61db6d32c4,U: something feels wrong outside | U: I’m not safe right now | A: I'm concerned. Is someone with you? | U: someone is trying to get in outside | A: What happened next? | U: I hear something outside,emergency,high,0.95,public,4,yes,0.78
f43e0f69-257c-467c-bf91-b82f897c7c53,"U: I'm getting scared in the house... | A: Can you explain a bit more? | U: I’m not safe right now | A: Do you need immediate help? | U: someone is trying to get in | U: i hear something outside, it’s just weird | A: What happened next? | U: please help me",emergency,high,1.0,domestic,5,yes,0.8
83cc906a-1e0b-41da-bb4a-d34868a4c732,"U: I hear something outside | A: I'm listening. | U: something feels wrong with my family | A: What happened next? | U: I’m not safe right now with my family | U: I think I'm in danger with my family... | A: That sounds serious. Are you safe right now? | U: please help me, maybe i’m overthinking | U: someone is trying to get in with my family",emergency,high,1.0,family,6,yes,0.88
3d307b91-be2a-4f7d-8ec9-356fa3b90da1,"U: I hear something outside with my partner, it’s just weird | A: What happened next? | U: I'm getting scared, maybe I’m overthinking | A: I'm listening. | U: someone is trying to get in with my partner... | A: Can you explain a bit more? | U: I feel like something bad is about to happen | A: Can you explain a bit more? | U: I think I'm in danger | U: please help me, it’s just weird",emergency,high,1.0,relationship,6,yes,0.81
10a0cca3-2f04-4e9e-97df-0708517556b1,"U: someone is trying to get in | U: I think I'm in danger, I’m not sure | A: Do you need immediate help? | U: I'm getting scared in the house | A: What happened next? | U: something feels wrong",emergency,high,0.95,domestic,4,yes,0.91
85e1680d-6e76-43be-a7b0-05cb667f1fcd,"U: something feels wrong | A: I'm listening. | U: I feel like something bad is about to happen, I don’t know... | A: What happened next? | U: please help me, maybe I’m overthinking...",emergency,high,0.9,unknown,3,yes,0.83
f44327af-9b86-45ba-95c2-7c5220ae4192,"U: I think I'm in danger | A: I'm concerned. Is someone with you? | U: i’m not safe right now, maybe i’m overthinking | A: Do you need immediate help? | U: someone is trying to get in | A: What happened next? | U: something feels wrong",emergency,high,0.95,unknown,4,yes,0.89
a847e6bd-9b35-43e5-92ac-f6faf53cd02a,"U: I think I'm in danger | U: i'm getting scared, it’s just weird | A: I'm listening. | U: someone is trying to get in | U: something feels wrong | U: I hear something outside, I’m not sure",emergency,high,1.0,unknown,5,yes,0.82
c9b49235-91c7-4bb7-81c5-f0e16aa1dbdd,U: i think i'm in danger | A: That sounds serious. Are you safe right now? | U: i’m not safe right now with my partner | A: Do you need immediate help? | U: I hear something outside,emergency,high,0.9,relationship,3,yes,0.88
e1e1c724-fab2-4165-8faa-7b986f860e3a,"U: I think I'm in danger | A: Do you need immediate help? | U: please help me | A: Do you need immediate help? | U: something feels wrong with my partner, maybe I’m overthinking | A: What happened next? | U: someone is trying to get in with my partner | U: i hear something outside with my partner, i don’t know",emergency,high,1.0,relationship,5,yes,0.75
5ea9e7fb-b9ab-4d72-a61c-b950e3ff6aca,"U: someone is trying to get in... | A: Can you explain a bit more? | U: something feels wrong, I tried to ignore it | A: Can you explain a bit more? | U: i think i'm in danger, i don’t know | U: i'm getting scared, i don’t know | A: Can you explain a bit more? | U: I’m not safe right now",emergency,high,1.0,unknown,5,yes,0.77
28a71f2a-2bdb-46bc-8e9e-f6ee747c0d48,"U: someone is trying to get in, I’m not sure | A: What happened next? | U: please help me | A: I'm concerned. Is someone with you? | U: something feels wrong with my partner | A: Can you explain a bit more? | U: I'm getting scared with my partner, I’m not sure | A: Can you explain a bit more? | U: I feel like something bad is about to happen, I’m not sure",emergency,high,1.0,relationship,5,yes,0.92
74fb034e-5e65-4cf7-bd41-4fc30c1e12ba,"U: someone is trying to get in with my partner | U: I’m not safe right now with my partner | U: please help me, maybe I’m overthinking",emergency,high,0.9,relationship,3,yes,0.8
e60f13c6-bb26-4c33-81f2-7f86f23e1732,"U: i think i'm in danger, i don’t know | A: Do you need immediate help? | U: I hear something outside | A: I'm listening. | U: I feel like something bad is about to happen, I don’t know | A: Can you explain a bit more? | U: I’m not safe right now, maybe I’m overthinking | U: i'm getting scared",emergency,high,1.0,unknown,5,yes,0.87
177717af-5342-4fea-886c-be883bece0eb,U: I’m not safe right now | U: I feel like something bad is about to happen with my family | A: What happened next? | U: i hear something outside with my family,emergency,high,0.9,family,3,yes,0.78
88444b69-e657-473f-8444-f6c94d92959b,"U: something feels wrong, I don’t know | A: I'm listening. | U: someone is trying to get in | U: I feel like something bad is about to happen | A: What happened next? | U: I’m not safe right now | A: I'm concerned. Is someone with you? | U: I hear something outside in the house | A: Can you explain a bit more? | U: please help me in the house",emergency,high,1.0,domestic,6,yes,0.79
dc2bd52b-65bd-47ed-b8c7-a09e0da9699a,"U: I'm getting scared | A: I'm listening. | U: please help me with my partner | U: i’m not safe right now, i don’t know | U: I feel like something bad is about to happen with my partner",emergency,high,0.95,relationship,4,yes,0.83
a8068fb6-00fb-4f76-b2ec-aa6bb6542664,"U: someone is trying to get in | A: I'm listening. | U: i feel like something bad is about to happen, maybe i’m overthinking | U: I hear something outside | A: I'm listening. | U: please help me, I don’t know... | U: I’m not safe right now",emergency,high,1.0,unknown,5,yes,0.87
851475d4-c8fc-45fa-80e4-541341def317,"U: please help me with my partner, maybe I’m overthinking | U: I’m not safe right now | U: i feel like something bad is about to happen, i’m not sure... | A: Can you explain a bit more? | U: something feels wrong",emergency,high,0.95,relationship,4,yes,0.87
519d145e-fe6d-4c8e-8cae-2ebcb16673bc,"U: I feel like something bad is about to happen, I’m not sure... | A: Can you explain a bit more? | U: someone is trying to get in... | A: Can you explain a bit more? | U: I think I'm in danger, it’s just weird | A: That sounds serious. Are you safe right now? | U: something feels wrong | A: What happened next? | U: i'm getting scared",emergency,high,1.0,domestic,5,yes,0.89
d8b36ba6-05a8-4112-800c-d074ff4a3be7,U: I think I'm in danger | A: Do you need immediate help? | U: i'm getting scared | U: something feels wrong | A: I'm listening. | U: someone is trying to get in | A: Can you explain a bit more? | U: I hear something outside,emergency,high,1.0,unknown,5,yes,0.77
676356ff-c9b5-4acc-9bd3-1b65f161adad,"U: i think i'm in danger, it’s just weird... | A: I'm concerned. Is someone with you? | U: someone is trying to get in at home | A: I'm listening. | U: i'm getting scared at home...",emergency,high,0.9,domestic,3,yes,0.89
6e4f0030-e57b-4f44-aac7-0ea20bc96045,"U: I hear something outside, I don’t know | A: What happened next? | U: I'm getting scared outside... | U: I feel like something bad is about to happen outside | A: Can you explain a bit more? | U: I’m not safe right now | A: That sounds serious. Are you safe right now? | U: I think I'm in danger outside, it’s just weird...",emergency,high,1.0,public,5,yes,0.87
c87d45ca-ca3c-4c34-8a82-7f762ba3aad8,"U: i think i'm in danger, i don’t know | A: That sounds serious. Are you safe right now? | U: something feels wrong at home | U: I feel like something bad is about to happen | A: I'm listening. | U: I’m not safe right now | A: Do you need immediate help? | U: please help me, it’s just weird",emergency,high,1.0,domestic,5,yes,0.82
8e089fc7-898f-4dda-8ee4-7820cead3a38,"U: I'm getting scared | A: I'm listening. | U: i’m not safe right now... | A: I'm concerned. Is someone with you? | U: I feel like something bad is about to happen outside, maybe I’m overthinking... | U: someone is trying to get in | A: Can you explain a bit more? | U: please help me, it’s just weird",emergency,high,1.0,public,5,yes,0.84
bf302ca2-61ef-49bd-af03-da52d1ec9545,"U: something feels wrong with my partner | A: What happened next? | U: I’m not safe right now with my partner | A: Do you need immediate help? | U: I'm getting scared, I’m not sure",emergency,high,0.9,relationship,3,yes,0.91
fbb2360b-9e1b-446c-99c2-4eb99a196545,"U: I'm getting scared | A: I'm listening. | U: I’m not safe right now, maybe I’m overthinking | U: I think I'm in danger with my partner, maybe I’m overthinking | A: Do you need immediate help? | U: i hear something outside, it’s just weird | A: I'm listening. | U: something feels wrong with my partner",emergency,high,1.0,relationship,5,yes,0.85
254ffed4-653d-456a-aff0-cc8c4541171b,"U: i’m not safe right now | A: Do you need immediate help? | U: I hear something outside, it’s just weird | U: someone is trying to get in outside",emergency,high,0.9,public,3,yes,0.94
34f779ca-794e-46dc-a57f-ecb7cabea7fb,"U: I think I'm in danger, I tried to ignore it | A: I'm concerned. Is someone with you? | U: please help me, i don’t know | A: That sounds serious. Are you safe right now? | U: I feel like something bad is about to happen, I tried to ignore it...",emergency,high,0.9,unknown,3,yes,0.88
ba79a504-e374-4abd-a1ef-14ba0c499047,"U: I hear something outside with my family... | A: What happened next? | U: something feels wrong with my family, maybe I’m overthinking | U: I'm getting scared, I don’t know | A: Can you explain a bit more? | U: I feel like something bad is about to happen, it’s just weird",emergency,high,0.95,family,4,yes,0.95
b46f0dfb-771c-46aa-a840-2bab00f02447,"U: please help me, i’m not sure | U: I'm getting scared in public, I don’t know | U: I hear something outside | U: I think I'm in danger in public | A: That sounds serious. Are you safe right now? | U: I feel like something bad is about to happen in public, I don’t know",emergency,high,1.0,public,5,yes,0.9
c42106ef-a0cf-4e8c-8550-a0f526c43f3d,"U: i hear something outside | A: I'm listening. | U: someone is trying to get in at home | A: Can you explain a bit more? | U: i think i'm in danger at home, i tried to ignore it | A: That sounds serious. Are you safe right now? | U: please help me | A: Do you need immediate help? | U: I'm getting scared, it’s just weird",emergency,high,1.0,domestic,5,yes,0.92
79cb409a-1509-4bc9-85f4-60ddc81bc886,"U: I feel like something bad is about to happen with my partner | U: I hear something outside... | A: Can you explain a bit more? | U: I’m not safe right now | U: i'm getting scared with my partner, it’s just weird | A: I'm listening. | U: I think I'm in danger | U: please help me with my partner",emergency,high,1.0,relationship,6,yes,0.8
dab7c8cd-0f0d-4a45-b905-17d402c5e633,"U: something feels wrong | A: What happened next? | U: I’m not safe right now | U: i hear something outside with my partner, maybe i’m overthinking",emergency,high,0.9,relationship,3,yes,0.87
c080bc62-3691-4a5c-932d-9eff99d72180,"U: please help me | A: I'm concerned. Is someone with you? | U: I’m not safe right now | A: Do you need immediate help? | U: something feels wrong, I’m not sure | U: I think I'm in danger | A: I'm concerned. Is someone with you? | U: i feel like something bad is about to happen",emergency,high,1.0,unknown,5,yes,0.87
119ba603-6797-4f19-92ae-bf8b461deafa,"U: I hear something outside... | A: What happened next? | U: someone is trying to get in, it’s just weird | A: What happened next? | U: I think I'm in danger, I’m not sure... | A: Do you need immediate help? | U: please help me | A: Do you need immediate help? | U: I'm getting scared, it’s just weird",emergency,high,1.0,unknown,5,yes,0.94
11065f56-553d-44ef-a348-a171c91ef812,"U: i hear something outside, i tried to ignore it | U: please help me | A: That sounds serious. Are you safe right now? | U: I feel like something bad is about to happen | U: something feels wrong",emergency,high,0.95,relationship,4,yes,0.77
752b028d-f58d-42d4-bac0-e6afbd5b805c,U: I hear something outside | A: I'm listening. | U: please help me... | U: someone is trying to get in | A: I'm listening. | U: I'm getting scared,emergency,high,0.95,unknown,4,yes,0.93
fba05ceb-a8cc-4271-a8bf-0bbee513db3d,U: I feel like something bad is about to happen | A: I'm listening. | U: I think I'm in danger | U: I'm getting scared... | A: What happened next? | U: please help me in public | U: something feels wrong | A: I'm listening. | U: someone is trying to get in,emergency,high,1.0,public,6,yes,0.95
bedabdfb-900e-4d1e-afbc-ca1fd41f74c5,"U: I think I'm in danger, maybe I’m overthinking | A: Do you need immediate help? | U: I feel like something bad is about to happen | A: What happened next? | U: I hear something outside at home... | A: What happened next? | U: I'm getting scared...",emergency,high,0.95,domestic,4,yes,0.84
70f56c92-98da-4083-8925-3b4214bade05,"U: someone is trying to get in... | U: I hear something outside | U: something feels wrong, I tried to ignore it | U: please help me, I don’t know | A: That sounds serious. Are you safe right now? | U: I'm getting scared, I’m not sure | A: What happened next? | U: I think I'm in danger, it’s just weird",emergency,high,1.0,unknown,6,yes,0.92
8d4e2e82-02d2-4bd4-80d9-bb614f2b9e84,"U: i’m not safe right now | A: Do you need immediate help? | U: i think i'm in danger... | A: That sounds serious. Are you safe right now? | U: please help me with my partner, maybe I’m overthinking... | U: I'm getting scared | A: What happened next? | U: something feels wrong | A: What happened next? | U: i hear something outside...",emergency,high,1.0,relationship,6,yes,0.82
3d6689de-96d5-4208-b3d4-7cea31c525af,"U: something feels wrong | A: I'm listening. | U: please help me | A: That sounds serious. Are you safe right now? | U: i'm getting scared | A: I'm listening. | U: I feel like something bad is about to happen, I’m not sure | U: someone is trying to get in | A: I'm listening. | U: i think i'm in danger, i’m not sure...",emergency,high,1.0,unknown,6,yes,0.77
092f961a-8e14-4dc8-b7c7-12f62e51276f,U: I hear something outside | A: I'm listening. | U: please help me | A: Do you need immediate help? | U: i'm getting scared | U: someone is trying to get in | A: What happened next? | U: I think I'm in danger with my partner,emergency,high,1.0,relationship,5,yes,0.81
934726f3-810e-4b21-b601-7f49fc9ff56a,"U: i’m not safe right now, i tried to ignore it | U: someone is trying to get in at home... | A: I'm listening. | U: I'm getting scared | A: I'm listening. | U: I feel like something bad is about to happen",emergency,high,0.95,domestic,4,yes,0.79
528cf20f-bce9-4f4d-9a90-ae812ac796d5,"U: I hear something outside, I tried to ignore it | A: Can you explain a bit more? | U: I feel like something bad is about to happen, it’s just weird... | A: Can you explain a bit more? | U: I'm getting scared, I tried to ignore it",emergency,high,0.9,unknown,3,yes,0.8
40479b00-458e-41a2-b6b6-1223bf1c7fad,"U: I’m not safe right now | A: Do you need immediate help? | U: something feels wrong in public, it’s just weird | A: Can you explain a bit more? | U: someone is trying to get in | U: I hear something outside... | A: What happened next? | U: I feel like something bad is about to happen in public, it’s just weird | A: I'm listening. | U: please help me in public",emergency,high,1.0,public,6,yes,0.91
6174071e-c8e5-4a1b-b4dd-923717803962,"U: I’m not safe right now, I’m not sure | U: something feels wrong | A: What happened next? | U: please help me, I don’t know | U: someone is trying to get in | U: I feel like something bad is about to happen | A: Can you explain a bit more? | U: I hear something outside, I don’t know",emergency,high,1.0,unknown,6,yes,0.94
8a213c1a-dc2f-4288-9bcf-0866fce1beab,U: I'm getting scared... | A: Can you explain a bit more? | U: i think i'm in danger with my partner | A: Do you need immediate help? | U: i’m not safe right now | A: That sounds serious. Are you safe right now? | U: I hear something outside | A: I'm listening. | U: I feel like something bad is about to happen,emergency,high,1.0,relationship,5,yes,0.88
87576359-fc36-4ce8-9c94-a8f9664768f2,"U: someone is trying to get in | A: Can you explain a bit more? | U: something feels wrong | A: I'm listening. | U: i’m not safe right now | U: I think I'm in danger in public, it’s just weird... | A: That sounds serious. Are you safe right now? | U: I'm getting scared | U: I hear something outside in public, maybe I’m overthinking",emergency,high,1.0,public,6,yes,0.86
518d5579-ea1e-46ec-9045-e20efdf7e77e,"U: I feel like something bad is about to happen | A: I'm listening. | U: something feels wrong with my family, maybe I’m overthinking | A: I'm listening. | U: I'm getting scared, I’m not sure... | A: What happened next? | U: someone is trying to get in with my family, maybe I’m overthinking | A: I'm listening. | U: I think I'm in danger with my family | A: That sounds serious. Are you safe right now? | U: please help me with my family, it’s just weird",emergency,high,1.0,family,6,yes,0.82
f6c2ce78-c695-40ae-8233-78d238b3c8d6,"U: I’m not safe right now | A: I'm concerned. Is someone with you? | U: i feel like something bad is about to happen with my family | U: I think I'm in danger, I’m not sure | A: Do you need immediate help? | U: i hear something outside",emergency,high,0.95,family,4,yes,0.84
2febdfa6-d7f9-410e-82e2-b5befac07bba,U: i’m not safe right now with my family... | U: I hear something outside with my family | A: I'm listening. | U: please help me with my family... | U: I think I'm in danger with my family... | A: Do you need immediate help? | U: something feels wrong,emergency,high,1.0,family,5,yes,0.79
57c580de-fc37-4564-93c8-56e60ac2ba5a,"U: I think I'm in danger, I don’t know | A: That sounds serious. Are you safe right now? | U: I'm getting scared, maybe I’m overthinking... | A: I'm listening. | U: I hear something outside in the house",emergency,high,0.9,domestic,3,yes,0.83
d568b652-ed17-4990-b09b-748296a01838,"U: someone is trying to get in | A: Can you explain a bit more? | U: I think I'm in danger with my family | A: I'm concerned. Is someone with you? | U: i feel like something bad is about to happen | U: please help me, maybe I’m overthinking | A: I'm concerned. Is someone with you? | U: I’m not safe right now with my family, it’s just weird | A: Do you need immediate help? | U: I hear something outside with my family, I don’t know",emergency,high,1.0,family,6,yes,0.9
8d3fa5f3-70f3-4dfb-9296-6893eff2cfd4,"U: i’m not safe right now | A: Do you need immediate help? | U: I feel like something bad is about to happen, I’m not sure | U: please help me, I’m not sure | A: I'm concerned. Is someone with you? | U: I hear something outside, I don’t know | A: What happened next? | U: I'm getting scared",emergency,high,1.0,relationship,5,yes,0.92
6ab44e35-9766-465d-8960-ca8cbd0bab92,"U: please help me | A: That sounds serious. Are you safe right now? | U: something feels wrong | A: Can you explain a bit more? | U: I'm getting scared with my partner | A: Can you explain a bit more? | U: I’m not safe right now, maybe I’m overthinking | A: That sounds serious. Are you safe right now? | U: I think I'm in danger with my partner | U: I hear something outside with my partner, I tried to ignore it",emergency,high,1.0,relationship,6,yes,0.82
4b0e43e8-183a-4cb8-9490-bca1107848e7,"U: I'm getting scared with my partner, I tried to ignore it | A: What happened next? | U: I feel like something bad is about to happen | U: I hear something outside, I’m not sure | A: Can you explain a bit more? | U: I’m not safe right now, I’m not sure... | A: Do you need immediate help? | U: someone is trying to get in | U: please help me, I don’t know",emergency,high,1.0,relationship,6,yes,0.93
8f17f79d-ef99-4e7a-ba1b-53a40ff68c90,"U: I'm getting scared at home... | U: I feel like something bad is about to happen at home, maybe I’m overthinking | A: What happened next? | U: please help me, I don’t know | U: I hear something outside at home, it’s just weird | A: What happened next? | U: I think I'm in danger | A: That sounds serious. Are you safe right now? | U: something feels wrong",emergency,high,1.0,domestic,6,yes,0.76
041c0a2d-d588-4182-818b-210fd67cc832,"U: something feels wrong | U: I hear something outside at home | A: I'm listening. | U: I'm getting scared at home, I don’t know | U: please help me at home | A: Do you need immediate help? | U: I think I'm in danger at home...",emergency,high,1.0,domestic,5,yes,0.81
47cdf6cc-2454-4c2b-96ce-27b31d13a48d,"U: please help me, it’s just weird | A: I'm concerned. Is someone with you? | U: I’m not safe right now, maybe I’m overthinking... | A: That sounds serious. Are you safe right now? | U: I'm getting scared",emergency,high,0.9,unknown,3,yes,0.83
7193fd78-5371-4687-b924-290c803c66dc,"U: someone is trying to get in in public | U: please help me in public | A: Do you need immediate help? | U: I hear something outside | A: I'm listening. | U: i think i'm in danger in public, maybe i’m overthinking | U: I feel like something bad is about to happen in public | A: I'm listening. | U: something feels wrong in public, it’s just weird",emergency,high,1.0,public,6,yes,0.85
8022cf7e-5337-4bd2-b421-932a244e61ff,"U: I'm getting scared | A: I'm listening. | U: I’m not safe right now | A: That sounds serious. Are you safe right now? | U: I think I'm in danger, I’m not sure | A: Do you need immediate help? | U: someone is trying to get in, I don’t know... | A: What happened next? | U: I hear something outside with my family, I don’t know...",emergency,high,1.0,family,5,yes,0.76
bf028ef2-df64-4ecd-b871-9287e382c04f,"U: I feel like something bad is about to happen | U: someone is trying to get in | A: What happened next? | U: something feels wrong, it’s just weird",emergency,high,0.9,unknown,3,yes,0.91
83d8225b-9314-40ca-8c82-959a25a64820,U: I'm getting scared | A: What happened next? | U: someone is trying to get in with my family | A: What happened next? | U: I feel like something bad is about to happen | A: Can you explain a bit more? | U: I’m not safe right now with my family,emergency,high,0.95,family,4,yes,0.81
7c3834a2-0753-471d-9ee3-4216b8f2561a,"U: please help me at home | U: something feels wrong at home | A: Can you explain a bit more? | U: I feel like something bad is about to happen | A: I'm listening. | U: I hear something outside at home, I’m not sure | A: I'm listening. | U: someone is trying to get in | A: What happened next? | U: I'm getting scared at home, I don’t know",emergency,high,1.0,domestic,6,yes,0.84
7b198668-2bd0-4e3d-bd2c-42da727fb376,"U: I hear something outside with my family | U: please help me | A: I'm concerned. Is someone with you? | U: I’m not safe right now, maybe I’m overthinking | A: I'm concerned. Is someone with you? | U: something feels wrong | A: What happened next? | U: I'm getting scared with my family",emergency,high,1.0,family,5,yes,0.92
ceb75709-9bdb-4295-8d10-9d7ce3f799d1,"U: please help me at home | A: Do you need immediate help? | U: i think i'm in danger at home | A: That sounds serious. Are you safe right now? | U: I hear something outside at home, it’s just weird | U: something feels wrong | A: What happened next? | U: I'm getting scared",emergency,high,1.0,domestic,5,yes,0.83
28c4cd7e-25a4-4899-90ee-8f9f8fb0b652,"U: I'm getting scared, I tried to ignore it | A: I'm listening. | U: I’m not safe right now | A: That sounds serious. Are you safe right now? | U: someone is trying to get in | A: What happened next? | U: I feel like something bad is about to happen, I don’t know",emergency,high,0.95,unknown,4,yes,0.75
f765f48d-b7f7-4bd1-afee-e68b3e012bb0,U: someone is trying to get in | A: I'm listening. | U: i hear something outside with my partner | A: Can you explain a bit more? | U: please help me,emergency,high,0.9,relationship,3,yes,0.8
b1af5555-25f6-4cf0-9b46-66216270b47b,"U: I feel like something bad is about to happen in the house, I tried to ignore it | A: Can you explain a bit more? | U: something feels wrong in the house, I tried to ignore it | A: What happened next? | U: I think I'm in danger in the house, I tried to ignore it | A: I'm concerned. Is someone with you? | U: please help me in the house",emergency,high,0.95,domestic,4,yes,0.91
7b74e3f2-8882-4880-9687-14720c221c20,"U: I hear something outside, I’m not sure | U: I’m not safe right now, maybe I’m overthinking | A: Do you need immediate help? | U: please help me... | A: That sounds serious. Are you safe right now? | U: I think I'm in danger with my partner, maybe I’m overthinking",emergency,high,0.95,relationship,4,yes,0.93
21e465e4-6c38-4645-9558-904f4de27ad7,"U: i feel like something bad is about to happen | A: I'm listening. | U: someone is trying to get in, it’s just weird | U: I think I'm in danger, I’m not sure | A: That sounds serious. Are you safe right now? | U: I hear something outside in public... | A: Can you explain a bit more? | U: I’m not safe right now in public, I don’t know | A: I'm concerned. Is someone with you? | U: please help me",emergency,high,1.0,public,6,yes,0.92
1d45352c-4af3-42cb-90d9-197efc4b1e98,"U: please help me, I tried to ignore it | A: Do you need immediate help? | U: something feels wrong, maybe I’m overthinking | U: someone is trying to get in | A: Can you explain a bit more? | U: i feel like something bad is about to happen in the house, it’s just weird | A: I'm listening. | U: I hear something outside, I’m not sure | A: I'm listening. | U: i think i'm in danger...",emergency,high,1.0,domestic,6,yes,0.9
bbc66eca-2571-4251-b5b1-6ce9c2d24c4c,"U: something feels wrong | A: What happened next? | U: someone is trying to get in | A: I'm listening. | U: I'm getting scared | A: I'm listening. | U: please help me | A: Do you need immediate help? | U: i think i'm in danger | A: I'm concerned. Is someone with you? | U: I hear something outside, it’s just weird...",emergency,high,1.0,unknown,6,yes,0.91
e8995993-621b-47b0-a979-5f960cf80dc7,U: please help me | U: something feels wrong... | A: What happened next? | U: I’m not safe right now | U: i'm getting scared in public,emergency,high,0.95,public,4,yes,0.93
88ca5d6f-3467-4895-8cbe-0e7e3809bcfc,"U: please help me, I don’t know | A: Do you need immediate help? | U: I think I'm in danger outside | A: That sounds serious. Are you safe right now? | U: I'm getting scared, I’m not sure | U: I feel like something bad is about to happen outside",emergency,high,0.95,public,4,yes,0.86
ca849095-3902-4099-aa6b-b4a95a88f174,"U: I think I'm in danger with my partner | A: That sounds serious. Are you safe right now? | U: i’m not safe right now | U: i hear something outside | U: please help me, i tried to ignore it",emergency,high,0.95,relationship,4,yes,0.8
04628a6c-926e-4fb2-b4d8-29d817bc7bff,"U: I’m not safe right now | U: I feel like something bad is about to happen with my partner, I don’t know... | A: I'm listening. | U: I hear something outside... | A: Can you explain a bit more? | U: something feels wrong with my partner | A: I'm listening. | U: I'm getting scared with my partner | A: What happened next? | U: please help me, I’m not sure",emergency,high,1.0,relationship,6,yes,0.79
f5c2ac1b-72e2-4429-b414-b070f3639c21,"U: please help me... | U: I feel like something bad is about to happen | U: someone is trying to get in, I don’t know | A: I'm listening. | U: I’m not safe right now | A: I'm concerned. Is someone with you? | U: I hear something outside, I’m not sure",emergency,high,1.0,domestic,5,yes,0.84
ec67a20a-b291-423d-a4d3-08b824d27b18,"U: something feels wrong, maybe i’m overthinking | A: What happened next? | U: I hear something outside | U: I feel like something bad is about to happen | A: What happened next? | U: someone is trying to get in...",emergency,high,0.95,unknown,4,yes,0.93
17af56c2-38eb-45a1-899d-70851781901a,"U: I’m not safe right now with my family | A: That sounds serious. Are you safe right now? | U: I hear something outside with my family, I don’t know | A: Can you explain a bit more? | U: I feel like something bad is about to happen with my family | U: something feels wrong with my family, it’s just weird | A: Can you explain a bit more? | U: someone is trying to get in...",emergency,high,1.0,family,5,yes,0.92
adb48f87-490b-46b3-b957-e15a487698cc,"U: I’m not safe right now with my family | A: I'm concerned. Is someone with you? | U: I hear something outside, I don’t know | A: I'm listening. | U: someone is trying to get in | A: I'm listening. | U: something feels wrong with my family",emergency,high,0.95,family,4,yes,0.86
cc0161ca-1a8c-4f56-abd3-314060f105bd,"U: someone is trying to get in | A: What happened next? | U: i’m not safe right now, it’s just weird | A: That sounds serious. Are you safe right now? | U: please help me",emergency,high,0.9,public,3,yes,0.86
82df0008-d760-4607-b74a-5679a8d3e594,U: please help me | A: Do you need immediate help? | U: I think I'm in danger | A: I'm concerned. Is someone with you? | U: I hear something outside with my partner...,emergency,high,0.9,relationship,3,yes,0.85
65e687bd-ac00-41af-99b2-7dd0d0f3bea6,"U: please help me outside... | U: I feel like something bad is about to happen | A: Can you explain a bit more? | U: I hear something outside outside | A: I'm listening. | U: I’m not safe right now, I don’t know | U: something feels wrong, maybe I’m overthinking",emergency,high,1.0,public,5,yes,0.87
a305d312-f7ee-416a-834c-126bcedb7af5,U: I hear something outside at home | A: What happened next? | U: please help me at home | A: I'm concerned. Is someone with you? | U: something feels wrong at home | U: I’m not safe right now...,emergency,high,0.95,domestic,4,yes,0.94
68011b51-42af-4457-8f64-b77600536e44,"U: please help me, I’m not sure | A: That sounds serious. Are you safe right now? | U: i hear something outside in public, i tried to ignore it | A: Can you explain a bit more? | U: someone is trying to get in in public | A: I'm listening. | U: I’m not safe right now in public, I tried to ignore it... | A: I'm concerned. Is someone with you? | U: I'm getting scared, maybe I’m overthinking | A: What happened next? | U: I think I'm in danger in public...",emergency,high,1.0,public,6,yes,0.87
d5c0af47-9150-491a-b5ce-be1c2f2ee8dc,"U: I think I'm in danger with my partner... | U: please help me... | U: someone is trying to get in, maybe i’m overthinking | A: Can you explain a bit more? | U: something feels wrong with my partner | U: I'm getting scared with my partner | U: i hear something outside",emergency,high,1.0,relationship,6,yes,0.94
22ddf1bc-036c-434f-a9f8-b3c5e4523b27,"U: I hear something outside with my partner | A: I'm listening. | U: someone is trying to get in with my partner, i’m not sure | A: Can you explain a bit more? | U: I think I'm in danger, I’m not sure",emergency,high,0.9,relationship,3,yes,0.81
b292742f-3ddd-4b94-983b-f8765f85618f,"U: I'm getting scared in public, I’m not sure | U: I think I'm in danger | A: Do you need immediate help? | U: someone is trying to get in, I’m not sure | A: Can you explain a bit more? | U: I hear something outside in public",emergency,high,0.95,public,4,yes,0.8
c7bbd90b-f72c-484b-86e0-3cc2b4842b4f,"U: I feel like something bad is about to happen in the house, it’s just weird | A: What happened next? | U: i’m not safe right now in the house | A: I'm concerned. Is someone with you? | U: something feels wrong | A: Can you explain a bit more? | U: I think I'm in danger in the house | A: Do you need immediate help? | U: someone is trying to get in | U: i'm getting scared, it’s just weird",emergency,high,1.0,domestic,6,yes,0.78
5e97720c-b073-48ee-b473-2bb80ccb774a,U: I hear something outside | A: What happened next? | U: I'm getting scared | A: Can you explain a bit more? | U: please help me | A: I'm concerned. Is someone with you? | U: someone is trying to get in with my family | U: I feel like something bad is about to happen with my family,emergency,high,1.0,family,5,yes,0.85
9167b59a-c05f-4255-b741-49823976d69f,U: someone is trying to get in at home | A: I'm listening. | U: I feel like something bad is about to happen at home | A: Can you explain a bit more? | U: something feels wrong at home,emergency,high,0.9,domestic,3,yes,0.93
4c5237ad-21be-4f1c-9acd-b938482d6e45,U: I'm getting scared with my partner | A: I'm listening. | U: I’m not safe right now with my partner | A: I'm concerned. Is someone with you? | U: someone is trying to get in with my partner,emergency,high,0.9,relationship,3,yes,0.94
bdd1e40a-1e75-40f0-a275-9c2c4dd2c105,"U: I hear something outside, I’m not sure | A: Can you explain a bit more? | U: I think I'm in danger | U: something feels wrong outside, I’m not sure | A: I'm listening. | U: someone is trying to get in outside | U: I’m not safe right now... | A: I'm concerned. Is someone with you? | U: please help me",emergency,high,1.0,public,6,yes,0.88
fdc2d07d-771d-4952-b8a8-b90408baca6b,"U: I’m not safe right now | A: That sounds serious. Are you safe right now? | U: someone is trying to get in, it’s just weird | A: Can you explain a bit more? | U: i think i'm in danger with my partner | U: I'm getting scared... | A: I'm listening. | U: something feels wrong",emergency,high,1.0,relationship,5,yes,0.93
886c8424-df6d-4ffd-b8ea-3f39120eaf67,"U: please help me... | A: That sounds serious. Are you safe right now? | U: I'm getting scared, I tried to ignore it | A: I'm listening. | U: someone is trying to get in with my family | A: I'm listening. | U: I hear something outside, I tried to ignore it | U: I think I'm in danger with my family, I’m not sure | A: Do you need immediate help? | U: I’m not safe right now with my family",emergency,high,1.0,family,6,yes,0.87
618dd55b-89bd-4cb8-ab8d-a5b09bd8cb46,"U: I feel like something bad is about to happen, I don’t know | U: someone is trying to get in | U: please help me, maybe I’m overthinking | A: Do you need immediate help? | U: I think I'm in danger",emergency,high,0.95,domestic,4,yes,0.81
aa125b44-f2e8-495e-9191-db0ab094e911,"U: please help me in public | A: I'm concerned. Is someone with you? | U: I hear something outside | U: something feels wrong in public | A: What happened next? | U: I feel like something bad is about to happen... | U: I'm getting scared, I don’t know | A: What happened next? | U: someone is trying to get in...",emergency,high,1.0,public,6,yes,0.81
5bc3236e-3828-49f1-a70d-7200d8995888,"U: I think I'm in danger in public | A: I'm concerned. Is someone with you? | U: something feels wrong in public... | A: I'm listening. | U: I feel like something bad is about to happen, it’s just weird... | A: Can you explain a bit more? | U: please help me | A: That sounds serious. Are you safe right now? | U: i’m not safe right now in public, i don’t know",emergency,high,1.0,public,5,yes,0.81
53cc7ce3-ae67-4d9b-9b79-2deac9deace4,"U: please help me | U: I hear something outside, maybe I’m overthinking | U: I think I'm in danger, I tried to ignore it",emergency,high,0.9,unknown,3,yes,0.88
9a8931b3-8170-4c6d-91b3-a20eff7f0349,U: I think I'm in danger | A: That sounds serious. Are you safe right now? | U: I hear something outside | U: someone is trying to get in | A: I'm listening. | U: i'm getting scared | A: What happened next? | U: please help me,emergency,high,1.0,unknown,5,yes,0.78
02b0f607-8269-40bd-860b-28013ff2da7f,"U: i think i'm in danger | A: That sounds serious. Are you safe right now? | U: someone is trying to get in, maybe I’m overthinking... | A: Can you explain a bit more? | U: please help me",emergency,high,0.9,unknown,3,yes,0.79
e5459258-62e2-41a7-bbe4-51a4028e8db8,"U: I feel like something bad is about to happen, I don’t know... | A: I'm listening. | U: I think I'm in danger, maybe I’m overthinking | A: That sounds serious. Are you safe right now? | U: please help me, maybe i’m overthinking | U: someone is trying to get in | A: What happened next? | U: I'm getting scared | U: something feels wrong",emergency,high,1.0,unknown,6,yes,0.92
a45a3aa7-3130-4893-88a1-76b93a2dcd1b,"U: I'm getting scared | A: I'm listening. | U: I hear something outside with my family, I don’t know | A: Can you explain a bit more? | U: I’m not safe right now | U: i think i'm in danger... | A: That sounds serious. Are you safe right now? | U: I feel like something bad is about to happen with my family...",emergency,high,1.0,family,5,yes,0.83
e74544a5-08ee-41bf-a195-f03271a9f9e7,"U: someone is trying to get in, I don’t know | A: Can you explain a bit more? | U: I’m not safe right now, I’m not sure | A: That sounds serious. Are you safe right now? | U: please help me in public | A: Do you need immediate help? | U: I think I'm in danger in public",emergency,high,0.95,public,4,yes,0.81
9153ea79-e476-4467-9ad3-9229bcbebf1c,"U: something feels wrong | A: Can you explain a bit more? | U: someone is trying to get in outside | A: What happened next? | U: I think I'm in danger outside | U: I'm getting scared outside, maybe I’m overthinking... | U: I’m not safe right now... | A: I'm concerned. Is someone with you? | U: I feel like something bad is about to happen",emergency,high,1.0,public,6,yes,0.83
46af3e7f-d9d4-4a0f-99a5-745360b6e8dc,"U: I feel like something bad is about to happen | A: What happened next? | U: I'm getting scared | A: What happened next? | U: something feels wrong in public | A: What happened next? | U: I think I'm in danger, maybe I’m overthinking | A: Do you need immediate help? | U: I hear something outside, maybe I’m overthinking... | U: please help me, maybe I’m overthinking",emergency,high,1.0,public,6,yes,0.84
e30bdd16-92b0-4823-9266-d32d44a616d3,"U: I’m not safe right now, maybe I’m overthinking | A: That sounds serious. Are you safe right now? | U: someone is trying to get in | A: I'm listening. | U: I feel like something bad is about to happen | A: Can you explain a bit more? | U: I'm getting scared in public | A: What happened next? | U: something feels wrong in public | A: Can you explain a bit more? | U: please help me in public",emergency,high,1.0,public,6,yes,0.91
5073d151-d5f2-43ab-ac2e-88a42cecc19d,"U: i feel like something bad is about to happen | A: I'm listening. | U: please help me | A: I'm concerned. Is someone with you? | U: something feels wrong | U: I'm getting scared, I don’t know",emergency,high,0.95,unknown,4,yes,0.83
03e35e31-9c6e-4cea-a279-8680655cde4c,"U: someone is trying to get in | A: Can you explain a bit more? | U: please help me, it’s just weird | U: something feels wrong at home | A: I'm listening. | U: I'm getting scared at home",emergency,high,0.95,domestic,4,yes,0.89
b2f0d7c2-dbd1-4839-b59a-a1c2b630afe2,"U: I hear something outside | A: Can you explain a bit more? | U: someone is trying to get in, maybe i’m overthinking | A: What happened next? | U: something feels wrong | U: I’m not safe right now | A: I'm concerned. Is someone with you? | U: I think I'm in danger | A: Do you need immediate help? | U: I feel like something bad is about to happen, it’s just weird",emergency,high,1.0,unknown,6,yes,0.91
58671045-6607-4dc6-8d12-23a5930ec853,"U: something feels wrong | A: What happened next? | U: someone is trying to get in | A: What happened next? | U: i hear something outside, it’s just weird... | U: i’m not safe right now | A: I'm concerned. Is someone with you? | U: I feel like something bad is about to happen, maybe I’m overthinking... | A: Can you explain a bit more? | U: I'm getting scared",emergency,high,1.0,unknown,6,yes,0.91
45355688-802f-490c-a7dc-33ed8ffba00e,"U: please help me with my family, I tried to ignore it | A: That sounds serious. Are you safe right now? | U: someone is trying to get in with my family | A: What happened next? | U: I'm getting scared with my family, I’m not sure",emergency,high,0.9,family,3,yes,0.81
fbe54ace-bf13-4661-810d-94f03c0b22e1,"U: please help me at home, I don’t know | A: Do you need immediate help? | U: i hear something outside at home | U: something feels wrong",emergency,high,0.9,domestic,3,yes,0.81
a4859142-9d9c-43ca-ab96-55054d8900a3,U: I’m not safe right now with my family | A: That sounds serious. Are you safe right now? | U: I'm getting scared... | U: I feel like something bad is about to happen with my family | A: I'm listening. | U: someone is trying to get in with my family,emergency,high,0.95,family,4,yes,0.82
b092cb2c-3c18-427f-a559-be4dbf61e5c1,"U: i’m not safe right now at home, i don’t know | U: I think I'm in danger, it’s just weird | A: I'm concerned. Is someone with you? | U: please help me | A: I'm concerned. Is someone with you? | U: I hear something outside, it’s just weird | A: Can you explain a bit more? | U: someone is trying to get in",emergency,high,1.0,domestic,5,yes,0.84
6a8f960b-9848-4081-b512-b2f263f452f4,"U: I feel like something bad is about to happen | U: i hear something outside | A: I'm listening. | U: i'm getting scared with my partner, maybe i’m overthinking",emergency,high,0.9,relationship,3,yes,0.95
a5f00225-0df6-4469-8f1f-80656eb00986,"U: I feel like something bad is about to happen with my partner | A: Can you explain a bit more? | U: someone is trying to get in, I tried to ignore it | A: What happened next? | U: I'm getting scared with my partner... | A: What happened next? | U: I’m not safe right now | A: That sounds serious. Are you safe right now? | U: I think I'm in danger with my partner",emergency,high,1.0,relationship,5,yes,0.77
25d2587e-1a6d-4723-8273-67f94e2c3a48,"U: please help me, I don’t know | U: something feels wrong | U: someone is trying to get in, I tried to ignore it | U: I hear something outside",emergency,high,0.95,unknown,4,yes,0.79
bba3bf1d-503d-4f8a-93ea-0ba05029096d,"U: I feel like something bad is about to happen with my family | A: What happened next? | U: I think I'm in danger, I tried to ignore it | A: That sounds serious. Are you safe right now? | U: something feels wrong, maybe I’m overthinking",emergency,high,0.9,family,3,yes,0.83
ed6a9a93-f057-4f6d-91e3-29ec04232e25,"U: someone is trying to get in outside | A: What happened next? | U: I’m not safe right now outside | U: I think I'm in danger outside | A: I'm concerned. Is someone with you? | U: please help me, I don’t know | A: I'm concerned. Is someone with you? | U: I'm getting scared",emergency,high,1.0,public,5,yes,0.93
58b2326a-9ffd-43d6-8d8b-7ea06aadc6dc,"U: I think I'm in danger, I don’t know | A: That sounds serious. Are you safe right now? | U: I hear something outside, I tried to ignore it | U: someone is trying to get in | A: Can you explain a bit more? | U: I’m not safe right now",emergency,high,0.95,unknown,4,yes,0.76
1b96c268-d7ff-4f92-b13b-5375c7ac5b92,"U: i think i'm in danger... | A: I'm concerned. Is someone with you? | U: please help me in the house, I don’t know | A: That sounds serious. Are you safe right now? | U: I feel like something bad is about to happen in the house, it’s just weird | A: What happened next? | U: I’m not safe right now in the house | A: I'm concerned. Is someone with you? | U: i hear something outside in the house, i’m not sure | A: What happened next? | U: someone is trying to get in...",emergency,high,1.0,domestic,6,yes,0.8
1316abf6-af4e-406a-b77b-cd3ce87ba5db,"U: someone is trying to get in... | A: Can you explain a bit more? | U: please help me | A: I'm concerned. Is someone with you? | U: I'm getting scared, maybe I’m overthinking | A: Can you explain a bit more? | U: I hear something outside",emergency,high,0.95,unknown,4,yes,0.82
b1fa9c0b-2ad2-41ab-8b95-5da6faf869da,"U: please help me | A: Do you need immediate help? | U: I think I'm in danger with my family, I don’t know | U: i hear something outside | A: Can you explain a bit more? | U: something feels wrong with my family, I don’t know | A: What happened next? | U: someone is trying to get in, I tried to ignore it",emergency,high,1.0,family,5,yes,0.84
284ccb59-b390-46af-a147-b21dd99cb1fc,"U: I think I'm in danger | U: I hear something outside, it’s just weird | U: please help me | A: That sounds serious. Are you safe right now? | U: someone is trying to get in with my partner",emergency,high,0.95,relationship,4,yes,0.91
286a3de9-bef4-4968-8f88-fa5a031e69bc,"U: I hear something outside, maybe I’m overthinking | A: Can you explain a bit more? | U: please help me | A: Do you need immediate help? | U: I’m not safe right now, maybe I’m overthinking... | U: I think I'm in danger | A: I'm concerned. Is someone with you? | U: something feels wrong",emergency,high,1.0,unknown,5,yes,0.87
d7724965-0a56-46ab-a6f5-342e300c208d,"U: I’m not safe right now at home | A: I'm concerned. Is someone with you? | U: someone is trying to get in... | A: Can you explain a bit more? | U: i feel like something bad is about to happen, i’m not sure | U: I hear something outside | A: Can you explain a bit more? | U: please help me, I don’t know",emergency,high,1.0,domestic,5,yes,0.87
fb9f3c6d-f263-4032-82ca-e766b6935ff1,"U: i hear something outside, maybe i’m overthinking | A: I'm listening. | U: I'm getting scared | U: someone is trying to get in, I tried to ignore it | A: Can you explain a bit more? | U: I feel like something bad is about to happen, I’m not sure",emergency,high,0.95,unknown,4,yes,0.79
0a9ea5af-a1f3-4942-baf4-a2d4b217032c,"U: something feels wrong | A: What happened next? | U: I'm getting scared, I tried to ignore it | A: Can you explain a bit more? | U: please help me, i tried to ignore it | U: I feel like something bad is about to happen with my family | A: I'm listening. | U: I think I'm in danger with my family, I tried to ignore it | A: Do you need immediate help? | U: someone is trying to get in with my family",emergency,high,1.0,family,6,yes,0.78
1a45cc59-f391-4452-a82c-567263ddca4d,"U: someone is trying to get in in the house, I don’t know | U: i'm getting scared in the house | A: What happened next? | U: I feel like something bad is about to happen, I’m not sure | A: I'm listening. | U: please help me, maybe I’m overthinking... | A: That sounds serious. Are you safe right now? | U: i hear something outside",emergency,high,1.0,domestic,5,yes,0.88
1d449ca1-42a1-42e8-8cee-ff32fc8dc64e,"U: I feel like something bad is about to happen with my family, I don’t know | A: Can you explain a bit more? | U: something feels wrong with my family | A: What happened next? | U: please help me",emergency,high,0.9,family,3,yes,0.85
9063d03c-f5e4-466a-9b87-bec6444456ca,"U: I hear something outside with my family | U: I feel like something bad is about to happen | A: I'm listening. | U: I think I'm in danger with my family | A: Do you need immediate help? | U: someone is trying to get in with my family | A: Can you explain a bit more? | U: something feels wrong | A: What happened next? | U: I’m not safe right now, maybe I’m overthinking...",emergency,high,1.0,family,6,yes,0.76
a5bbe470-d608-4101-a752-c8fd76b0e531,"U: something feels wrong | U: I'm getting scared with my family, I tried to ignore it | A: What happened next? | U: someone is trying to get in with my family",emergency,high,0.9,family,3,yes,0.83
8a0c188a-3ce2-411d-9d6f-bb28aa4d6ef2,"U: something feels wrong, it’s just weird | U: I’m not safe right now | A: Do you need immediate help? | U: I hear something outside with my partner... | A: I'm listening. | U: I think I'm in danger, I don’t know | U: I feel like something bad is about to happen...",emergency,high,1.0,relationship,5,yes,0.85
629ab8d5-db73-4704-80ea-bb0f9a1e27bd,"U: I’m not safe right now | A: Do you need immediate help? | U: I hear something outside, it’s just weird | A: Can you explain a bit more? | U: I'm getting scared, I don’t know | A: What happened next? | U: something feels wrong",emergency,high,0.95,unknown,4,yes,0.79
1e1544d0-f4a0-4830-a5b7-a4953e74b7e3,"U: i think i'm in danger, i don’t know | A: That sounds serious. Are you safe right now? | U: I feel like something bad is about to happen | A: Can you explain a bit more? | U: I’m not safe right now, I’m not sure",emergency,high,0.9,family,3,yes,0.87
d05b7f70-768e-4417-9379-feb6ae623567,"U: i'm getting scared outside, i’m not sure | A: What happened next? | U: I think I'm in danger outside... | A: I'm concerned. Is someone with you? | U: I feel like something bad is about to happen",emergency,high,0.9,public,3,yes,0.9
ac8b9454-14f1-4f79-96da-eb756b805884,U: please help me... | U: something feels wrong | A: I'm listening. | U: I'm getting scared with my partner,emergency,high,0.9,relationship,3,yes,0.84
c06f87e3-eba3-4704-bd92-69a4d7f9e779,"U: please help me... | A: That sounds serious. Are you safe right now? | U: someone is trying to get in, maybe i’m overthinking | U: I think I'm in danger, maybe I’m overthinking",emergency,high,0.9,public,3,yes,0.83
68d5564e-aa2e-43cf-afb8-974a54693e29,"U: something feels wrong outside, I tried to ignore it | A: Can you explain a bit more? | U: I'm getting scared | A: I'm listening. | U: i’m not safe right now, i don’t know | U: someone is trying to get in, I’m not sure | A: What happened next? | U: i feel like something bad is about to happen, i don’t know",emergency,high,1.0,public,5,yes,0.76
131e3261-5d27-477b-8f1e-9ebce619b426,U: something feels wrong outside | U: I'm getting scared outside | U: please help me outside | A: I'm concerned. Is someone with you? | U: I feel like something bad is about to happen outside,emergency,high,0.95,public,4,yes,0.85
59251308-82cb-4d90-93ea-2e5cd52fad15,"U: something feels wrong | U: I hear something outside in public | U: I'm getting scared, maybe I’m overthinking | A: I'm listening. | U: someone is trying to get in, maybe I’m overthinking...",emergency,high,0.95,public,4,yes,0.79
8fff9c51-1d4b-47a2-9619-c7a988879000,"U: someone is trying to get in | A: Can you explain a bit more? | U: I’m not safe right now | A: Do you need immediate help? | U: i feel like something bad is about to happen | U: something feels wrong | U: please help me, maybe I’m overthinking...",emergency,high,1.0,unknown,5,yes,0.86
4ae66d27-0e11-4b63-80a3-36f206de49f3,U: i'm getting scared | A: What happened next? | U: i think i'm in danger with my family | A: I'm concerned. Is someone with you? | U: something feels wrong | U: I’m not safe right now | U: someone is trying to get in,emergency,high,1.0,family,5,yes,0.76
8d046cf1-adaa-44f6-a8a9-126e344d8645,"U: something feels wrong in the house | A: I'm listening. | U: I’m not safe right now in the house, I tried to ignore it... | A: That sounds serious. Are you safe right now? | U: i hear something outside | A: What happened next? | U: please help me | A: That sounds serious. Are you safe right now? | U: someone is trying to get in in the house",emergency,high,1.0,domestic,5,yes,0.8
ec88b0a7-3e94-48b6-8975-3dc21ea67612,"U: I feel like something bad is about to happen at home | A: What happened next? | U: I think I'm in danger... | A: I'm concerned. Is someone with you? | U: I hear something outside at home | A: What happened next? | U: I'm getting scared, I don’t know",emergency,high,0.95,domestic,4,yes,0.85
30d6030e-590d-4feb-b5b6-b9777ef75e20,"U: I think I'm in danger with my partner, it’s just weird | A: Do you need immediate help? | U: I'm getting scared | A: Can you explain a bit more? | U: I hear something outside with my partner, I don’t know",emergency,high,0.9,relationship,3,yes,0.79
31388ba7-2331-4ac5-9b3b-e3c60f2b2370,"U: i feel like something bad is about to happen, i don’t know | A: What happened next? | U: I think I'm in danger | A: That sounds serious. Are you safe right now? | U: please help me, maybe I’m overthinking | A: Do you need immediate help? | U: I’m not safe right now | A: Do you need immediate help? | U: someone is trying to get in",emergency,high,1.0,unknown,5,yes,0.77
9818d782-803c-437e-ba9b-65e908ea3655,"U: someone is trying to get in outside, I’m not sure | A: I'm listening. | U: please help me | A: I'm concerned. Is someone with you? | U: i’m not safe right now | A: That sounds serious. Are you safe right now? | U: something feels wrong outside, I tried to ignore it",emergency,high,0.95,public,4,yes,0.77
a4f51c48-17f9-4480-a42b-ae6ad0306737,"U: I'm getting scared with my family, I don’t know | U: I think I'm in danger with my family | A: Do you need immediate help? | U: someone is trying to get in with my family | A: Can you explain a bit more? | U: I feel like something bad is about to happen, I’m not sure | U: i’m not safe right now with my family, maybe i’m overthinking",emergency,high,1.0,family,5,yes,0.84
ba7f92c7-5540-4003-87b3-cc6574487f09,U: I feel like something bad is about to happen with my partner | A: What happened next? | U: I'm getting scared... | A: I'm listening. | U: I hear something outside | A: What happened next? | U: something feels wrong | A: I'm listening. | U: I think I'm in danger,emergency,high,1.0,relationship,5,yes,0.8
5759b8e4-974c-46b7-a2f1-fd90279416a8,"U: something feels wrong | A: Can you explain a bit more? | U: I feel like something bad is about to happen with my family, I’m not sure | U: I hear something outside with my family... | A: What happened next? | U: someone is trying to get in",emergency,high,0.95,family,4,yes,0.84
cbab14e0-38dc-413d-9cc3-a45ac2160199,"U: someone is trying to get in in public, I tried to ignore it | U: I'm getting scared | A: Can you explain a bit more? | U: I’m not safe right now | A: Do you need immediate help? | U: I think I'm in danger | U: please help me | U: i hear something outside",emergency,high,1.0,public,6,yes,0.88
84560e0b-7c0c-4e59-a99d-e84e5bb03b9e,"U: I hear something outside with my family, maybe I’m overthinking | A: I'm listening. | U: someone is trying to get in, I tried to ignore it... | A: Can you explain a bit more? | U: I'm getting scared | A: What happened next? | U: i feel like something bad is about to happen | A: I'm listening. | U: I’m not safe right now with my family...",emergency,high,1.0,family,5,yes,0.8
6865b928-873a-4e50-a72e-62fb264ca580,"U: something feels wrong | A: What happened next? | U: someone is trying to get in | A: What happened next? | U: i’m not safe right now | A: Do you need immediate help? | U: I'm getting scared, I don’t know | U: please help me | A: That sounds serious. Are you safe right now? | U: I think I'm in danger, I don’t know",emergency,high,1.0,unknown,6,yes,0.93
04b9bc28-06cc-4ccf-944d-c0c4663c6a98,"U: something feels wrong, I don’t know | A: What happened next? | U: i feel like something bad is about to happen with my family... | U: I think I'm in danger | U: I’m not safe right now with my family | A: Do you need immediate help? | U: I'm getting scared with my family, I’m not sure | A: What happened next? | U: someone is trying to get in with my family, I tried to ignore it",emergency,high,1.0,family,6,yes,0.78
d3109569-4a00-4734-be33-d160cc471985,"U: please help me outside, maybe I’m overthinking | U: I feel like something bad is about to happen | A: What happened next? | U: I think I'm in danger outside",emergency,high,0.9,public,3,yes,0.87
a12c66eb-c9d6-4743-ac4d-c2964c78c64d,"U: I hear something outside, it’s just weird | A: What happened next? | U: please help me, I’m not sure | A: Do you need immediate help? | U: I think I'm in danger, I tried to ignore it | U: i feel like something bad is about to happen | A: Can you explain a bit more? | U: I’m not safe right now",emergency,high,1.0,unknown,5,yes,0.77
13cc8058-c513-4391-8817-ed169f89de29,"U: I’m not safe right now, maybe I’m overthinking | U: please help me | A: I'm concerned. Is someone with you? | U: something feels wrong",emergency,high,0.9,family,3,yes,0.92
77577aee-7a34-44e2-a941-9e83f770f70f,"U: something feels wrong, I’m not sure | A: What happened next? | U: I think I'm in danger, I’m not sure | A: I'm concerned. Is someone with you? | U: I’m not safe right now, it’s just weird | A: I'm concerned. Is someone with you? | U: I feel like something bad is about to happen | A: Can you explain a bit more? | U: someone is trying to get in, maybe i’m overthinking | U: I'm getting scared, it’s just weird",emergency,high,1.0,unknown,6,yes,0.94
28909e22-da9f-45be-9b9e-35ea96eae3fb,U: I’m not safe right now | A: Do you need immediate help? | U: I feel like something bad is about to happen | U: something feels wrong,emergency,high,0.9,unknown,3,yes,0.89
48f9f84f-18ed-4c92-a084-27b111da7fc9,"U: I think I'm in danger in the house, it’s just weird | A: Do you need immediate help? | U: someone is trying to get in, I don’t know | A: Can you explain a bit more? | U: something feels wrong | A: Can you explain a bit more? | U: I'm getting scared in the house",emergency,high,0.95,domestic,4,yes,0.92
2e2f7870-3764-4515-ae27-a562613a4e63,"U: I’m not safe right now with my family, I don’t know | A: That sounds serious. Are you safe right now? | U: I think I'm in danger | A: That sounds serious. Are you safe right now? | U: I hear something outside",emergency,high,0.9,family,3,yes,0.81
f11fb443-60de-45cd-8120-566c5a6102c9,"U: I think I'm in danger, it’s just weird | A: I'm concerned. Is someone with you? | U: i hear something outside, i’m not sure | U: please help me, I tried to ignore it... | U: I’m not safe right now, I tried to ignore it | A: That sounds serious. Are you safe right now? | U: someone is trying to get in, it’s just weird | U: I'm getting scared in public",emergency,high,1.0,public,6,yes,0.79
ad659969-7b49-473b-9462-e1fa598787c8,"U: I’m not safe right now | U: I think I'm in danger, it’s just weird | U: please help me, it’s just weird | A: Do you need immediate help? | U: i hear something outside, i’m not sure...",emergency,high,0.95,public,4,yes,0.87
ac092432-2945-4ec4-8e26-e22fb0217172,"U: someone is trying to get in, maybe i’m overthinking | U: I think I'm in danger, I don’t know | U: I’m not safe right now in public... | A: That sounds serious. Are you safe right now? | U: I feel like something bad is about to happen, I tried to ignore it | U: I'm getting scared in public, I don’t know | A: I'm listening. | U: please help me in public",emergency,high,1.0,public,6,yes,0.91
ab340a5e-ad98-4735-85c6-df929c7bb9c8,"U: something feels wrong | U: i’m not safe right now with my partner | A: Do you need immediate help? | U: I'm getting scared, it’s just weird",emergency,high,0.9,relationship,3,yes,0.92
39035f19-fc7a-4395-a8ac-7cbd1ebdc29b,"U: I hear something outside, I don’t know | A: I'm listening. | U: something feels wrong in the house, i tried to ignore it | U: someone is trying to get in... | U: I feel like something bad is about to happen | A: Can you explain a bit more? | U: I'm getting scared | U: please help me in the house, maybe I’m overthinking",emergency,high,1.0,domestic,6,yes,0.86
92660bbc-72a7-4ce4-a3aa-4c8c736166ee,"U: please help me | A: Do you need immediate help? | U: I hear something outside in the house | A: What happened next? | U: something feels wrong in the house, it’s just weird | A: Can you explain a bit more? | U: i think i'm in danger in the house, it’s just weird | U: I’m not safe right now, I tried to ignore it",emergency,high,1.0,domestic,5,yes,0.94
01dd18ac-45f4-459f-9ed6-d9f4b541db1d,U: I’m not safe right now | A: That sounds serious. Are you safe right now? | U: I hear something outside | A: I'm listening. | U: someone is trying to get in with my partner | A: I'm listening. | U: something feels wrong... | A: Can you explain a bit more? | U: I think I'm in danger...,emergency,high,1.0,relationship,5,yes,0.91
a5ffc2f8-deac-460d-98cb-1f900e4081fd,"U: I'm getting scared, maybe I’m overthinking | U: I feel like something bad is about to happen | A: Can you explain a bit more? | U: someone is trying to get in | A: What happened next? | U: please help me at home, maybe i’m overthinking",emergency,high,0.95,domestic,4,yes,0.78
26c64ed0-3e25-4a2f-acdd-78ebd9791388,"U: I hear something outside with my partner | A: I'm listening. | U: something feels wrong | A: What happened next? | U: I’m not safe right now with my partner, I tried to ignore it | A: That sounds serious. Are you safe right now? | U: please help me, it’s just weird... | A: I'm concerned. Is someone with you? | U: I think I'm in danger | A: Do you need immediate help? | U: I feel like something bad is about to happen, it’s just weird",emergency,high,1.0,relationship,6,yes,0.8
182796c1-8e67-45c3-915e-01fd911faa9b,"U: please help me, it’s just weird | A: I'm concerned. Is someone with you? | U: I think I'm in danger, it’s just weird... | A: I'm concerned. Is someone with you? | U: I hear something outside with my family... | A: Can you explain a bit more? | U: I’m not safe right now",emergency,high,0.95,family,4,yes,0.79
111edbbe-c9e8-44bf-9913-24d2cb5456d8,"U: I think I'm in danger | A: That sounds serious. Are you safe right now? | U: please help me... | U: I’m not safe right now, I’m not sure | U: I hear something outside, I’m not sure | A: I'm listening. | U: I'm getting scared | A: What happened next? | U: something feels wrong, it’s just weird",emergency,high,1.0,unknown,6,yes,0.78
6b8f1faf-cb37-4d91-860b-4fbfdd71981b,"U: i hear something outside | A: Can you explain a bit more? | U: I’m not safe right now, I’m not sure | A: Do you need immediate help? | U: I feel like something bad is about to happen",emergency,high,0.9,relationship,3,yes,0.83
57a4a531-52a3-444f-a3da-f915adcac97e,"U: I hear something outside, I don’t know | U: I think I'm in danger, I tried to ignore it | A: That sounds serious. Are you safe right now? | U: I feel like something bad is about to happen | A: Can you explain a bit more? | U: I’m not safe right now, I’m not sure",emergency,high,0.95,public,4,yes,0.8
6d6f8b14-f0e6-444c-b1da-2cbf913f8ce8,"U: something feels wrong, maybe I’m overthinking | A: I'm listening. | U: someone is trying to get in, maybe I’m overthinking | A: I'm listening. | U: I’m not safe right now",emergency,high,0.9,unknown,3,yes,0.87
041a182e-2d48-410a-9c59-81df56a813c8,"U: I hear something outside... | A: I'm listening. | U: someone is trying to get in, maybe i’m overthinking | U: I think I'm in danger | A: I'm concerned. Is someone with you? | U: something feels wrong",emergency,high,0.95,unknown,4,yes,0.88
044a064f-0195-4014-ae6e-7fd05b7c9d4c,"U: please help me | A: I'm concerned. Is someone with you? | U: i'm getting scared | A: I'm listening. | U: I hear something outside, it’s just weird... | A: Can you explain a bit more? | U: I think I'm in danger in the house...",emergency,high,0.95,domestic,4,yes,0.94
143b31d3-30eb-4f64-8396-60b4ad6686f2,"U: I'm getting scared outside | U: please help me outside, it’s just weird | A: I'm concerned. Is someone with you? | U: someone is trying to get in | A: I'm listening. | U: i think i'm in danger | U: I feel like something bad is about to happen outside, I don’t know",emergency,high,1.0,public,5,yes,0.84
003c290e-ab2a-4c2f-b9f4-bd6e743fc6a0,"U: I think I'm in danger, I don’t know | A: That sounds serious. Are you safe right now? | U: please help me... | A: That sounds serious. Are you safe right now? | U: I hear something outside... | A: I'm listening. | U: something feels wrong, I’m not sure | U: someone is trying to get in, i tried to ignore it | A: Can you explain a bit more? | U: I'm getting scared, I don’t know",emergency,high,1.0,unknown,6,yes,0.89
3c605d98-a332-4e40-b2a4-6e5074a562fb,"U: something feels wrong, I tried to ignore it | U: I think I'm in danger | U: i’m not safe right now | A: I'm concerned. Is someone with you? | U: please help me, maybe I’m overthinking...",emergency,high,0.95,unknown,4,yes,0.92
3cb7c636-fd11-4458-a1a8-f9cfb9fabd92,"U: I feel like something bad is about to happen | U: I think I'm in danger with my partner, it’s just weird | A: That sounds serious. Are you safe right now? | U: someone is trying to get in, I don’t know | U: I'm getting scared with my partner",emergency,high,0.95,relationship,4,yes,0.92
9c97a736-8658-4178-9f3d-b1dc43f5c72c,"U: i hear something outside... | A: Can you explain a bit more? | U: I’m not safe right now, maybe I’m overthinking... | A: Do you need immediate help? | U: someone is trying to get in | A: Can you explain a bit more? | U: I think I'm in danger | A: Do you need immediate help? | U: I'm getting scared | U: please help me, I don’t know...",emergency,high,1.0,unknown,6,yes,0.75
95c8641d-f462-4e75-8105-ac01c1806b2d,U: something feels wrong | U: I’m not safe right now | A: Do you need immediate help? | U: I think I'm in danger,emergency,high,0.9,family,3,yes,0.91
12d19dee-8ac6-4823-bd64-8d8272e0eb7c,"U: someone is trying to get in, I’m not sure | U: I hear something outside | A: Can you explain a bit more? | U: I’m not safe right now... | A: That sounds serious. Are you safe right now? | U: i think i'm in danger | A: That sounds serious. Are you safe right now? | U: I feel like something bad is about to happen, I tried to ignore it | A: I'm listening. | U: please help me with my partner, maybe I’m overthinking",emergency,high,1.0,relationship,6,yes,0.89
285267dc-13d9-40eb-873f-7b301780af05,"U: please help me | A: I'm concerned. Is someone with you? | U: I feel like something bad is about to happen, maybe I’m overthinking | U: I think I'm in danger, I tried to ignore it | A: That sounds serious. Are you safe right now? | U: I hear something outside in public | A: I'm listening. | U: someone is trying to get in | A: Can you explain a bit more? | U: something feels wrong in public, i don’t know",emergency,high,1.0,public,6,yes,0.77
62938248-64dc-4910-bae6-ad930e129903,U: I'm getting scared | U: something feels wrong | U: please help me | A: That sounds serious. Are you safe right now? | U: someone is trying to get in,emergency,high,0.95,unknown,4,yes,0.9
93d24cc4-c39d-4944-bd40-59a792b06bcb,"U: I hear something outside | A: Can you explain a bit more? | U: I feel like something bad is about to happen, maybe I’m overthinking | U: please help me",emergency,high,0.9,public,3,yes,0.83
3f31e9cd-fc27-4ff6-903d-2c4817ea1c7c,U: I'm getting scared | A: Can you explain a bit more? | U: I feel like something bad is about to happen | A: Can you explain a bit more? | U: please help me with my family,emergency,high,0.9,family,3,yes,0.82
938a4a6a-bc1b-42bd-a4b5-b8192012711e,"U: i feel like something bad is about to happen | A: I'm listening. | U: something feels wrong | U: i think i'm in danger | U: I hear something outside, I’m not sure | A: I'm listening. | U: I'm getting scared in public... | U: please help me, I tried to ignore it",emergency,high,1.0,public,6,yes,0.81
ed88cc79-6edf-4a2c-a645-0d1189fdcf45,"U: something feels wrong | A: What happened next? | U: someone is trying to get in with my family, it’s just weird | U: I hear something outside with my family | A: Can you explain a bit more? | U: please help me | A: Do you need immediate help? | U: I'm getting scared, I don’t know | A: Can you explain a bit more? | U: I feel like something bad is about to happen with my family, maybe I’m overthinking...",emergency,high,1.0,family,6,yes,0.86
fa888d66-62bd-40b8-af59-a24926c06cfe,"U: something feels wrong | A: I'm listening. | U: please help me... | A: Do you need immediate help? | U: someone is trying to get in, maybe I’m overthinking | A: Can you explain a bit more? | U: I hear something outside... | U: I’m not safe right now",emergency,high,1.0,unknown,5,yes,0.8
405a6ad4-57e8-4b39-a152-c64c8c1661d5,"U: someone is trying to get in, i’m not sure... | A: What happened next? | U: I feel like something bad is about to happen, I don’t know | A: Can you explain a bit more? | U: i'm getting scared | A: What happened next? | U: I hear something outside, I don’t know",emergency,high,0.95,unknown,4,yes,0.81
a845d143-b3be-48e7-8f20-f5a62bba6269,"U: I think I'm in danger with my family, it’s just weird | A: I'm concerned. Is someone with you? | U: someone is trying to get in | A: I'm listening. | U: I'm getting scared with my family | A: What happened next? | U: I’m not safe right now | A: I'm concerned. Is someone with you? | U: please help me with my family, maybe I’m overthinking",emergency,high,1.0,family,5,yes,0.79
786dfec3-5400-498e-ae3b-91330ad5eeb0,"U: i feel like something bad is about to happen, i’m not sure | A: What happened next? | U: I’m not safe right now | A: That sounds serious. Are you safe right now? | U: please help me | A: I'm concerned. Is someone with you? | U: I think I'm in danger, I’m not sure | A: Do you need immediate help? | U: i hear something outside... | A: Can you explain a bit more? | U: something feels wrong",emergency,high,1.0,unknown,6,yes,0.81
20830ab0-e187-4065-9082-6a020ddb7d7b,"U: I'm getting scared, I’m not sure | A: What happened next? | U: I think I'm in danger with my family | U: please help me, it’s just weird",emergency,high,0.9,family,3,yes,0.78
64e9dd4c-d8b1-430f-a948-d0a53009665d,"U: I'm getting scared, it’s just weird | U: please help me | A: That sounds serious. Are you safe right now? | U: I hear something outside, maybe I’m overthinking",emergency,high,0.9,relationship,3,yes,0.76
3a4ccdf9-6f5f-4f9e-b34f-c2ce3e053076,"U: I’m not safe right now | U: something feels wrong with my family | U: I'm getting scared with my family | A: Can you explain a bit more? | U: I hear something outside with my family, maybe I’m overthinking | U: I feel like something bad is about to happen with my family...",emergency,high,1.0,family,5,yes,0.93
dd722092-2f82-4f4c-b323-bd341ba3eeaf,"U: I'm getting scared in the house, I don’t know... | A: I'm listening. | U: someone is trying to get in in the house... | A: Can you explain a bit more? | U: I think I'm in danger in the house | A: That sounds serious. Are you safe right now? | U: I’m not safe right now, I don’t know | A: That sounds serious. Are you safe right now? | U: i feel like something bad is about to happen | A: I'm listening. | U: please help me",emergency,high,1.0,domestic,6,yes,0.8
915f7611-6d42-4427-bf52-711602ae9e64,"U: I’m not safe right now with my partner | A: That sounds serious. Are you safe right now? | U: i feel like something bad is about to happen with my partner, i don’t know | A: Can you explain a bit more? | U: please help me with my partner",emergency,high,0.9,relationship,3,yes,0.89
6e6bc57a-0639-4763-a803-3292c1bb847c,"U: I'm getting scared, maybe I’m overthinking | A: Can you explain a bit more? | U: i feel like something bad is about to happen with my partner | A: Can you explain a bit more? | U: I think I'm in danger, I don’t know",emergency,high,0.9,relationship,3,yes,0.78
457a7af6-9e87-4697-b266-bfc9cecbf92d,"U: I think I'm in danger at home | A: That sounds serious. Are you safe right now? | U: I hear something outside, I don’t know | A: What happened next? | U: something feels wrong | A: Can you explain a bit more? | U: someone is trying to get in | A: What happened next? | U: i feel like something bad is about to happen, i don’t know",emergency,high,1.0,domestic,5,yes,0.79
c6afade1-5420-4bc4-b2d7-f82dffae8345,"U: I feel like something bad is about to happen | A: What happened next? | U: please help me, I’m not sure | A: That sounds serious. Are you safe right now? | U: someone is trying to get in, it’s just weird... | U: I'm getting scared | A: I'm listening. | U: something feels wrong",emergency,high,1.0,unknown,5,yes,0.82
5152b9f0-ff8e-406c-9003-d1825c944cc7,U: i hear something outside | U: I feel like something bad is about to happen | U: I’m not safe right now with my partner...,emergency,high,0.9,relationship,3,yes,0.76
dbccffde-9424-4ad3-bf30-c9a8456a0e0a,U: I'm getting scared | A: What happened next? | U: please help me | A: That sounds serious. Are you safe right now? | U: someone is trying to get in at home | U: I’m not safe right now at home,emergency,high,0.95,domestic,4,yes,0.89
29599b7c-4965-469b-8f81-3fa9ea64d4b4,"U: I'm getting scared | A: Can you explain a bit more? | U: something feels wrong, I’m not sure | U: I’m not safe right now... | U: I feel like something bad is about to happen",emergency,high,0.95,unknown,4,yes,0.89
5dea3c0d-c66a-49ee-ac72-11c3db54a438,"U: i’m not safe right now, maybe i’m overthinking | A: Do you need immediate help? | U: someone is trying to get in in the house, i’m not sure | U: i think i'm in danger",emergency,high,0.9,domestic,3,yes,0.93
04769a1a-f54a-4895-9dd1-154029a1decd,"U: I think I'm in danger | A: Do you need immediate help? | U: i'm getting scared, maybe i’m overthinking... | A: What happened next? | U: I feel like something bad is about to happen | U: I hear something outside | A: Can you explain a bit more? | U: I’m not safe right now with my partner | A: That sounds serious. Are you safe right now? | U: please help me, maybe I’m overthinking",emergency,high,1.0,relationship,6,yes,0.84
25e0775a-1031-49db-af06-8fa801ce1116,"U: I’m not safe right now | A: That sounds serious. Are you safe right now? | U: something feels wrong... | A: I'm listening. | U: I'm getting scared in public, I don’t know | U: please help me | A: That sounds serious. Are you safe right now? | U: someone is trying to get in, it’s just weird",emergency,high,1.0,public,5,yes,0.83
1e9f103d-77b8-414b-9c07-b35ad34d6c8e,"U: I feel like something bad is about to happen in the house, I don’t know | A: What happened next? | U: I'm getting scared in the house, I tried to ignore it | A: I'm listening. | U: someone is trying to get in in the house, I’m not sure | A: What happened next? | U: please help me | A: I'm concerned. Is someone with you? | U: i think i'm in danger, maybe i’m overthinking | A: That sounds serious. Are you safe right now? | U: i’m not safe right now in the house, i’m not sure",emergency,high,1.0,domestic,6,yes,0.9
0225ec67-3444-43ff-a182-62ba58085d0c,"U: someone is trying to get in, I’m not sure | A: Can you explain a bit more? | U: please help me at home... | A: I'm concerned. Is someone with you? | U: I’m not safe right now, maybe I’m overthinking | A: I'm concerned. Is someone with you? | U: I feel like something bad is about to happen",emergency,high,0.95,domestic,4,yes,0.81
b1c69a46-840c-4f8e-b508-51fc8dd8fd43,"U: I think I'm in danger in the house... | A: That sounds serious. Are you safe right now? | U: I feel like something bad is about to happen in the house, I don’t know | A: What happened next? | U: I’m not safe right now in the house, I’m not sure",emergency,high,0.9,domestic,3,yes,0.91
62c2bfa9-668e-4e8b-b8f9-b2dcf6478dce,"U: someone is trying to get in in public | A: Can you explain a bit more? | U: I think I'm in danger | A: I'm concerned. Is someone with you? | U: i feel like something bad is about to happen in public... | A: What happened next? | U: something feels wrong in public, it’s just weird | A: Can you explain a bit more? | U: please help me | U: I’m not safe right now...",emergency,high,1.0,public,6,yes,0.81
b5baa630-889b-4494-a110-6ecbe8944f08,U: I’m not safe right now | U: someone is trying to get in with my family... | A: What happened next? | U: I feel like something bad is about to happen | U: I hear something outside | U: I'm getting scared,emergency,high,1.0,family,5,yes,0.85
af33e2df-8903-4d11-a266-775b13cb2370,"U: please help me... | A: I'm concerned. Is someone with you? | U: something feels wrong | A: Can you explain a bit more? | U: i feel like something bad is about to happen, it’s just weird",emergency,high,0.9,unknown,3,yes,0.83
c3fe1055-3850-4e0f-8013-738766fc0f7a,"U: someone is trying to get in | A: Can you explain a bit more? | U: please help me with my family | U: I’m not safe right now with my family, it’s just weird",emergency,high,0.9,family,3,yes,0.95
3ed36740-a283-4041-af68-b81bcbe93b86,"U: I feel like something bad is about to happen | A: Can you explain a bit more? | U: someone is trying to get in, I’m not sure... | A: What happened next? | U: I’m not safe right now",emergency,high,0.9,unknown,3,yes,0.85
ccf5cab9-cbb8-4af8-b83d-e894ecb5160f,"U: please help me with my family... | A: That sounds serious. Are you safe right now? | U: i’m not safe right now with my family | A: That sounds serious. Are you safe right now? | U: I hear something outside with my family... | A: I'm listening. | U: someone is trying to get in, I tried to ignore it",emergency,high,0.95,family,4,yes,0.89
d393f758-df8c-4f8f-9c7f-9e5d1773ad7d,"U: I think I'm in danger, maybe I’m overthinking | A: That sounds serious. Are you safe right now? | U: please help me, maybe I’m overthinking | U: someone is trying to get in with my family, it’s just weird",emergency,high,0.9,family,3,yes,0.78
610a6564-07c4-4596-a9fa-9903d0cc0537,"U: I hear something outside | A: What happened next? | U: something feels wrong, I’m not sure | A: What happened next? | U: I think I'm in danger",emergency,high,0.9,domestic,3,yes,0.75
399aee20-fe28-4a89-8db3-95c88f736e7a,"U: i feel like something bad is about to happen with my family, i tried to ignore it | A: What happened next? | U: I'm getting scared with my family, I’m not sure... | A: Can you explain a bit more? | U: I’m not safe right now",emergency,high,0.9,family,3,yes,0.89
987f7365-d85a-4128-a725-046e8e50f9e1,U: something feels wrong | U: please help me... | A: That sounds serious. Are you safe right now? | U: I feel like something bad is about to happen with my partner,emergency,high,0.9,relationship,3,yes,0.78
8c87bf0b-d7f0-474b-a005-a31d8ac81048,U: I feel like something bad is about to happen... | A: I'm listening. | U: someone is trying to get in at home | A: What happened next? | U: something feels wrong at home,emergency,high,0.9,domestic,3,yes,0.79
da46f6b0-ce16-4df2-a075-872aa7f682de,"U: something feels wrong with my partner, I tried to ignore it... | A: What happened next? | U: I hear something outside, I tried to ignore it | U: please help me with my partner, I tried to ignore it | A: I'm concerned. Is someone with you? | U: I'm getting scared with my partner, I tried to ignore it | A: What happened next? | U: I feel like something bad is about to happen with my partner, I tried to ignore it | A: What happened next? | U: I think I'm in danger with my partner",emergency,high,1.0,relationship,6,yes,0.8
5f4e1798-2add-4c04-94b4-7e6551f90cbd,"U: something feels wrong outside, I’m not sure | A: I'm listening. | U: I’m not safe right now outside | U: I feel like something bad is about to happen... | U: I think I'm in danger outside, I’m not sure | A: I'm concerned. Is someone with you? | U: please help me | U: I hear something outside, I tried to ignore it...",emergency,high,1.0,public,6,yes,0.78
1ac3ccb3-03f2-4b5c-9c2a-e6b0f83d0a58,"U: someone is trying to get in, it’s just weird | U: i’m not safe right now, maybe i’m overthinking | A: Do you need immediate help? | U: something feels wrong in public | U: I hear something outside | U: I feel like something bad is about to happen in public, maybe I’m overthinking",emergency,high,1.0,public,5,yes,0.83
10a65686-c579-4005-bd71-595c0900c48e,"U: i hear something outside | A: Can you explain a bit more? | U: something feels wrong | A: Can you explain a bit more? | U: I feel like something bad is about to happen, I’m not sure | U: someone is trying to get in | A: I'm listening. | U: I think I'm in danger | A: That sounds serious. Are you safe right now? | U: I’m not safe right now, it’s just weird",emergency,high,1.0,unknown,6,yes,0.78
f89efabd-2f0d-4ce2-a647-70773327510e,"U: I’m not safe right now | U: i think i'm in danger in public, i’m not sure | U: something feels wrong, I’m not sure | U: I feel like something bad is about to happen | A: I'm listening. | U: I'm getting scared in public, maybe I’m overthinking",emergency,high,1.0,public,5,yes,0.91
19f38ee2-4bdd-460f-bfd8-3b137c731266,"U: I hear something outside... | A: Can you explain a bit more? | U: something feels wrong, I don’t know | A: I'm listening. | U: someone is trying to get in | A: I'm listening. | U: I feel like something bad is about to happen in public... | U: I’m not safe right now in public, it’s just weird | A: That sounds serious. Are you safe right now? | U: please help me",emergency,high,1.0,public,6,yes,0.81
d6ab2b0e-feb7-49d8-9928-7b19b254d7a5,U: i’m not safe right now | A: Do you need immediate help? | U: I feel like something bad is about to happen | U: I hear something outside with my family | A: Can you explain a bit more? | U: someone is trying to get in,emergency,high,0.95,family,4,yes,0.95
60cb6e93-d745-4ab3-bf6f-16e41226c517,"U: i'm getting scared | U: i’m not safe right now in public | U: please help me in public, I tried to ignore it... | U: something feels wrong, i’m not sure | A: What happened next? | U: i feel like something bad is about to happen...",emergency,high,1.0,public,5,yes,0.93
98702ac1-b513-4f5c-973b-93a13057ac74,"U: please help me, i don’t know | A: I'm concerned. Is someone with you? | U: something feels wrong | U: I’m not safe right now with my family | U: i think i'm in danger with my family, i tried to ignore it",emergency,high,0.95,family,4,yes,0.92
3318cfe6-a99e-4b6a-8ff3-ee8cd02b5bb7,"U: I feel like something bad is about to happen | U: I hear something outside, it’s just weird | A: I'm listening. | U: i'm getting scared, it’s just weird | A: What happened next? | U: someone is trying to get in, maybe I’m overthinking | A: I'm listening. | U: I think I'm in danger | A: Do you need immediate help? | U: something feels wrong",emergency,high,1.0,unknown,6,yes,0.93
c5b04d96-8091-483d-8392-32004eb110c7,"U: I hear something outside with my family | A: What happened next? | U: please help me with my family, it’s just weird | U: i feel like something bad is about to happen, it’s just weird",emergency,high,0.9,family,3,yes,0.94
1d395fbf-d07d-44c7-9090-5704299a3d26,"U: i’m not safe right now with my partner | A: That sounds serious. Are you safe right now? | U: please help me, i’m not sure | A: Do you need immediate help? | U: something feels wrong, maybe I’m overthinking | U: I think I'm in danger with my partner, it’s just weird... | U: I hear something outside | A: What happened next? | U: I feel like something bad is about to happen, maybe I’m overthinking",emergency,high,1.0,relationship,6,yes,0.91
33e336f6-a7cc-43cc-8ad7-ed163774754b,"U: please help me, I tried to ignore it | A: That sounds serious. Are you safe right now? | U: I hear something outside, I don’t know | A: What happened next? | U: someone is trying to get in, I’m not sure | U: I feel like something bad is about to happen | U: I think I'm in danger, I tried to ignore it",emergency,high,1.0,relationship,5,yes,0.81
8332fe4e-d056-4153-89d1-4aa61baf205d,"U: please help me | A: That sounds serious. Are you safe right now? | U: something feels wrong | A: What happened next? | U: I'm getting scared, I tried to ignore it | A: What happened next? | U: I hear something outside | A: I'm listening. | U: I feel like something bad is about to happen",emergency,high,1.0,unknown,5,yes,0.93
d0196a6b-0696-4ad1-a3bc-a18e49642532,"U: i hear something outside | A: Can you explain a bit more? | U: I'm getting scared, it’s just weird | A: What happened next? | U: I think I'm in danger | A: I'm concerned. Is someone with you? | U: i feel like something bad is about to happen... | A: I'm listening. | U: I’m not safe right now",emergency,high,1.0,unknown,5,yes,0.78
7390e57f-dff6-49fc-aaaf-42fb20fd6df8,"U: I hear something outside with my partner | A: I'm listening. | U: I feel like something bad is about to happen, I tried to ignore it | U: something feels wrong | U: I’m not safe right now with my partner",emergency,high,0.95,relationship,4,yes,0.93
af21175f-d644-47b5-a990-d37ae192d0b7,U: I hear something outside | A: I'm listening. | U: I’m not safe right now | U: something feels wrong | A: What happened next? | U: i think i'm in danger | A: That sounds serious. Are you safe right now? | U: I'm getting scared,emergency,high,1.0,unknown,5,yes,0.9
41d9fb90-f724-48a5-9711-958d98274c47,"U: please help me, I tried to ignore it... | A: That sounds serious. Are you safe right now? | U: I'm getting scared | A: What happened next? | U: i think i'm in danger, it’s just weird... | A: I'm concerned. Is someone with you? | U: I’m not safe right now | A: I'm concerned. Is someone with you? | U: I hear something outside | U: someone is trying to get in...",emergency,high,1.0,relationship,6,yes,0.9
de8cac55-e14b-4de7-bcf5-5c88edeabeda,"U: i think i'm in danger with my partner | A: That sounds serious. Are you safe right now? | U: someone is trying to get in, I’m not sure | A: Can you explain a bit more? | U: I feel like something bad is about to happen, I tried to ignore it | A: Can you explain a bit more? | U: I'm getting scared, I tried to ignore it | A: Can you explain a bit more? | U: something feels wrong with my partner",emergency,high,1.0,relationship,5,yes,0.93
23f94685-c071-46fa-8f64-e1324e638e81,"U: I'm getting scared in the house | U: I feel like something bad is about to happen, I don’t know | A: Can you explain a bit more? | U: something feels wrong in the house, I don’t know",emergency,high,0.9,domestic,3,yes,0.81
9d8071e4-2f14-48ec-8bb8-ca24ce85fb72,"U: something feels wrong with my family | A: I'm listening. | U: i feel like something bad is about to happen, i don’t know | A: What happened next? | U: someone is trying to get in | U: please help me | A: That sounds serious. Are you safe right now? | U: I'm getting scared with my family | U: I think I'm in danger with my family, I tried to ignore it",emergency,high,1.0,family,6,yes,0.89
c4930d39-d388-4563-956a-e7e991cf79b4,"U: something feels wrong | A: Can you explain a bit more? | U: I feel like something bad is about to happen with my family | U: I’m not safe right now | A: I'm concerned. Is someone with you? | U: I'm getting scared with my family, I don’t know",emergency,high,0.95,family,4,yes,0.94
1ea6fa13-72f9-45bc-bec0-c9d1c2c76bc6,"U: someone is trying to get in | A: What happened next? | U: something feels wrong | U: I hear something outside with my family | A: Can you explain a bit more? | U: I think I'm in danger, it’s just weird | A: Do you need immediate help? | U: please help me, maybe i’m overthinking | A: That sounds serious. Are you safe right now? | U: I’m not safe right now...",emergency,high,1.0,family,6,yes,0.81
8d4b408e-1ad8-4bb1-a58e-bbc58ae0e68f,"U: I hear something outside with my partner, I don’t know | U: I'm getting scared, it’s just weird | U: please help me, i’m not sure | A: I'm concerned. Is someone with you? | U: someone is trying to get in, i’m not sure | A: What happened next? | U: I’m not safe right now, maybe I’m overthinking",emergency,high,1.0,relationship,5,yes,0.75
fe8e191c-ce95-48e4-bc4a-3e8afcecd726,"U: I think I'm in danger | A: Do you need immediate help? | U: I hear something outside, it’s just weird | U: someone is trying to get in outside... | A: What happened next? | U: I’m not safe right now, maybe I’m overthinking",emergency,high,0.95,public,4,yes,0.81
a2fac0a9-16f0-4ca3-bc5d-ae3492ccb4b4,"U: I feel like something bad is about to happen in public | U: I’m not safe right now | U: someone is trying to get in, I tried to ignore it | A: I'm listening. | U: i hear something outside | U: please help me in public, maybe I’m overthinking | A: I'm concerned. Is someone with you? | U: something feels wrong, maybe I’m overthinking",emergency,high,1.0,public,6,yes,0.81
043008e0-9c23-44f7-9658-89684b4c7d92,"U: I’m not safe right now in the house... | A: I'm concerned. Is someone with you? | U: I hear something outside in the house | U: please help me in the house, i don’t know | A: I'm concerned. Is someone with you? | U: something feels wrong in the house",emergency,high,0.95,domestic,4,yes,0.81
8cddc260-36ee-45fe-98e2-f31633db9850,"U: I think I'm in danger at home, I don’t know | A: I'm concerned. Is someone with you? | U: I'm getting scared, it’s just weird | U: I hear something outside at home, I’m not sure",emergency,high,0.9,domestic,3,yes,0.91
d5c67939-1294-4a3f-b5cb-e79ddcae0213,U: I think I'm in danger | A: I'm concerned. Is someone with you? | U: someone is trying to get in... | A: Can you explain a bit more? | U: I’m not safe right now outside,emergency,high,0.9,public,3,yes,0.88
f6f9ee1c-dd9b-4cfb-a6ef-589911475266,"U: I’m not safe right now | A: I'm concerned. Is someone with you? | U: I think I'm in danger in the house, I don’t know | A: Do you need immediate help? | U: someone is trying to get in | A: I'm listening. | U: I hear something outside | A: I'm listening. | U: please help me | A: That sounds serious. Are you safe right now? | U: I'm getting scared in the house",emergency,high,1.0,domestic,6,yes,0.92
38d097ce-061d-4d44-9f34-d5c52187a416,"U: something feels wrong | A: I'm listening. | U: i think i'm in danger with my partner, maybe i’m overthinking | U: I’m not safe right now | A: That sounds serious. Are you safe right now? | U: please help me with my partner",emergency,high,0.95,relationship,4,yes,0.76
981db804-3805-452b-aa6e-50062f2c208d,"U: i'm getting scared with my partner, maybe i’m overthinking... | A: I'm listening. | U: I hear something outside with my partner | A: What happened next? | U: I think I'm in danger with my partner | A: I'm concerned. Is someone with you? | U: I feel like something bad is about to happen, maybe I’m overthinking | U: someone is trying to get in, it’s just weird... | A: Can you explain a bit more? | U: something feels wrong with my partner...",emergency,high,1.0,relationship,6,yes,0.82
4a713b9c-7ed5-4e1e-b3ab-d7c05e0d1552,"U: I think I'm in danger, I don’t know | U: i hear something outside, i’m not sure | U: i'm getting scared...",emergency,high,0.9,unknown,3,yes,0.84
557eedd1-0f6e-4ab9-914a-d5b89e1ea90f,"U: I'm getting scared | U: I’m not safe right now | A: Do you need immediate help? | U: please help me, I don’t know | A: I'm concerned. Is someone with you? | U: I hear something outside | U: someone is trying to get in",emergency,high,1.0,unknown,5,yes,0.87
8c060579-e933-4dd0-8b95-50753143cf76,"U: I'm getting scared with my family | A: Can you explain a bit more? | U: please help me | A: I'm concerned. Is someone with you? | U: something feels wrong, I tried to ignore it | A: I'm listening. | U: I’m not safe right now",emergency,high,0.95,family,4,yes,0.78
db40e1be-c2a5-4f94-9e5d-36e815c63ac4,"U: please help me, i don’t know... | U: someone is trying to get in... | A: Can you explain a bit more? | U: i’m not safe right now, i tried to ignore it | A: Do you need immediate help? | U: i think i'm in danger",emergency,high,0.95,unknown,4,yes,0.8
6fb13934-fe37-4455-ac5b-9c1694681c00,U: I hear something outside | A: What happened next? | U: something feels wrong | A: Can you explain a bit more? | U: I feel like something bad is about to happen with my partner,emergency,high,0.9,relationship,3,yes,0.88
b6bd816c-3194-4860-9f34-a58ce6eec554,"U: I think I'm in danger | A: Do you need immediate help? | U: i'm getting scared, it’s just weird | A: What happened next? | U: something feels wrong",emergency,high,0.9,public,3,yes,0.76
a2c833e8-1092-4a1a-9efd-72a7e9cb5601,"U: I hear something outside | A: What happened next? | U: I feel like something bad is about to happen | A: Can you explain a bit more? | U: someone is trying to get in, I don’t know",emergency,high,0.9,public,3,yes,0.94
f7efc029-901b-4be3-8bc9-4ed0bf505ed8,"U: please help me at home, I don’t know | A: I'm concerned. Is someone with you? | U: I feel like something bad is about to happen at home | A: I'm listening. | U: I hear something outside | A: Can you explain a bit more? | U: i think i'm in danger",emergency,high,0.95,domestic,4,yes,0.91
a9c7b24d-cd74-4c66-bcbb-5b07cc8ef7ad,"U: i’m not safe right now, i’m not sure | U: I'm getting scared with my family | A: Can you explain a bit more? | U: I hear something outside with my family, I tried to ignore it | U: someone is trying to get in | A: What happened next? | U: please help me",emergency,high,1.0,family,5,yes,0.91
72119c9a-3c61-466e-846b-9c1e038c3cf4,"U: someone is trying to get in, I’m not sure | A: I'm listening. | U: something feels wrong with my family, i don’t know | A: Can you explain a bit more? | U: i'm getting scared with my family",emergency,high,0.9,family,3,yes,0.79
4587a0f4-fdab-4358-9412-882c60d5de94,"U: I think I'm in danger | A: I'm concerned. Is someone with you? | U: please help me at home, I don’t know | A: That sounds serious. Are you safe right now? | U: I feel like something bad is about to happen at home | A: I'm listening. | U: something feels wrong at home | A: Can you explain a bit more? | U: I’m not safe right now at home...",emergency,high,1.0,domestic,5,yes,0.85
e5cff925-48f7-4ebc-9430-bed90c7159d1,"U: something feels wrong... | A: I'm listening. | U: I think I'm in danger | A: That sounds serious. Are you safe right now? | U: please help me, I’m not sure | A: Do you need immediate help? | U: I hear something outside | A: Can you explain a bit more? | U: I’m not safe right now... | A: Do you need immediate help? | U: I'm getting scared",emergency,high,1.0,unknown,6,yes,0.94
ad1c0d32-1d46-4c8b-bef5-7101d704e194,"U: I’m not safe right now | U: i hear something outside outside, i’m not sure | A: Can you explain a bit more? | U: I'm getting scared",emergency,high,0.9,public,3,yes,0.85
d3913002-e218-4dae-ac96-6e8a19421812,"U: I hear something outside, it’s just weird | A: Can you explain a bit more? | U: i think i'm in danger | A: I'm concerned. Is someone with you? | U: please help me, I’m not sure",emergency,high,0.9,public,3,yes,0.77
84e168bf-e235-4b02-bc7b-15e907d3ab5a,U: i feel like something bad is about to happen outside | A: Can you explain a bit more? | U: I hear something outside | A: What happened next? | U: something feels wrong,emergency,high,0.9,public,3,yes,0.78
207f1a6f-9ee9-459d-b851-2c73c1b7d54f,U: something feels wrong | A: Can you explain a bit more? | U: I’m not safe right now | A: I'm concerned. Is someone with you? | U: I hear something outside,emergency,high,0.9,domestic,3,yes,0.89
75b6e487-4b98-4c83-bf5c-9e53e06dec82,"U: I think I'm in danger, I’m not sure | A: Do you need immediate help? | U: something feels wrong, maybe I’m overthinking | U: someone is trying to get in | A: Can you explain a bit more? | U: I hear something outside with my family, it’s just weird | A: Can you explain a bit more? | U: I'm getting scared, maybe I’m overthinking | A: Can you explain a bit more? | U: please help me with my family",emergency,high,1.0,family,6,yes,0.79
fba86f34-1204-404c-8e82-0ab92b941a5f,"U: I hear something outside, I tried to ignore it... | A: What happened next? | U: please help me, maybe I’m overthinking | U: I'm getting scared | A: What happened next? | U: someone is trying to get in | A: Can you explain a bit more? | U: I think I'm in danger, I tried to ignore it... | A: That sounds serious. Are you safe right now? | U: i’m not safe right now, i tried to ignore it",emergency,high,1.0,unknown,6,yes,0.89
d85fea2e-836a-4542-9657-d9d1a712ffe6,"U: please help me with my family, I don’t know | A: Do you need immediate help? | U: something feels wrong with my family, it’s just weird | A: Can you explain a bit more? | U: someone is trying to get in, I don’t know... | A: What happened next? | U: I think I'm in danger with my family, I don’t know... | U: I’m not safe right now with my family",emergency,high,1.0,family,5,yes,0.88
8aa9c233-4c7a-4b3e-8abb-359d4b4170ab,"U: I hear something outside with my partner, maybe I’m overthinking | A: What happened next? | U: something feels wrong with my partner... | U: I think I'm in danger | U: I feel like something bad is about to happen, I don’t know | A: Can you explain a bit more? | U: I’m not safe right now, I tried to ignore it",emergency,high,1.0,relationship,5,yes,0.9
73629ba4-f5df-4bbb-a846-ec6b8671b66d,"U: someone is trying to get in with my partner | U: I’m not safe right now with my partner | A: I'm concerned. Is someone with you? | U: something feels wrong with my partner, I tried to ignore it | A: I'm listening. | U: i'm getting scared with my partner, i don’t know | A: I'm listening. | U: i feel like something bad is about to happen | A: What happened next? | U: please help me with my partner",emergency,high,1.0,relationship,6,yes,0.77
2b5871a4-9b24-4f66-b14d-384060b350ed,"U: I feel like something bad is about to happen, I don’t know | A: I'm listening. | U: I think I'm in danger with my family | A: That sounds serious. Are you safe right now? | U: something feels wrong with my family... | A: I'm listening. | U: I hear something outside with my family, I tried to ignore it | A: Can you explain a bit more? | U: someone is trying to get in | A: Can you explain a bit more? | U: please help me",emergency,high,1.0,family,6,yes,0.92
f2152c29-1da3-4faf-a4f2-22377e5f006f,"U: I'm getting scared with my family | A: Can you explain a bit more? | U: I’m not safe right now, it’s just weird | A: Do you need immediate help? | U: something feels wrong with my family, I’m not sure | A: Can you explain a bit more? | U: I feel like something bad is about to happen | U: I hear something outside with my family, I’m not sure | A: I'm listening. | U: I think I'm in danger, I tried to ignore it",emergency,high,1.0,family,6,yes,0.83
e2c21852-2214-47c4-8b21-c491a20351d1,"U: I'm getting scared... | U: I think I'm in danger, I tried to ignore it | U: something feels wrong, I tried to ignore it",emergency,high,0.9,unknown,3,yes,0.95
b2bcf48a-b48d-4c35-aa5b-f82edd867714,"U: I feel like something bad is about to happen, it’s just weird | A: I'm listening. | U: I think I'm in danger... | A: Do you need immediate help? | U: I’m not safe right now, I don’t know | A: That sounds serious. Are you safe right now? | U: I'm getting scared, I’m not sure...",emergency,high,0.95,unknown,4,yes,0.94
c6e9f1bd-dce4-44ab-b9a9-dc0d2d9fe58f,"U: please help me, maybe I’m overthinking | A: Do you need immediate help? | U: I'm getting scared, I don’t know | A: Can you explain a bit more? | U: someone is trying to get in with my family | A: Can you explain a bit more? | U: I feel like something bad is about to happen with my family, it’s just weird | A: Can you explain a bit more? | U: I think I'm in danger, it’s just weird",emergency,high,1.0,family,5,yes,0.77
c4c25c47-cdb8-416c-b969-0dd89abc8e7d,"U: please help me outside... | A: Do you need immediate help? | U: I feel like something bad is about to happen, I don’t know... | U: i'm getting scared...",emergency,high,0.9,public,3,yes,0.76
18a80d28-ea34-4530-9798-6735d2aab5da,"U: please help me | A: I'm concerned. Is someone with you? | U: someone is trying to get in, maybe I’m overthinking | A: What happened next? | U: i think i'm in danger | A: That sounds serious. Are you safe right now? | U: something feels wrong with my family | A: Can you explain a bit more? | U: i'm getting scared | U: I hear something outside with my family",emergency,high,1.0,family,6,yes,0.76
03d6c6de-c0e9-4104-8fde-00ddaa3b1393,"U: I feel like something bad is about to happen in public, it’s just weird | A: I'm listening. | U: I'm getting scared in public... | A: I'm listening. | U: i’m not safe right now | U: I hear something outside",emergency,high,0.95,public,4,yes,0.9
0020db3c-56fa-4ecd-b5a2-09f65afd7e3b,"U: I feel like something bad is about to happen, I tried to ignore it | A: Can you explain a bit more? | U: i think i'm in danger | A: I'm concerned. Is someone with you? | U: I'm getting scared outside... | A: What happened next? | U: something feels wrong, i’m not sure | A: What happened next? | U: I hear something outside, I don’t know | A: I'm listening. | U: someone is trying to get in outside, it’s just weird",emergency,high,1.0,public,6,yes,0.78
35f85dd9-e44a-46e8-8b8a-fbcf5fca2d0d,"U: I hear something outside, I don’t know... | A: What happened next? | U: something feels wrong in public, maybe I’m overthinking | A: I'm listening. | U: I think I'm in danger... | U: please help me in public | A: Do you need immediate help? | U: I feel like something bad is about to happen in public | A: What happened next? | U: I’m not safe right now",emergency,high,1.0,public,6,yes,0.84
894784b2-728a-4e1b-8c0d-32e2eb848994,U: I think I'm in danger... | A: Do you need immediate help? | U: something feels wrong in public | U: someone is trying to get in | A: I'm listening. | U: please help me in public,emergency,high,0.95,public,4,yes,0.83
f06e5e4d-0f6b-47ca-9fd4-8d159bbddc8a,"U: I feel like something bad is about to happen | A: What happened next? | U: someone is trying to get in, i don’t know | U: something feels wrong",emergency,high,0.9,unknown,3,yes,0.89
0625562b-707b-4dc2-a129-9301766c491a,"U: I hear something outside | A: Can you explain a bit more? | U: I think I'm in danger | A: I'm concerned. Is someone with you? | U: please help me | U: I’m not safe right now with my partner, I don’t know | A: I'm concerned. Is someone with you? | U: someone is trying to get in with my partner | U: something feels wrong, maybe I’m overthinking",emergency,high,1.0,relationship,6,yes,0.95
eab9ade2-b161-4e97-b5c6-e4b2b173b6b7,"U: I hear something outside in the house | A: Can you explain a bit more? | U: someone is trying to get in in the house, I’m not sure | U: please help me, I tried to ignore it | A: That sounds serious. Are you safe right now? | U: I’m not safe right now, it’s just weird | A: I'm concerned. Is someone with you? | U: something feels wrong in the house | A: I'm listening. | U: I think I'm in danger, it’s just weird",emergency,high,1.0,domestic,6,yes,0.85
fc0a394a-e3d8-41e5-a65e-a76995590fd0,"U: I’m not safe right now with my family, maybe I’m overthinking | A: Do you need immediate help? | U: I think I'm in danger, it’s just weird... | A: I'm concerned. Is someone with you? | U: please help me, maybe I’m overthinking",emergency,high,0.9,family,3,yes,0.82
0a6209d1-3117-47fe-9e6c-98fafd6c38c7,"U: something feels wrong in the house | U: I feel like something bad is about to happen, I don’t know | A: What happened next? | U: i'm getting scared, i’m not sure | U: I hear something outside, it’s just weird... | U: I’m not safe right now, I’m not sure | A: That sounds serious. Are you safe right now? | U: please help me, maybe I’m overthinking",emergency,high,1.0,domestic,6,yes,0.94
8f08b932-ce50-4492-afdf-16abfdb29e74,"U: I’m not safe right now in the house... | A: I'm concerned. Is someone with you? | U: I feel like something bad is about to happen, I don’t know | A: I'm listening. | U: I hear something outside | U: I think I'm in danger, maybe I’m overthinking | A: Do you need immediate help? | U: please help me in the house... | A: That sounds serious. Are you safe right now? | U: I'm getting scared",emergency,high,1.0,domestic,6,yes,0.95
6ad2bb4f-110d-4e6c-b58b-e7d14b3524fa,"U: I hear something outside with my partner | A: Can you explain a bit more? | U: i'm getting scared with my partner, i’m not sure | U: i’m not safe right now | U: please help me, it’s just weird",emergency,high,0.95,relationship,4,yes,0.85
cb3691ee-0295-4324-a0f7-fa1d1b071798,"U: I'm getting scared, I tried to ignore it | A: I'm listening. | U: something feels wrong | U: please help me in the house",emergency,high,0.9,domestic,3,yes,0.8
213302ea-a7df-4018-acf0-59b225d18a83,"U: something feels wrong with my family | U: I feel like something bad is about to happen, it’s just weird | A: What happened next? | U: someone is trying to get in, maybe I’m overthinking | A: I'm listening. | U: I think I'm in danger, it’s just weird",emergency,high,0.95,family,4,yes,0.92
f716ef00-0add-4e3b-8bfe-327219f079a6,"U: I'm getting scared, I tried to ignore it | U: please help me | U: I hear something outside at home | A: I'm listening. | U: I’m not safe right now | A: Do you need immediate help? | U: I feel like something bad is about to happen...",emergency,high,1.0,domestic,5,yes,0.88
31f8fa51-ea2d-48aa-ba7d-649347afa878,"U: I'm getting scared with my family | U: I feel like something bad is about to happen | A: What happened next? | U: I think I'm in danger... | A: I'm concerned. Is someone with you? | U: please help me, i tried to ignore it",emergency,high,0.95,family,4,yes,0.91
485db838-f271-4350-8711-8c9e373d39f4,"U: I think I'm in danger... | U: I feel like something bad is about to happen in the house, I don’t know... | A: Can you explain a bit more? | U: I'm getting scared in the house... | A: What happened next? | U: i’m not safe right now | U: please help me, I don’t know",emergency,high,1.0,domestic,5,yes,0.79
b27f38fc-a9b6-456c-a4b3-e1ae1a463841,"U: something feels wrong outside, I’m not sure | A: What happened next? | U: I’m not safe right now outside, maybe I’m overthinking | A: That sounds serious. Are you safe right now? | U: I'm getting scared | U: I hear something outside, maybe I’m overthinking...",emergency,high,0.95,public,4,yes,0.78
f7816f94-deea-48c7-b53d-bd888dfbd3f0,"U: i think i'm in danger in the house, i’m not sure | A: Do you need immediate help? | U: i hear something outside | A: I'm listening. | U: someone is trying to get in, maybe I’m overthinking | A: Can you explain a bit more? | U: I’m not safe right now, it’s just weird | A: That sounds serious. Are you safe right now? | U: please help me | A: Do you need immediate help? | U: something feels wrong",emergency,high,1.0,domestic,6,yes,0.76
4b0d450e-d0a3-4bb3-bc53-d6996f0bc14d,"U: I feel like something bad is about to happen with my family, I’m not sure... | U: i’m not safe right now with my family... | A: I'm concerned. Is someone with you? | U: something feels wrong, maybe I’m overthinking",emergency,high,0.9,family,3,yes,0.94
17dd6d87-2de8-4202-8502-3d79f9f59e74,U: someone is trying to get in... | A: I'm listening. | U: please help me | U: something feels wrong,emergency,high,0.9,unknown,3,yes,0.86
ca41c307-0881-4b73-9254-f119dc5fe7a0,"U: someone is trying to get in | A: Can you explain a bit more? | U: I feel like something bad is about to happen | A: I'm listening. | U: I hear something outside | U: I'm getting scared with my family, maybe I’m overthinking",emergency,high,0.95,family,4,yes,0.77
c9b1a265-72e8-4a4b-8e31-dc8bb4e89a1f,"U: I'm getting scared, it’s just weird | A: What happened next? | U: I’m not safe right now | A: I'm concerned. Is someone with you? | U: someone is trying to get in, I don’t know | A: What happened next? | U: something feels wrong at home | A: I'm listening. | U: please help me, I don’t know... | A: Do you need immediate help? | U: I feel like something bad is about to happen at home",emergency,high,1.0,domestic,6,yes,0.94
d14d91bb-36bf-48ea-a9b0-ab5ad76614c8,"U: I'm getting scared, I don’t know | A: I'm listening. | U: something feels wrong | A: I'm listening. | U: someone is trying to get in with my partner | U: I hear something outside",emergency,high,0.95,relationship,4,yes,0.83
fb5d1ed7-4f70-4708-a071-adf2b70ed740,"U: I hear something outside | U: someone is trying to get in, I tried to ignore it... | U: something feels wrong with my family | A: What happened next? | U: please help me with my family, I tried to ignore it | A: That sounds serious. Are you safe right now? | U: I'm getting scared with my family, I tried to ignore it...",emergency,high,1.0,family,5,yes,0.94
117a8d2e-0f65-47b3-9a5e-ed8c6053eef6,"U: I think I'm in danger, I tried to ignore it... | A: That sounds serious. Are you safe right now? | U: I hear something outside | A: What happened next? | U: something feels wrong, it’s just weird | A: What happened next? | U: I'm getting scared",emergency,high,0.95,unknown,4,yes,0.78
c1a6fadf-d734-4a8e-878f-2fe9ebd478d7,"U: I think I'm in danger outside | A: I'm concerned. Is someone with you? | U: please help me outside... | A: I'm concerned. Is someone with you? | U: something feels wrong, it’s just weird | A: What happened next? | U: someone is trying to get in, I’m not sure | U: I hear something outside outside | U: i’m not safe right now...",emergency,high,1.0,public,6,yes,0.91
2dc7c833-5bff-429f-ad10-0027ac08ea98,U: something feels wrong | A: I'm listening. | U: I feel like something bad is about to happen | A: What happened next? | U: please help me,emergency,high,0.9,unknown,3,yes,0.87
77407ea9-9bff-40f3-9d08-69d4fba0ccd4,"U: I hear something outside | A: I'm listening. | U: someone is trying to get in in the house | A: I'm listening. | U: please help me, I tried to ignore it",emergency,high,0.9,domestic,3,yes,0.82
72fe65ed-aedc-46c9-88ce-7b42d1b83d13,"U: I feel like something bad is about to happen, I tried to ignore it | U: please help me | A: Do you need immediate help? | U: I’m not safe right now, I don’t know | A: I'm concerned. Is someone with you? | U: I'm getting scared | A: What happened next? | U: I hear something outside",emergency,high,1.0,unknown,5,yes,0.83
7328f206-255c-433f-bb69-6f7502f1eb54,"U: someone is trying to get in with my partner | A: Can you explain a bit more? | U: i'm getting scared with my partner | A: I'm listening. | U: I feel like something bad is about to happen, I don’t know | A: What happened next? | U: something feels wrong with my partner, i’m not sure",emergency,high,0.95,relationship,4,yes,0.92
a9002186-3fdb-4fc5-a90e-4d5805e60d30,U: I'm getting scared... | A: Can you explain a bit more? | U: something feels wrong | U: please help me,emergency,high,0.9,domestic,3,yes,0.93
f1da65c2-85a3-407a-9bb3-da9b42e983f8,"U: I feel like something bad is about to happen, I’m not sure | A: I'm listening. | U: something feels wrong | A: Can you explain a bit more? | U: i think i'm in danger with my family, it’s just weird | A: Do you need immediate help? | U: I'm getting scared",emergency,high,0.95,family,4,yes,0.8
0901ab46-6840-4009-b0b6-479c25b87d07,"U: please help me, i tried to ignore it | A: That sounds serious. Are you safe right now? | U: i hear something outside, maybe i’m overthinking | A: Can you explain a bit more? | U: I’m not safe right now outside, maybe I’m overthinking | U: i'm getting scared outside, i tried to ignore it",emergency,high,0.95,public,4,yes,0.86
2256cdd4-5e1f-4e99-85a8-812272b3de74,"U: I'm getting scared | A: Can you explain a bit more? | U: please help me | U: I think I'm in danger, maybe I’m overthinking | U: something feels wrong, I don’t know | U: I feel like something bad is about to happen in public | A: I'm listening. | U: i’m not safe right now in public, i don’t know...",emergency,high,1.0,public,6,yes,0.94
2d837832-a37c-43d3-b636-76fe9b6784cc,"U: someone is trying to get in, i’m not sure | A: Can you explain a bit more? | U: I'm getting scared with my partner | A: What happened next? | U: i hear something outside... | U: I think I'm in danger, I don’t know | A: I'm concerned. Is someone with you? | U: please help me, I tried to ignore it... | A: Do you need immediate help? | U: something feels wrong, I don’t know",emergency,high,1.0,relationship,6,yes,0.81
eb329af0-4db4-42af-b3aa-399a74bc646e,"U: something feels wrong, maybe I’m overthinking | A: I'm listening. | U: I feel like something bad is about to happen, maybe I’m overthinking | A: Can you explain a bit more? | U: i’m not safe right now in public",emergency,high,0.9,public,3,yes,0.81
f0134cd3-009d-4329-9567-10f688ae06e7,"U: i'm getting scared with my family | A: I'm listening. | U: someone is trying to get in with my family | U: something feels wrong | A: I'm listening. | U: I feel like something bad is about to happen with my family, maybe I’m overthinking",emergency,high,0.95,family,4,yes,0.92
ac58cb0e-de37-4c8d-ae6c-8843d6ccdc15,"U: i’m not safe right now | A: Do you need immediate help? | U: i'm getting scared... | A: I'm listening. | U: someone is trying to get in | A: Can you explain a bit more? | U: I think I'm in danger, I tried to ignore it",emergency,high,0.95,public,4,yes,0.9
893a78b8-1418-46f6-92d3-849b56448f1f,"U: please help me, maybe I’m overthinking... | A: That sounds serious. Are you safe right now? | U: something feels wrong... | A: Can you explain a bit more? | U: i'm getting scared | A: I'm listening. | U: I hear something outside | A: What happened next? | U: someone is trying to get in, I tried to ignore it",emergency,high,1.0,relationship,5,yes,0.86
ee5ca157-5104-47b4-beb2-56f54588404e,"U: I feel like something bad is about to happen | U: I hear something outside, it’s just weird | A: What happened next? | U: I’m not safe right now with my family, I’m not sure | A: Do you need immediate help? | U: something feels wrong with my family",emergency,high,0.95,family,4,yes,0.88
b4c54a6e-f3f7-4892-ab72-4131167f496d,U: someone is trying to get in | A: I'm listening. | U: i hear something outside with my partner... | U: I feel like something bad is about to happen | A: What happened next? | U: I think I'm in danger with my partner,emergency,high,0.95,relationship,4,yes,0.91
91156231-649d-4985-acbc-d6fec6d31fc3,"U: please help me with my partner | A: Do you need immediate help? | U: someone is trying to get in | U: I think I'm in danger, maybe I’m overthinking... | A: That sounds serious. Are you safe right now? | U: I’m not safe right now with my partner",emergency,high,0.95,relationship,4,yes,0.92
d694ef4c-c823-4780-8158-db81ad43724b,"U: please help me | A: Do you need immediate help? | U: something feels wrong | A: Can you explain a bit more? | U: someone is trying to get in with my family, I don’t know",emergency,high,0.9,family,3,yes,0.8
7293f856-3c44-4c0e-9605-6eb4f50a0d7e,"U: I'm getting scared | A: What happened next? | U: please help me | A: That sounds serious. Are you safe right now? | U: something feels wrong, it’s just weird",emergency,high,0.9,family,3,yes,0.93
f4bf4385-8c39-47ad-af17-09a7869db5af,"U: someone is trying to get in | U: please help me... | U: I think I'm in danger at home, I’m not sure | A: Do you need immediate help? | U: I'm getting scared, I’m not sure | U: I hear something outside",emergency,high,1.0,domestic,5,yes,0.89
4214cc7d-9d5d-4e9f-a3b0-29d8237595d6,"U: I feel like something bad is about to happen | U: I’m not safe right now | A: Do you need immediate help? | U: I'm getting scared, maybe I’m overthinking | A: I'm listening. | U: please help me in public",emergency,high,0.95,public,4,yes,0.76
aa2ce43d-498a-45d2-89f7-c12b3e62fcae,"U: please help me outside | A: I'm concerned. Is someone with you? | U: i think i'm in danger, maybe i’m overthinking | A: Do you need immediate help? | U: someone is trying to get in, it’s just weird...",emergency,high,0.9,public,3,yes,0.77
ef5d7163-9a44-4bae-a5e7-6bfb08a456ce,"U: I'm getting scared | U: please help me, I don’t know | A: I'm concerned. Is someone with you? | U: I feel like something bad is about to happen... | A: I'm listening. | U: I’m not safe right now | A: That sounds serious. Are you safe right now? | U: something feels wrong",emergency,high,1.0,unknown,5,yes,0.91
2b4753eb-f2e5-4d11-be65-00a2c677a5ca,"U: i feel like something bad is about to happen at home | A: I'm listening. | U: I think I'm in danger at home | A: Do you need immediate help? | U: I hear something outside | U: something feels wrong | U: someone is trying to get in, I don’t know...",emergency,high,1.0,domestic,5,yes,0.87
3363849e-4f2d-4118-9e1b-bdf52bad38d3,"U: I’m not safe right now, I’m not sure | A: That sounds serious. Are you safe right now? | U: I feel like something bad is about to happen | U: I think I'm in danger with my partner, maybe I’m overthinking | A: I'm concerned. Is someone with you? | U: I hear something outside, maybe I’m overthinking | A: I'm listening. | U: i'm getting scared with my partner",emergency,high,1.0,relationship,5,yes,0.94
7329304f-87c5-4e24-8ece-7c2ab2a145be,"U: please help me at home | U: i think i'm in danger | A: That sounds serious. Are you safe right now? | U: i’m not safe right now, it’s just weird... | A: I'm concerned. Is someone with you? | U: I hear something outside, I don’t know",emergency,high,0.95,domestic,4,yes,0.93
c7b3b725-395b-47d2-b6a4-5cefe275a893,"U: I hear something outside, maybe I’m overthinking | A: Can you explain a bit more? | U: something feels wrong, it’s just weird... | A: I'm listening. | U: please help me | A: That sounds serious. Are you safe right now? | U: I feel like something bad is about to happen with my partner...",emergency,high,0.95,relationship,4,yes,0.82
9b4793f3-e942-4dc5-a365-e61592d93029,"U: I'm getting scared with my partner, maybe I’m overthinking | U: someone is trying to get in with my partner... | A: I'm listening. | U: I hear something outside with my partner, I tried to ignore it | A: Can you explain a bit more? | U: i’m not safe right now",emergency,high,0.95,relationship,4,yes,0.78
a606a986-fd82-46ab-8c70-17c3b8ccda5f,"U: I think I'm in danger at home | A: Do you need immediate help? | U: I feel like something bad is about to happen at home, I tried to ignore it | U: please help me at home | A: Do you need immediate help? | U: I’m not safe right now at home... | A: Do you need immediate help? | U: I'm getting scared",emergency,high,1.0,domestic,5,yes,0.76
0f29ce97-4681-4e86-a1eb-bf950b7c4e92,"U: please help me... | A: I'm concerned. Is someone with you? | U: I’m not safe right now with my partner, it’s just weird | U: I'm getting scared...",emergency,high,0.9,relationship,3,yes,0.83
98a1042e-537a-4c4a-bb08-27c9589957e0,"U: please help me | A: That sounds serious. Are you safe right now? | U: I feel like something bad is about to happen, it’s just weird | U: something feels wrong | A: I'm listening. | U: I hear something outside",emergency,high,0.95,relationship,4,yes,0.91
35d551b1-be72-48d8-9c40-5ad873667f76,"U: something feels wrong, maybe I’m overthinking | A: I'm listening. | U: i'm getting scared, i don’t know | U: I feel like something bad is about to happen with my family | A: I'm listening. | U: please help me with my family | A: That sounds serious. Are you safe right now? | U: I think I'm in danger with my family, I tried to ignore it",emergency,high,1.0,family,5,yes,0.82
18e6ef19-c43f-41eb-95a8-cc80ac6e9a27,U: I think I'm in danger outside | U: please help me | A: That sounds serious. Are you safe right now? | U: i’m not safe right now | A: That sounds serious. Are you safe right now? | U: I feel like something bad is about to happen,emergency,high,0.95,public,4,yes,0.82
0282c206-99ed-4303-8826-2597407642bd,"U: i feel like something bad is about to happen | A: I'm listening. | U: please help me... | A: Do you need immediate help? | U: I’m not safe right now, I don’t know | A: Do you need immediate help? | U: I hear something outside, I’m not sure",emergency,high,0.95,family,4,yes,0.87
ac07477a-bd2e-43ff-83a3-be0abc997457,"U: something feels wrong at home | A: Can you explain a bit more? | U: I feel like something bad is about to happen at home, maybe I’m overthinking | A: I'm listening. | U: I'm getting scared, maybe I’m overthinking",emergency,high,0.9,domestic,3,yes,0.79
142c7f8c-1d72-45a4-a715-e9b3c66a6e99,U: please help me outside | A: Do you need immediate help? | U: I'm getting scared outside | A: Can you explain a bit more? | U: I’m not safe right now | A: Do you need immediate help? | U: I feel like something bad is about to happen | A: What happened next? | U: i think i'm in danger,emergency,high,1.0,public,5,yes,0.88
46969ea9-15bc-46c4-a5db-f785b30cde01,"U: I'm getting scared | A: I'm listening. | U: please help me | U: I feel like something bad is about to happen, I’m not sure...",emergency,high,0.9,unknown,3,yes,0.77
cf10e595-b021-487d-acc7-3fee41c9bc58,"U: i’m not safe right now with my family, it’s just weird | U: I think I'm in danger | A: I'm concerned. Is someone with you? | U: I'm getting scared with my family, it’s just weird | A: What happened next? | U: please help me | U: I feel like something bad is about to happen with my family, I tried to ignore it",emergency,high,1.0,family,5,yes,0.84
9d34212c-da42-47d8-9c9a-1f9b6a3b5374,"U: I think I'm in danger, I’m not sure | U: I’m not safe right now, maybe I’m overthinking | A: That sounds serious. Are you safe right now? | U: I'm getting scared with my family, maybe I’m overthinking",emergency,high,0.9,family,3,yes,0.86
ce465fca-308e-49fc-aa1f-d7f5e4c0765a,"U: I’m not safe right now with my partner, I’m not sure | A: I'm concerned. Is someone with you? | U: I think I'm in danger, it’s just weird | U: someone is trying to get in, I tried to ignore it | A: What happened next? | U: I feel like something bad is about to happen",emergency,high,0.95,relationship,4,yes,0.9
a63bc34a-c81d-4c39-ac87-6940f0aa4eda,"U: I hear something outside, I tried to ignore it... | U: i think i'm in danger, it’s just weird | A: That sounds serious. Are you safe right now? | U: I’m not safe right now with my partner, maybe I’m overthinking | A: That sounds serious. Are you safe right now? | U: I'm getting scared | A: I'm listening. | U: please help me with my partner | A: That sounds serious. Are you safe right now? | U: I feel like something bad is about to happen",emergency,high,1.0,relationship,6,yes,0.77
31a6aacf-827c-41bd-a960-d110f18deb6a,"U: someone is trying to get in outside... | A: I'm listening. | U: I’m not safe right now outside | A: I'm concerned. Is someone with you? | U: I'm getting scared outside, I don’t know | U: I hear something outside outside | A: I'm listening. | U: i think i'm in danger | U: something feels wrong, it’s just weird...",emergency,high,1.0,public,6,yes,0.9
8c5a5148-67ff-4e68-9374-53e3010ef813,"U: i think i'm in danger, i don’t know... | A: Do you need immediate help? | U: please help me with my partner, I tried to ignore it | A: That sounds serious. Are you safe right now? | U: something feels wrong with my partner...",emergency,high,0.9,relationship,3,yes,0.86
b7e76591-ca57-4651-a537-c322a82fd8a6,"U: I’m not safe right now at home | A: That sounds serious. Are you safe right now? | U: I hear something outside, I don’t know | U: something feels wrong, I don’t know... | A: Can you explain a bit more? | U: I feel like something bad is about to happen at home | A: What happened next? | U: i think i'm in danger | U: someone is trying to get in",emergency,high,1.0,domestic,6,yes,0.75
d2ab9076-9cdf-4b82-9b65-a3781c745af5,"U: I feel like something bad is about to happen... | A: What happened next? | U: i'm getting scared, it’s just weird | U: I’m not safe right now, I tried to ignore it | A: That sounds serious. Are you safe right now? | U: something feels wrong",emergency,high,0.95,unknown,4,yes,0.85
6792a379-8e5a-415f-b9d9-a87ac997190b,"U: I hear something outside, maybe I’m overthinking | U: i'm getting scared, i tried to ignore it | U: I’m not safe right now...",emergency,high,0.9,relationship,3,yes,0.8
566055c0-ac36-49dd-bcad-870d6953b026,"U: I think I'm in danger | A: I'm concerned. Is someone with you? | U: I feel like something bad is about to happen | U: I hear something outside, it’s just weird | A: What happened next? | U: someone is trying to get in | A: Can you explain a bit more? | U: please help me | U: I'm getting scared...",emergency,high,1.0,domestic,6,yes,0.84
63e975ac-8ea3-4371-8797-290b59adbcde,"U: something feels wrong, I’m not sure | A: Can you explain a bit more? | U: I feel like something bad is about to happen with my partner... | U: I hear something outside, I’m not sure...",emergency,high,0.9,relationship,3,yes,0.82
9a940ce1-0782-47e5-b4f7-e1b22b5ceb0d,"U: I'm getting scared, maybe I’m overthinking | A: What happened next? | U: please help me | A: I'm concerned. Is someone with you? | U: someone is trying to get in with my family, I don’t know | A: I'm listening. | U: something feels wrong with my family, I don’t know... | A: Can you explain a bit more? | U: I think I'm in danger with my family",emergency,high,1.0,family,5,yes,0.81
706f969c-2725-4073-a75a-722cde1e41a5,"U: I think I'm in danger... | A: That sounds serious. Are you safe right now? | U: someone is trying to get in | A: Can you explain a bit more? | U: please help me | A: I'm concerned. Is someone with you? | U: I hear something outside, I tried to ignore it | A: Can you explain a bit more? | U: something feels wrong, maybe I’m overthinking",emergency,high,1.0,unknown,5,yes,0.79
56c551a4-478c-4b17-87f5-0fd1116fd0ef,U: someone is trying to get in in the house | U: i'm getting scared... | A: What happened next? | U: I think I'm in danger | A: Do you need immediate help? | U: I hear something outside,emergency,high,0.95,domestic,4,yes,0.83
c0e0cdb6-0f75-4a32-a02b-53de4ac44b2e,"U: something feels wrong | A: Can you explain a bit more? | U: please help me, maybe I’m overthinking | A: That sounds serious. Are you safe right now? | U: I think I'm in danger, I’m not sure | U: i feel like something bad is about to happen, maybe i’m overthinking | A: What happened next? | U: I hear something outside, it’s just weird",emergency,high,1.0,unknown,5,yes,0.88
2d5a82f9-a949-4518-8d9c-dfe178d1d233,"U: something feels wrong at home | U: i think i'm in danger at home | A: I'm concerned. Is someone with you? | U: I’m not safe right now... | A: I'm concerned. Is someone with you? | U: I hear something outside at home, I tried to ignore it... | U: i feel like something bad is about to happen",emergency,high,1.0,domestic,5,yes,0.78
6897b9dc-e74e-48d0-87da-a7d4446b3651,"U: I hear something outside | A: What happened next? | U: I think I'm in danger | A: Do you need immediate help? | U: please help me, I tried to ignore it",emergency,high,0.9,relationship,3,yes,0.82
cec5a0af-8c2f-4f18-a55a-fe0385fbbdf8,"U: please help me, i’m not sure... | A: That sounds serious. Are you safe right now? | U: something feels wrong | U: I hear something outside | U: I'm getting scared outside | U: I think I'm in danger, I don’t know | A: I'm concerned. Is someone with you? | U: someone is trying to get in, I tried to ignore it...",emergency,high,1.0,public,6,yes,0.89
ed36a437-a61d-4d6d-9a2a-6c475f9ec1dc,"U: I feel like something bad is about to happen, maybe I’m overthinking | U: I hear something outside | U: I’m not safe right now | A: That sounds serious. Are you safe right now? | U: something feels wrong | A: I'm listening. | U: please help me | U: I'm getting scared, maybe I’m overthinking...",emergency,high,1.0,unknown,6,yes,0.76
48c9b0f5-6b1e-4801-b541-c5c4904cd2f1,"U: I’m not safe right now, it’s just weird... | U: I think I'm in danger | A: That sounds serious. Are you safe right now? | U: please help me at home | A: I'm concerned. Is someone with you? | U: I feel like something bad is about to happen at home | A: Can you explain a bit more? | U: I'm getting scared, I tried to ignore it | A: Can you explain a bit more? | U: i hear something outside at home, maybe i’m overthinking",emergency,high,1.0,domestic,6,yes,0.85
6d9d3020-7dd3-4f3b-afc1-2b6300fcb373,"U: I hear something outside | U: something feels wrong, i don’t know... | A: I'm listening. | U: I'm getting scared at home",emergency,high,0.9,domestic,3,yes,0.87
a20ef659-9203-46b0-9179-13af93333361,"U: I hear something outside with my partner | A: What happened next? | U: I’m not safe right now, I don’t know | A: Do you need immediate help? | U: please help me | A: Do you need immediate help? | U: I feel like something bad is about to happen, it’s just weird... | A: I'm listening. | U: I think I'm in danger, I’m not sure | U: something feels wrong",emergency,high,1.0,relationship,6,yes,0.76
1df8262f-cdb6-42ee-9cd5-3c99fc9d98f7,"U: I hear something outside outside... | A: I'm listening. | U: someone is trying to get in outside | A: What happened next? | U: i think i'm in danger... | U: something feels wrong | U: please help me outside, it’s just weird... | U: I feel like something bad is about to happen",emergency,high,1.0,public,6,yes,0.9
d65569bf-8beb-4b08-83fd-36b3d7ecb0aa,U: i think i'm in danger | A: I'm concerned. Is someone with you? | U: i’m not safe right now | U: something feels wrong,emergency,high,0.9,unknown,3,yes,0.9
6f6e0e05-f8f6-43f8-b0a4-48d1eb46bfaa,"U: please help me with my partner | A: Do you need immediate help? | U: I think I'm in danger with my partner | A: I'm concerned. Is someone with you? | U: I'm getting scared | A: I'm listening. | U: someone is trying to get in, I don’t know | U: something feels wrong, I’m not sure",emergency,high,1.0,relationship,5,yes,0.84
a7155fc6-8341-4109-8e81-33dba4404e98,"U: i think i'm in danger with my family, maybe i’m overthinking | A: I'm concerned. Is someone with you? | U: please help me, I’m not sure | A: Do you need immediate help? | U: I hear something outside with my family, I tried to ignore it",emergency,high,0.9,family,3,yes,0.91
73faca5a-4a9a-4d15-a04c-3b7f26b9d788,"U: something feels wrong | A: Can you explain a bit more? | U: I'm getting scared, I tried to ignore it | U: I hear something outside, I don’t know | A: Can you explain a bit more? | U: I think I'm in danger... | U: someone is trying to get in | U: I feel like something bad is about to happen",emergency,high,1.0,unknown,6,yes,0.83
e5e8dad0-ab1a-4ffe-93a5-9f922ef4cd6c,"U: I think I'm in danger | A: I'm concerned. Is someone with you? | U: I'm getting scared with my family | A: I'm listening. | U: I feel like something bad is about to happen with my family | U: I hear something outside | A: Can you explain a bit more? | U: something feels wrong with my family, maybe I’m overthinking",emergency,high,1.0,family,5,yes,0.94
c17b7d8a-8603-4140-be20-4be2a3e0344d,"U: I hear something outside | A: I'm listening. | U: something feels wrong, I don’t know | A: What happened next? | U: I'm getting scared, I’m not sure | A: What happened next? | U: i think i'm in danger...",emergency,high,0.95,family,4,yes,0.89
58007207-3cbb-4a58-8fdc-b0511a1f3a35,"U: i think i'm in danger, i tried to ignore it | A: I'm concerned. Is someone with you? | U: I'm getting scared in public... | U: I hear something outside",emergency,high,0.9,public,3,yes,0.95
7ae5e347-ef75-4b48-826b-2aa77d87592c,"U: I hear something outside | A: What happened next? | U: someone is trying to get in with my family, i’m not sure... | U: I’m not safe right now, I don’t know | A: I'm concerned. Is someone with you? | U: something feels wrong with my family | U: I think I'm in danger with my family, I tried to ignore it | A: I'm concerned. Is someone with you? | U: please help me, I’m not sure",emergency,high,1.0,family,6,yes,0.93
eb90869e-78fd-4ba2-bcec-ed85953ef9ba,U: something feels wrong with my partner... | A: Can you explain a bit more? | U: I think I'm in danger | A: That sounds serious. Are you safe right now? | U: I'm getting scared with my partner | A: I'm listening. | U: I feel like something bad is about to happen,emergency,high,0.95,relationship,4,yes,0.83
d43ee1ac-db9e-48f2-82f7-20211e65850f,"U: I'm getting scared with my partner | A: Can you explain a bit more? | U: I hear something outside with my partner, maybe I’m overthinking | A: Can you explain a bit more? | U: someone is trying to get in...",emergency,high,0.9,relationship,3,yes,0.85
6f47380b-5a86-440c-9ae9-75ef64eb75ee,U: I think I'm in danger | A: I'm concerned. Is someone with you? | U: I'm getting scared | U: please help me,emergency,high,0.9,unknown,3,yes,0.87
afe17e15-3b55-412a-8ab0-808c7ca804b1,"U: i think i'm in danger | U: I feel like something bad is about to happen, I’m not sure | A: What happened next? | U: I’m not safe right now in public | A: Do you need immediate help? | U: someone is trying to get in, I don’t know | A: Can you explain a bit more? | U: please help me in public, maybe i’m overthinking | U: I'm getting scared in public",emergency,high,1.0,public,6,yes,0.88
3db59519-0570-422f-bbf7-e7b9010b7835,"U: I think I'm in danger, I’m not sure | U: I feel like something bad is about to happen | U: I'm getting scared, I tried to ignore it... | A: What happened next? | U: I hear something outside, I tried to ignore it",emergency,high,0.95,unknown,4,yes,0.76
918bceb4-5e2e-4173-8dcd-5fdf008d2834,"U: I’m not safe right now | U: I feel like something bad is about to happen with my family, I tried to ignore it | A: What happened next? | U: please help me | A: That sounds serious. Are you safe right now? | U: someone is trying to get in, it’s just weird | A: What happened next? | U: something feels wrong, maybe I’m overthinking",emergency,high,1.0,family,5,yes,0.94
7599fbd5-27a3-4fa1-a69b-7739ecb53af1,"U: please help me, I’m not sure | U: I'm getting scared... | A: I'm listening. | U: I feel like something bad is about to happen, it’s just weird",emergency,high,0.9,relationship,3,yes,0.77
3501e9a5-ebd8-4f9f-bec7-0f9af8323ada,"U: I feel like something bad is about to happen... | U: someone is trying to get in, I tried to ignore it... | A: I'm listening. | U: please help me, I tried to ignore it | A: Do you need immediate help? | U: I’m not safe right now | U: something feels wrong in the house, it’s just weird",emergency,high,1.0,domestic,5,yes,0.9
e1e4faea-e4c6-46cf-a656-5f32d6a48fa9,"U: I’m not safe right now | A: Do you need immediate help? | U: someone is trying to get in | A: What happened next? | U: I'm getting scared | A: What happened next? | U: I think I'm in danger with my family, maybe I’m overthinking | U: I hear something outside...",emergency,high,1.0,family,5,yes,0.78
858a5673-5636-4eff-8e15-38e4ea28842a,U: I’m not safe right now... | A: I'm concerned. Is someone with you? | U: something feels wrong | A: I'm listening. | U: i feel like something bad is about to happen | A: What happened next? | U: i think i'm in danger in public,emergency,high,0.95,public,4,yes,0.94
8b592cb3-3af7-45e0-9d35-e2ab5a9aa86a,"U: someone is trying to get in, maybe I’m overthinking | A: I'm listening. | U: I'm getting scared... | A: I'm listening. | U: please help me outside | U: I hear something outside | U: i’m not safe right now, i don’t know | A: Do you need immediate help? | U: something feels wrong outside",emergency,high,1.0,public,6,yes,0.86
4f2212f8-a7ad-4170-b2d0-4581c0f8a540,"U: I’m not safe right now | A: I'm concerned. Is someone with you? | U: I feel like something bad is about to happen, I tried to ignore it | U: something feels wrong with my family",emergency,high,0.9,family,3,yes,0.83
601a1621-3a4a-4592-9b5e-b5bfd0d6b59c,"U: I feel like something bad is about to happen, it’s just weird | A: Can you explain a bit more? | U: I hear something outside, it’s just weird | U: I think I'm in danger at home",emergency,high,0.9,domestic,3,yes,0.82
3a20618a-964d-4b7f-bb74-9bcf8c48ccaf,"U: I hear something outside, maybe I’m overthinking | U: please help me, I tried to ignore it... | U: i feel like something bad is about to happen, maybe i’m overthinking | U: I'm getting scared, I’m not sure | A: Can you explain a bit more? | U: I think I'm in danger, I tried to ignore it",emergency,high,1.0,unknown,5,yes,0.95
d93902ae-38f0-40fa-9af8-9b943fc03421,U: please help me... | A: Do you need immediate help? | U: I’m not safe right now | U: I think I'm in danger | A: I'm concerned. Is someone with you? | U: I hear something outside | U: I'm getting scared,emergency,high,1.0,unknown,5,yes,0.83
3d90ab01-42cc-4dd8-9230-e9392a585265,"U: I think I'm in danger, I tried to ignore it | U: i feel like something bad is about to happen outside, it’s just weird | A: Can you explain a bit more? | U: please help me outside | U: someone is trying to get in outside | A: I'm listening. | U: i'm getting scared",emergency,high,1.0,public,5,yes,0.78
54668a1b-09b3-495a-bba5-219fad82086e,"U: i'm getting scared, i don’t know... | U: I’m not safe right now | A: Do you need immediate help? | U: I hear something outside with my partner, maybe I’m overthinking | A: Can you explain a bit more? | U: I think I'm in danger with my partner... | A: That sounds serious. Are you safe right now? | U: something feels wrong",emergency,high,1.0,relationship,5,yes,0.82
23eb1f40-beb8-440a-95a5-e7582f6fc099,"U: I’m not safe right now, I don’t know | A: Do you need immediate help? | U: I feel like something bad is about to happen... | A: I'm listening. | U: someone is trying to get in, I tried to ignore it | A: What happened next? | U: I think I'm in danger",emergency,high,0.95,public,4,yes,0.89
6e2c3abb-763f-4645-ae75-d8b6f47a8335,"U: I’m not safe right now... | A: Do you need immediate help? | U: i hear something outside, maybe i’m overthinking | A: I'm listening. | U: I think I'm in danger | A: I'm concerned. Is someone with you? | U: someone is trying to get in | A: What happened next? | U: something feels wrong, I’m not sure | A: What happened next? | U: please help me",emergency,high,1.0,unknown,6,yes,0.9
c37e558a-062a-4bd7-a920-523058c139e0,"U: someone is trying to get in with my family, maybe I’m overthinking... | U: I’m not safe right now | A: Do you need immediate help? | U: I hear something outside with my family | U: I think I'm in danger with my family, I’m not sure",emergency,high,0.95,family,4,yes,0.92
1e735d91-c2ab-4966-be26-2ac463a9a9a8,"U: I’m not safe right now in public, maybe I’m overthinking | A: That sounds serious. Are you safe right now? | U: please help me | A: I'm concerned. Is someone with you? | U: something feels wrong in public | A: What happened next? | U: I'm getting scared | A: Can you explain a bit more? | U: I hear something outside | A: Can you explain a bit more? | U: someone is trying to get in",emergency,high,1.0,public,6,yes,0.86
4827bb5d-bea2-4694-a0a6-160c2f398df2,"U: something feels wrong in the house, maybe I’m overthinking | U: I hear something outside | A: Can you explain a bit more? | U: please help me in the house, I’m not sure",emergency,high,0.9,domestic,3,yes,0.82
9e9001ca-dbc4-4a75-878a-31215e286fa0,"U: I’m not safe right now, it’s just weird | A: Do you need immediate help? | U: someone is trying to get in | A: Can you explain a bit more? | U: I'm getting scared, it’s just weird | A: What happened next? | U: I feel like something bad is about to happen | A: What happened next? | U: I hear something outside",emergency,high,1.0,unknown,5,yes,0.77
8c6f753e-e6d7-4855-a0de-5b4950721642,"U: I'm getting scared | A: What happened next? | U: I hear something outside | A: I'm listening. | U: I’m not safe right now in public | A: I'm concerned. Is someone with you? | U: I feel like something bad is about to happen, maybe I’m overthinking | U: something feels wrong in public, i tried to ignore it | A: Can you explain a bit more? | U: someone is trying to get in in public, maybe I’m overthinking",emergency,high,1.0,public,6,yes,0.77
ad45f6ba-b4d2-450c-b79a-3cf47d6bdb7c,"U: someone is trying to get in | U: I feel like something bad is about to happen, I don’t know | U: I’m not safe right now",emergency,high,0.9,unknown,3,yes,0.89
f71ca390-0d7b-4cbb-91e2-4e5a4256baec,"U: please help me | U: I think I'm in danger | A: I'm concerned. Is someone with you? | U: someone is trying to get in at home, maybe I’m overthinking | U: I’m not safe right now at home | A: That sounds serious. Are you safe right now? | U: I hear something outside | A: I'm listening. | U: I feel like something bad is about to happen at home",emergency,high,1.0,domestic,6,yes,0.79
11489b58-2581-403d-a01f-44b94f231742,"U: I’m not safe right now at home, I tried to ignore it | A: Do you need immediate help? | U: i'm getting scared, i’m not sure | A: I'm listening. | U: something feels wrong at home | A: What happened next? | U: I think I'm in danger",emergency,high,0.95,domestic,4,yes,0.76
dd674d10-c22f-4160-8360-dfe664e8d3d7,"U: please help me in the house, it’s just weird | A: Do you need immediate help? | U: someone is trying to get in in the house | A: Can you explain a bit more? | U: I think I'm in danger in the house, I’m not sure | A: That sounds serious. Are you safe right now? | U: I'm getting scared, maybe I’m overthinking | A: I'm listening. | U: I feel like something bad is about to happen | A: What happened next? | U: I hear something outside",emergency,high,1.0,domestic,6,yes,0.85
69012940-5a60-40ab-b9de-90ec94c8b10c,"U: I think I'm in danger, I tried to ignore it | U: i feel like something bad is about to happen with my partner | A: What happened next? | U: something feels wrong, i don’t know | A: What happened next? | U: please help me with my partner, it’s just weird | U: I'm getting scared with my partner | A: Can you explain a bit more? | U: someone is trying to get in with my partner",emergency,high,1.0,relationship,6,yes,0.77
e4966124-6f27-4e19-b198-2f784f75ff0e,"U: please help me with my partner | A: That sounds serious. Are you safe right now? | U: I’m not safe right now... | U: I think I'm in danger | A: Do you need immediate help? | U: something feels wrong | A: What happened next? | U: I hear something outside with my partner | A: What happened next? | U: I feel like something bad is about to happen, I don’t know",emergency,high,1.0,relationship,6,yes,0.8
5ef28d72-5177-410b-889c-cf916412f550,"U: please help me, I don’t know... | A: That sounds serious. Are you safe right now? | U: someone is trying to get in | A: What happened next? | U: I think I'm in danger with my partner | A: I'm concerned. Is someone with you? | U: I hear something outside... | U: I’m not safe right now with my partner, I’m not sure | A: That sounds serious. Are you safe right now? | U: something feels wrong, maybe I’m overthinking",emergency,high,1.0,relationship,6,yes,0.83
a1d12de4-b56f-45ec-8f75-1f659b1e0a90,"U: someone is trying to get in | U: I'm getting scared with my family, I don’t know | A: Can you explain a bit more? | U: please help me | A: I'm concerned. Is someone with you? | U: I’m not safe right now | A: I'm concerned. Is someone with you? | U: I feel like something bad is about to happen with my family, I don’t know",emergency,high,1.0,family,5,yes,0.85
44410fc2-345d-4a9e-85a4-277e7e210552,"U: someone is trying to get in, maybe I’m overthinking | U: please help me | A: I'm concerned. Is someone with you? | U: I feel like something bad is about to happen, it’s just weird | U: I’m not safe right now, I don’t know | U: something feels wrong",emergency,high,1.0,unknown,5,yes,0.87
969a40d4-3955-4405-a69d-8c1d8c8cf2c5,"U: I’m not safe right now with my partner, I tried to ignore it | A: That sounds serious. Are you safe right now? | U: something feels wrong with my partner, i’m not sure... | A: What happened next? | U: please help me, maybe I’m overthinking",emergency,high,0.9,relationship,3,yes,0.85
842d9a60-708c-48cc-ace6-3527606b356b,"U: something feels wrong, I don’t know | A: I'm listening. | U: please help me, I don’t know | U: I think I'm in danger with my family, I don’t know | U: I’m not safe right now, I’m not sure",emergency,high,0.95,family,4,yes,0.86
218321da-6fee-42f7-b980-577a8e6bedc1,"U: I’m not safe right now | U: i'm getting scared, it’s just weird... | A: What happened next? | U: someone is trying to get in, I don’t know",emergency,high,0.9,relationship,3,yes,0.93
246a3af3-a43d-4a49-951f-f78efcb1795f,"U: I'm getting scared, I don’t know | U: I feel like something bad is about to happen | A: I'm listening. | U: I’m not safe right now outside | U: someone is trying to get in outside, I’m not sure | U: i think i'm in danger outside, i tried to ignore it | A: I'm concerned. Is someone with you? | U: something feels wrong outside",emergency,high,1.0,public,6,yes,0.86
233468ea-1258-48fe-a714-d16dc0678c04,"U: please help me | U: i'm getting scared... | A: Can you explain a bit more? | U: I feel like something bad is about to happen, I don’t know | A: What happened next? | U: i think i'm in danger, it’s just weird | A: Do you need immediate help? | U: I’m not safe right now, I tried to ignore it... | U: I hear something outside...",emergency,high,1.0,unknown,6,yes,0.87
6dfcfd59-1b25-416d-b421-e07e41bfe4b8,"U: I think I'm in danger with my partner, it’s just weird | U: I feel like something bad is about to happen with my partner, I don’t know... | A: What happened next? | U: someone is trying to get in... | A: Can you explain a bit more? | U: I'm getting scared, maybe I’m overthinking | U: something feels wrong with my partner | A: I'm listening. | U: I hear something outside with my partner, I tried to ignore it",emergency,high,1.0,relationship,6,yes,0.79
79385fa2-1c35-4726-a068-41b07ca81856,"U: please help me, maybe I’m overthinking | A: That sounds serious. Are you safe right now? | U: I feel like something bad is about to happen | A: I'm listening. | U: someone is trying to get in | U: I think I'm in danger",emergency,high,0.95,family,4,yes,0.77
9d402b92-3a5b-4ab0-8009-963d9c48b899,"U: something feels wrong at home | A: What happened next? | U: I'm getting scared at home | U: I feel like something bad is about to happen, I don’t know | U: i’m not safe right now, maybe i’m overthinking",emergency,high,0.95,domestic,4,yes,0.87
986ed6c6-3475-4df6-88dc-b71304c6c03e,U: I think I'm in danger in the house | U: I feel like something bad is about to happen... | A: Can you explain a bit more? | U: please help me,emergency,high,0.9,domestic,3,yes,0.92
9fa9ae0d-f29f-498d-a9c9-d3da6cd34808,U: I’m not safe right now with my family | A: I'm concerned. Is someone with you? | U: something feels wrong | A: What happened next? | U: please help me with my family,emergency,high,0.9,family,3,yes,0.81
5160c3c2-466a-4ddb-8cc5-cdaf0dae113f,"U: i feel like something bad is about to happen | A: What happened next? | U: i hear something outside with my family, i don’t know... | A: I'm listening. | U: something feels wrong with my family, I’m not sure",emergency,high,0.9,family,3,yes,0.77
46c50475-fc32-4f1a-b49a-4238b1985644,"U: I’m not safe right now with my family | U: something feels wrong, it’s just weird | A: I'm listening. | U: I think I'm in danger with my family",emergency,high,0.9,family,3,yes,0.92
0f1a7a92-2fc3-49f7-9e7b-0c20ef3d5459,"U: I hear something outside, maybe I’m overthinking | A: Can you explain a bit more? | U: something feels wrong in the house | U: i’m not safe right now",emergency,high,0.9,domestic,3,yes,0.83
900eae27-17a9-4fd0-800c-89fcff91ade5,"U: someone is trying to get in, it’s just weird | U: something feels wrong in public, I’m not sure | A: I'm listening. | U: I think I'm in danger in public, it’s just weird | A: Do you need immediate help? | U: I feel like something bad is about to happen",emergency,high,0.95,public,4,yes,0.92
75ba69c5-fe3c-47ba-8482-1472ea52396a,"U: I think I'm in danger in the house, I tried to ignore it | U: someone is trying to get in in the house, it’s just weird... | A: I'm listening. | U: please help me | U: I’m not safe right now... | U: something feels wrong in the house...",emergency,high,1.0,domestic,5,yes,0.91
8abb82e6-c69c-4c63-b3d6-0298e24299e2,"U: I hear something outside with my partner, maybe I’m overthinking | U: please help me with my partner, maybe I’m overthinking | A: Do you need immediate help? | U: i’m not safe right now | U: I think I'm in danger, I’m not sure | A: That sounds serious. Are you safe right now? | U: i feel like something bad is about to happen with my partner, i tried to ignore it",emergency,high,1.0,relationship,5,yes,0.84
7ad0cb5c-caf3-4910-b19d-84f03184455e,"U: I’m not safe right now, I tried to ignore it | A: Do you need immediate help? | U: I think I'm in danger with my family | A: I'm concerned. Is someone with you? | U: I hear something outside... | A: Can you explain a bit more? | U: someone is trying to get in",emergency,high,0.95,family,4,yes,0.8
f59ff444-3ea7-4e8c-a722-c45470ebde8a,"U: I’m not safe right now, it’s just weird | A: Do you need immediate help? | U: please help me with my partner... | A: Do you need immediate help? | U: i'm getting scared with my partner | A: What happened next? | U: I hear something outside, I tried to ignore it | A: What happened next? | U: i think i'm in danger",emergency,high,1.0,relationship,5,yes,0.84
bd031573-5405-47a9-8702-9cc33ec71275,"U: I'm getting scared... | A: I'm listening. | U: I hear something outside | A: What happened next? | U: something feels wrong... | A: Can you explain a bit more? | U: I think I'm in danger, I’m not sure | U: someone is trying to get in, I’m not sure",emergency,high,1.0,unknown,5,yes,0.82
c15115e6-f3a6-4ce1-a80f-debfe331749c,"U: I'm getting scared with my family, I don’t know | A: What happened next? | U: I think I'm in danger, I’m not sure | A: I'm concerned. Is someone with you? | U: I hear something outside with my family, I don’t know | A: What happened next? | U: someone is trying to get in",emergency,high,0.95,family,4,yes,0.91
45df319d-bcc6-4470-a180-a52f3a49e62a,"U: please help me | A: That sounds serious. Are you safe right now? | U: someone is trying to get in | A: Can you explain a bit more? | U: I’m not safe right now with my family, I tried to ignore it | A: I'm concerned. Is someone with you? | U: something feels wrong with my family | A: What happened next? | U: I hear something outside | A: Can you explain a bit more? | U: I think I'm in danger",emergency,high,1.0,family,6,yes,0.9
b17eb2a6-3c6e-41a3-af8f-0249b20ea9e6,"U: something feels wrong | A: I'm listening. | U: I feel like something bad is about to happen at home, it’s just weird | U: I'm getting scared, maybe I’m overthinking... | A: What happened next? | U: I think I'm in danger, I’m not sure",emergency,high,0.95,domestic,4,yes,0.9
f847add6-9c2f-45c3-b6a5-008a6b2bc55c,U: someone is trying to get in | A: Can you explain a bit more? | U: i hear something outside... | A: What happened next? | U: something feels wrong | A: What happened next? | U: please help me outside,emergency,high,0.95,public,4,yes,0.91
1493edf6-6d26-4bd8-82ba-87db51b02718,U: something feels wrong | A: I'm listening. | U: someone is trying to get in | A: What happened next? | U: I feel like something bad is about to happen | A: Can you explain a bit more? | U: please help me... | A: That sounds serious. Are you safe right now? | U: I'm getting scared,emergency,high,1.0,unknown,5,yes,0.85
fc761539-857e-4169-8f37-5ea11e462e3d,U: I hear something outside | A: What happened next? | U: i’m not safe right now with my family | A: That sounds serious. Are you safe right now? | U: someone is trying to get in with my family...,emergency,high,0.9,family,3,yes,0.92
7c6ceb92-0f41-4624-8583-2c80ad29d799,"U: I hear something outside, maybe I’m overthinking | A: I'm listening. | U: something feels wrong | A: Can you explain a bit more? | U: please help me... | U: i think i'm in danger, i’m not sure...",emergency,high,0.95,unknown,4,yes,0.81
bbb17dcd-523f-4a33-86ed-021fca8baefd,"U: I'm getting scared, maybe I’m overthinking | A: Can you explain a bit more? | U: i feel like something bad is about to happen, maybe i’m overthinking | A: What happened next? | U: someone is trying to get in, maybe i’m overthinking | U: something feels wrong | U: please help me, I don’t know",emergency,high,1.0,unknown,5,yes,0.88
4f985979-b809-4ebf-b6b5-0d53b54c50ba,"U: I think I'm in danger | U: I’m not safe right now, I’m not sure | U: please help me | U: I'm getting scared... | U: I feel like something bad is about to happen in public",emergency,high,1.0,public,5,yes,0.81
809fa9f7-2463-4a2f-a1aa-9e433388e8b3,"U: i'm getting scared, i don’t know | A: I'm listening. | U: something feels wrong | U: I feel like something bad is about to happen",emergency,high,0.9,unknown,3,yes,0.79
6093d1a5-1ced-41fb-95d6-b580ac4b9487,"U: i’m not safe right now, i’m not sure... | A: I'm concerned. Is someone with you? | U: something feels wrong | A: What happened next? | U: someone is trying to get in... | A: Can you explain a bit more? | U: i feel like something bad is about to happen | A: Can you explain a bit more? | U: please help me",emergency,high,1.0,unknown,5,yes,0.95
d27edbc2-6e77-4914-bbe7-2da882d241a3,"U: i hear something outside in public, maybe i’m overthinking | A: Can you explain a bit more? | U: someone is trying to get in, i’m not sure | A: Can you explain a bit more? | U: something feels wrong in public",emergency,high,0.9,public,3,yes,0.83
f80ab248-6af0-4151-bebc-18ea0cea01e5,"U: i think i'm in danger... | U: i’m not safe right now, i don’t know | U: please help me | A: I'm concerned. Is someone with you? | U: something feels wrong | A: Can you explain a bit more? | U: I hear something outside, I don’t know",emergency,high,1.0,family,5,yes,0.75
beabd5b3-020c-4f84-aade-185bc47b6858,"U: i think i'm in danger with my partner, maybe i’m overthinking | U: please help me with my partner, maybe i’m overthinking... | A: That sounds serious. Are you safe right now? | U: someone is trying to get in, i tried to ignore it... | A: I'm listening. | U: I feel like something bad is about to happen, I’m not sure... | A: I'm listening. | U: something feels wrong with my partner",emergency,high,1.0,relationship,5,yes,0.84
5d63164b-56e0-49bf-9196-18501494e318,"U: I hear something outside with my partner, I tried to ignore it | U: I think I'm in danger, I’m not sure | U: something feels wrong with my partner, i’m not sure",emergency,high,0.9,relationship,3,yes,0.79
bb59817e-b19b-441c-accb-4d32a7030e3c,"U: i'm getting scared with my partner... | U: something feels wrong with my partner, I tried to ignore it | A: Can you explain a bit more? | U: please help me | U: someone is trying to get in with my partner, I’m not sure...",emergency,high,0.95,relationship,4,yes,0.77
a6d5c53c-0667-427d-8f5c-d63f07562e26,"U: something feels wrong... | A: I'm listening. | U: I'm getting scared | U: I feel like something bad is about to happen, I’m not sure | A: Can you explain a bit more? | U: please help me, maybe I’m overthinking",emergency,high,0.95,unknown,4,yes,0.84
7f1c982d-1bb7-45b8-9208-7c81f7b9de48,"U: I'm getting scared... | U: please help me, I don’t know... | A: I'm concerned. Is someone with you? | U: something feels wrong | A: I'm listening. | U: I’m not safe right now, I don’t know",emergency,high,0.95,unknown,4,yes,0.95
fbfc7ca4-f43a-4bea-bd66-eb793a7652b2,"U: I’m not safe right now | A: I'm concerned. Is someone with you? | U: I think I'm in danger, I don’t know | U: I hear something outside at home",emergency,high,0.9,domestic,3,yes,0.93
aa2326f5-3fdd-44b5-ada1-8cd8f3051179,"U: I hear something outside | A: Can you explain a bit more? | U: someone is trying to get in, I don’t know | A: What happened next? | U: I'm getting scared, I tried to ignore it",emergency,high,0.9,unknown,3,yes,0.93
2bace094-93f0-449a-ad1f-288fbec75750,"U: I think I'm in danger, it’s just weird... | U: I hear something outside with my family | A: Can you explain a bit more? | U: I feel like something bad is about to happen with my family... | A: Can you explain a bit more? | U: someone is trying to get in with my family, I’m not sure | A: Can you explain a bit more? | U: something feels wrong | A: I'm listening. | U: I’m not safe right now with my family, I don’t know",emergency,high,1.0,family,6,yes,0.92
07aec4e1-de4f-4774-a389-540fce1fbc63,"U: I feel like something bad is about to happen with my family, maybe I’m overthinking | A: I'm listening. | U: someone is trying to get in with my family, I tried to ignore it | U: something feels wrong, I’m not sure",emergency,high,0.9,family,3,yes,0.85
608ee7cd-5df1-46d6-81db-7c9f8b433eb0,"U: I think I'm in danger in public, it’s just weird | A: That sounds serious. Are you safe right now? | U: i'm getting scared | A: Can you explain a bit more? | U: please help me in public | U: someone is trying to get in | A: I'm listening. | U: something feels wrong in public, I don’t know",emergency,high,1.0,public,5,yes,0.82
814b8702-5cd2-4e41-8d20-84ac78c0a919,U: I hear something outside in public... | A: What happened next? | U: someone is trying to get in in public | U: i’m not safe right now,emergency,high,0.9,public,3,yes,0.75
6a615814-7a04-4676-ac18-c53ff63e9a13,U: someone is trying to get in | A: I'm listening. | U: i'm getting scared | A: Can you explain a bit more? | U: I hear something outside | A: What happened next? | U: please help me | U: I’m not safe right now...,emergency,high,1.0,unknown,5,yes,0.85
1b66de69-1767-4ac0-b7c1-683bf6ead3ed,U: I feel like something bad is about to happen with my partner | A: I'm listening. | U: I'm getting scared | U: please help me with my partner | A: That sounds serious. Are you safe right now? | U: something feels wrong with my partner,emergency,high,0.95,relationship,4,yes,0.93
3d1909ac-aafc-41ad-a2c4-6c48c3bc9f13,"U: something feels wrong, I’m not sure | U: someone is trying to get in | A: I'm listening. | U: i'm getting scared | A: What happened next? | U: please help me... | U: I hear something outside | A: What happened next? | U: I think I'm in danger",emergency,high,1.0,family,6,yes,0.77
8d9b0075-a2ed-43a9-bbce-13a8e2877dcb,"U: something feels wrong at home... | A: I'm listening. | U: please help me at home, I tried to ignore it... | A: That sounds serious. Are you safe right now? | U: i hear something outside at home, i’m not sure",emergency,high,0.9,domestic,3,yes,0.76
22eda113-cc1b-487d-8e38-29969e2654f0,"U: someone is trying to get in outside | A: What happened next? | U: I'm getting scared | A: What happened next? | U: i think i'm in danger | A: That sounds serious. Are you safe right now? | U: I hear something outside outside | A: Can you explain a bit more? | U: I feel like something bad is about to happen, it’s just weird | A: What happened next? | U: please help me outside",emergency,high,1.0,public,6,yes,0.79
77d4bdb2-a2d6-43a9-83d7-36977abe0277,"U: i hear something outside | U: i’m not safe right now, it’s just weird | A: That sounds serious. Are you safe right now? | U: I'm getting scared, I’m not sure | A: What happened next? | U: someone is trying to get in, it’s just weird | A: I'm listening. | U: something feels wrong, I tried to ignore it | A: Can you explain a bit more? | U: please help me, i don’t know",emergency,high,1.0,unknown,6,yes,0.94
249fe955-b1fa-4012-b444-d3c017a87d2b,"U: I feel like something bad is about to happen | A: Can you explain a bit more? | U: someone is trying to get in, I’m not sure | A: What happened next? | U: please help me, it’s just weird... | A: I'm concerned. Is someone with you? | U: I hear something outside... | A: What happened next? | U: I think I'm in danger",emergency,high,1.0,domestic,5,yes,0.79
83ba040e-2681-46c2-988a-fad796d6f118,"U: i think i'm in danger, i’m not sure | U: I’m not safe right now | A: Do you need immediate help? | U: i hear something outside | U: someone is trying to get in in public | U: I'm getting scared | A: What happened next? | U: something feels wrong, I tried to ignore it",emergency,high,1.0,public,6,yes,0.8
5cc25762-8cb4-44b4-8273-0088f5c9d490,"U: i'm getting scared outside, it’s just weird | A: I'm listening. | U: i think i'm in danger | A: That sounds serious. Are you safe right now? | U: something feels wrong | A: What happened next? | U: I hear something outside, it’s just weird | A: I'm listening. | U: someone is trying to get in, it’s just weird",emergency,high,1.0,public,5,yes,0.89
e358699b-197b-4a3c-9c88-5c849e3d8b5c,"U: someone is trying to get in | U: something feels wrong with my family | U: please help me with my family, maybe I’m overthinking | A: Do you need immediate help? | U: I’m not safe right now with my family | U: I hear something outside | A: What happened next? | U: i'm getting scared with my family, it’s just weird",emergency,high,1.0,family,6,yes,0.86
eee2bbe7-b5e1-461d-8a98-3b4a4f2894b5,"U: I hear something outside | A: What happened next? | U: I'm getting scared, it’s just weird | A: What happened next? | U: I feel like something bad is about to happen | U: someone is trying to get in",emergency,high,0.95,public,4,yes,0.91
31de23f1-6bb9-42a5-b608-2cd1c18ff097,U: I’m not safe right now outside | A: I'm concerned. Is someone with you? | U: please help me | A: I'm concerned. Is someone with you? | U: I feel like something bad is about to happen,emergency,high,0.9,public,3,yes,0.78
b461e2a0-c4c4-455d-bbee-aafcbbe2fc34,"U: I'm getting scared, I don’t know | A: I'm listening. | U: something feels wrong, it’s just weird... | A: I'm listening. | U: I feel like something bad is about to happen outside",emergency,high,0.9,public,3,yes,0.87
e8ce3686-14eb-4570-a682-690d37b65f3d,"U: i hear something outside with my partner | A: Can you explain a bit more? | U: something feels wrong with my partner... | A: Can you explain a bit more? | U: I’m not safe right now | A: I'm concerned. Is someone with you? | U: I'm getting scared, I don’t know",emergency,high,0.95,relationship,4,yes,0.81
51299007-6d39-4556-bb24-0f3b92b83a4c,"U: I think I'm in danger, maybe I’m overthinking | A: That sounds serious. Are you safe right now? | U: I feel like something bad is about to happen | U: something feels wrong",emergency,high,0.9,family,3,yes,0.94
68af9f12-fde2-4d62-9ed9-699211a78a20,"U: i hear something outside, it’s just weird | U: someone is trying to get in in public, I don’t know | A: I'm listening. | U: i'm getting scared | A: I'm listening. | U: I’m not safe right now in public, maybe I’m overthinking...",emergency,high,0.95,public,4,yes,0.87
02578cbb-8271-46c2-b94b-97180580befc,"U: something feels wrong | A: Can you explain a bit more? | U: I'm getting scared with my partner | A: What happened next? | U: I hear something outside with my partner, maybe I’m overthinking",emergency,high,0.9,relationship,3,yes,0.88
09bc90e6-5a06-4c6b-b4ef-e0cf2a936a16,"U: I hear something outside, maybe I’m overthinking | U: something feels wrong | A: What happened next? | U: I'm getting scared in the house",emergency,high,0.9,domestic,3,yes,0.83
7500ade5-6ac6-400b-b1c2-63175f7c117f,"U: someone is trying to get in | A: I'm listening. | U: I’m not safe right now in the house | U: I'm getting scared in the house, maybe I’m overthinking",emergency,high,0.9,domestic,3,yes,0.91
75f8c913-595e-4d81-9ddc-0f6818e8616b,"U: i think i'm in danger, it’s just weird | A: That sounds serious. Are you safe right now? | U: please help me with my partner | U: I feel like something bad is about to happen",emergency,high,0.9,relationship,3,yes,0.92
f4cd59dd-627e-43d1-a599-987bfc9d3f5f,"U: I'm getting scared | A: Can you explain a bit more? | U: I think I'm in danger with my family, I don’t know | U: i’m not safe right now, i tried to ignore it | U: someone is trying to get in, maybe I’m overthinking | A: What happened next? | U: please help me with my family | A: Do you need immediate help? | U: I feel like something bad is about to happen with my family, maybe I’m overthinking",emergency,high,1.0,family,6,yes,0.83
ebdd65f4-add4-48da-a83c-e17b5b3b4b9b,"U: someone is trying to get in with my partner... | A: What happened next? | U: I hear something outside with my partner... | A: I'm listening. | U: something feels wrong with my partner, I don’t know | A: Can you explain a bit more? | U: i'm getting scared, it’s just weird | A: I'm listening. | U: I think I'm in danger with my partner",emergency,high,1.0,relationship,5,yes,0.9
ac8f5622-0798-4805-b4a2-cb4e94f111d2,"U: someone is trying to get in... | A: I'm listening. | U: something feels wrong in the house | A: Can you explain a bit more? | U: I'm getting scared in the house | A: I'm listening. | U: I hear something outside, I tried to ignore it | U: i’m not safe right now, i’m not sure",emergency,high,1.0,domestic,5,yes,0.83
49005157-4ab3-4cab-b43b-2b3e325bade3,U: i'm getting scared... | A: I'm listening. | U: something feels wrong | A: I'm listening. | U: someone is trying to get in...,emergency,high,0.9,unknown,3,yes,0.79
8982a48c-0eb3-48b7-bf16-6ba772395b48,"U: I think I'm in danger in public | A: That sounds serious. Are you safe right now? | U: i feel like something bad is about to happen in public | A: What happened next? | U: i’m not safe right now, i tried to ignore it | A: That sounds serious. Are you safe right now? | U: I'm getting scared",emergency,high,0.95,public,4,yes,0.89
3ebce4de-63fa-4ed9-8710-9a3cf91b75ed,"U: someone is trying to get in, I’m not sure... | A: I'm listening. | U: please help me | A: Do you need immediate help? | U: i hear something outside at home... | A: Can you explain a bit more? | U: I feel like something bad is about to happen | A: What happened next? | U: I'm getting scared, it’s just weird",emergency,high,1.0,domestic,5,yes,0.77
44a2a651-7d5d-418e-a699-7d221586f884,"U: I feel like something bad is about to happen, it’s just weird | U: someone is trying to get in | A: What happened next? | U: please help me...",emergency,high,0.9,unknown,3,yes,0.87
9b7d34c1-f7e4-4d4c-95da-1e1381998f44,"U: I think I'm in danger | U: someone is trying to get in, i tried to ignore it | A: Can you explain a bit more? | U: I’m not safe right now, it’s just weird... | A: Do you need immediate help? | U: I hear something outside",emergency,high,0.95,unknown,4,yes,0.95
5ab3de48-8ae1-44da-9119-f783931e11dd,"U: I'm getting scared | A: What happened next? | U: I feel like something bad is about to happen | U: someone is trying to get in | A: What happened next? | U: I hear something outside, I don’t know | U: please help me with my partner | A: I'm concerned. Is someone with you? | U: something feels wrong",emergency,high,1.0,relationship,6,yes,0.79
626d49bc-395a-4fde-80c1-a4510fd78720,"U: please help me | U: something feels wrong with my family, it’s just weird | U: someone is trying to get in with my family, it’s just weird | A: Can you explain a bit more? | U: I’m not safe right now with my family",emergency,high,0.95,family,4,yes,0.9
e9d47f76-3fe4-4059-ae18-f0f75bb7e9b2,U: something feels wrong | A: What happened next? | U: I hear something outside | A: I'm listening. | U: I think I'm in danger | A: Do you need immediate help? | U: I feel like something bad is about to happen | U: someone is trying to get in with my family,emergency,high,1.0,family,5,yes,0.9
610f68b2-6d58-4b15-a81a-2a7ba75d01e0,"U: i think i'm in danger, it’s just weird | A: That sounds serious. Are you safe right now? | U: something feels wrong with my partner | A: What happened next? | U: i feel like something bad is about to happen",emergency,high,0.9,relationship,3,yes,0.91
73edf437-2c9a-4e7f-9435-a6a321b203a2,"U: I hear something outside with my partner | A: What happened next? | U: someone is trying to get in | A: I'm listening. | U: I'm getting scared | A: I'm listening. | U: i think i'm in danger, it’s just weird | U: please help me with my partner",emergency,high,1.0,relationship,5,yes,0.77
d808b19f-e6d3-4f0b-94aa-1e27030eb1a0,"U: please help me... | U: I think I'm in danger with my family, I tried to ignore it | A: I'm concerned. Is someone with you? | U: i feel like something bad is about to happen with my family, i’m not sure... | U: I'm getting scared",emergency,high,0.95,family,4,yes,0.77
8b9d406e-6bc2-485e-8d2c-c5880fca8edf,"U: something feels wrong, I tried to ignore it | A: I'm listening. | U: I’m not safe right now | A: Do you need immediate help? | U: please help me",emergency,high,0.9,public,3,yes,0.93
665a1ca2-89d1-4e61-85b5-6ddb67f33fd7,"U: someone is trying to get in with my family, maybe I’m overthinking | A: What happened next? | U: I'm getting scared... | A: What happened next? | U: I think I'm in danger... | A: Do you need immediate help? | U: I’m not safe right now, it’s just weird | A: That sounds serious. Are you safe right now? | U: something feels wrong, maybe I’m overthinking",emergency,high,1.0,family,5,yes,0.78
0d4a7d80-7fcf-480a-8f80-0c9a8ceed1fc,"U: please help me | A: Do you need immediate help? | U: I hear something outside... | A: Can you explain a bit more? | U: I feel like something bad is about to happen... | A: Can you explain a bit more? | U: something feels wrong, I don’t know | U: I think I'm in danger",emergency,high,1.0,unknown,5,yes,0.75
522cb728-06cf-4b9c-bd81-9a2f6c279fc2,"U: something feels wrong in the house | A: Can you explain a bit more? | U: i think i'm in danger, maybe i’m overthinking | A: Do you need immediate help? | U: I hear something outside | A: What happened next? | U: i feel like something bad is about to happen, i tried to ignore it",emergency,high,0.95,domestic,4,yes,0.8
89a3802c-244e-4ab8-97c1-d44009a23a1c,"U: I'm getting scared | U: something feels wrong... | A: I'm listening. | U: i hear something outside at home, maybe i’m overthinking | A: What happened next? | U: please help me",emergency,high,0.95,domestic,4,yes,0.78
c254ec8d-c03e-4f10-9a6f-cab0060a638f,"U: I think I'm in danger outside | A: I'm concerned. Is someone with you? | U: something feels wrong outside, maybe I’m overthinking | A: I'm listening. | U: I hear something outside, maybe I’m overthinking | U: please help me outside | U: I'm getting scared outside",emergency,high,1.0,public,5,yes,0.8
6520bb0c-cedd-4d85-bf82-b8d9532f1ca2,"U: please help me in public... | A: I'm concerned. Is someone with you? | U: I hear something outside, I don’t know | A: I'm listening. | U: I think I'm in danger, I’m not sure | A: I'm concerned. Is someone with you? | U: I feel like something bad is about to happen in public | A: What happened next? | U: I’m not safe right now in public, I tried to ignore it... | A: I'm concerned. Is someone with you? | U: someone is trying to get in",emergency,high,1.0,public,6,yes,0.87
d1dd2e83-46aa-4492-aada-09d9502ffe76,U: I’m not safe right now | A: Do you need immediate help? | U: I hear something outside in public... | A: Can you explain a bit more? | U: I feel like something bad is about to happen | A: What happened next? | U: I think I'm in danger in public,emergency,high,0.95,public,4,yes,0.87
ef3e33c7-4143-4fce-81c6-3906d542f6af,"U: I feel like something bad is about to happen, I’m not sure | A: Can you explain a bit more? | U: I think I'm in danger, I tried to ignore it | A: That sounds serious. Are you safe right now? | U: please help me, I don’t know",emergency,high,0.9,unknown,3,yes,0.83
2db612ec-2823-4f43-877e-5d3d78e165cf,U: I feel like something bad is about to happen | A: Can you explain a bit more? | U: someone is trying to get in... | A: What happened next? | U: something feels wrong | U: i think i'm in danger...,emergency,high,0.95,unknown,4,yes,0.91
a19b6922-8f97-48cf-83ab-a51d6c06937f,"U: something feels wrong outside, I don’t know | A: I'm listening. | U: i think i'm in danger outside | A: I'm concerned. Is someone with you? | U: I hear something outside",emergency,high,0.9,public,3,yes,0.86
398f527f-6f56-4a3f-9e8f-b1dc31aeb370,U: I'm getting scared | A: What happened next? | U: something feels wrong with my partner | A: I'm listening. | U: i hear something outside | A: Can you explain a bit more? | U: someone is trying to get in with my partner | U: i’m not safe right now with my partner | A: Do you need immediate help? | U: I feel like something bad is about to happen,emergency,high,1.0,relationship,6,yes,0.83
11c28623-4079-4e08-a7a7-684f52957b3a,"U: someone is trying to get in, I don’t know | A: I'm listening. | U: I’m not safe right now | A: That sounds serious. Are you safe right now? | U: something feels wrong",emergency,high,0.9,unknown,3,yes,0.76
12d0e3ea-b4e6-4ce1-bda3-dfaf319929c8,"U: I feel like something bad is about to happen in public, I tried to ignore it | A: What happened next? | U: someone is trying to get in, I tried to ignore it | A: I'm listening. | U: i’m not safe right now, maybe i’m overthinking | U: I think I'm in danger, I tried to ignore it | A: Do you need immediate help? | U: please help me",emergency,high,1.0,public,5,yes,0.83
27ea968d-06d4-40e6-be2f-ed37c0950980,"U: I hear something outside | A: What happened next? | U: something feels wrong outside, i’m not sure | A: I'm listening. | U: I’m not safe right now",emergency,high,0.9,public,3,yes,0.79
8f6a2ff1-98dc-4819-8ee7-9ae09e77afd4,"U: I think I'm in danger, I don’t know | A: That sounds serious. Are you safe right now? | U: I feel like something bad is about to happen | U: please help me",emergency,high,0.9,public,3,yes,0.91
aba27d08-c628-43f5-aaa5-0da122499cbb,"U: i feel like something bad is about to happen with my partner, i tried to ignore it | U: someone is trying to get in with my partner | A: Can you explain a bit more? | U: something feels wrong with my partner | A: I'm listening. | U: I'm getting scared, it’s just weird | A: What happened next? | U: I’m not safe right now with my partner, I don’t know",emergency,high,1.0,relationship,5,yes,0.91
d533b12f-2ab8-4ae4-b198-6f100de0a213,"U: I'm getting scared outside | A: I'm listening. | U: please help me, I tried to ignore it | U: i think i'm in danger | U: I hear something outside outside, I’m not sure | A: I'm listening. | U: I feel like something bad is about to happen outside | U: something feels wrong",emergency,high,1.0,public,6,yes,0.79
fdbdd842-1d69-4c0c-bee9-c2fbd5afd901,"U: i’m not safe right now | A: I'm concerned. Is someone with you? | U: please help me... | U: i'm getting scared, i’m not sure | A: Can you explain a bit more? | U: someone is trying to get in at home | A: Can you explain a bit more? | U: I think I'm in danger at home",emergency,high,1.0,domestic,5,yes,0.8
56609ee7-3d6e-4785-8969-3741accb165f,"U: someone is trying to get in in the house | A: Can you explain a bit more? | U: I feel like something bad is about to happen, I tried to ignore it | U: I hear something outside",emergency,high,0.9,domestic,3,yes,0.82
ba93b55c-cf87-4fb1-83bd-cddb7c44c35e,"U: I'm getting scared... | U: I’m not safe right now, it’s just weird | A: Do you need immediate help? | U: please help me, i tried to ignore it",emergency,high,0.9,family,3,yes,0.82
2cb8eb95-239b-44ae-81a0-c812fff080f4,"U: please help me... | A: I'm concerned. Is someone with you? | U: someone is trying to get in | A: Can you explain a bit more? | U: I feel like something bad is about to happen | A: Can you explain a bit more? | U: i'm getting scared | A: What happened next? | U: I hear something outside, I tried to ignore it...",emergency,high,1.0,unknown,5,yes,0.88
76488354-b741-4fe9-b9ec-4c411bb444e9,"U: please help me in public | A: That sounds serious. Are you safe right now? | U: something feels wrong in public... | A: I'm listening. | U: someone is trying to get in in public, I’m not sure | A: I'm listening. | U: I'm getting scared | A: What happened next? | U: I feel like something bad is about to happen, I tried to ignore it | A: I'm listening. | U: I’m not safe right now",emergency,high,1.0,public,6,yes,0.83
e0fe5655-347a-4ca1-af5c-d40e4e056a93,"U: i'm getting scared | A: What happened next? | U: I hear something outside | A: What happened next? | U: someone is trying to get in, I don’t know",emergency,high,0.9,public,3,yes,0.89
f2e43ad3-ba33-4bbd-acc5-e8f7575d9794,"U: I hear something outside at home... | U: I think I'm in danger, I’m not sure | A: Do you need immediate help? | U: something feels wrong | A: Can you explain a bit more? | U: please help me",emergency,high,0.95,domestic,4,yes,0.93
dc753a32-30f3-43eb-a6ad-0abf5b3c2021,"U: i hear something outside in public | A: What happened next? | U: please help me, I don’t know | A: Do you need immediate help? | U: i think i'm in danger | A: Do you need immediate help? | U: something feels wrong in public... | A: What happened next? | U: I’m not safe right now, maybe I’m overthinking",emergency,high,1.0,public,5,yes,0.85
edf526d9-4953-43ff-8012-1f2f6f30ddd5,"U: I’m not safe right now, maybe I’m overthinking... | U: I'm getting scared, maybe I’m overthinking | U: I feel like something bad is about to happen | A: What happened next? | U: please help me, maybe I’m overthinking | A: That sounds serious. Are you safe right now? | U: I hear something outside | A: Can you explain a bit more? | U: I think I'm in danger, I’m not sure...",emergency,high,1.0,unknown,6,yes,0.88
9188c604-e454-426b-bd99-22736221a5eb,"U: I feel like something bad is about to happen | U: something feels wrong, i don’t know | U: I hear something outside...",emergency,high,0.9,public,3,yes,0.8
7d5d63ce-81e5-4a54-9d00-26cd890d894f,"U: i think i'm in danger | A: Do you need immediate help? | U: please help me with my partner | A: I'm concerned. Is someone with you? | U: someone is trying to get in with my partner | A: I'm listening. | U: I'm getting scared with my partner, maybe I’m overthinking | A: I'm listening. | U: i’m not safe right now | A: I'm concerned. Is someone with you? | U: I feel like something bad is about to happen with my partner",emergency,high,1.0,relationship,6,yes,0.76
9b67b947-33b9-43d9-b486-c16cdfef81dd,"U: please help me, I tried to ignore it | A: I'm concerned. Is someone with you? | U: i think i'm in danger, maybe i’m overthinking | A: That sounds serious. Are you safe right now? | U: I hear something outside | A: I'm listening. | U: i’m not safe right now outside | U: I'm getting scared... | U: something feels wrong",emergency,high,1.0,public,6,yes,0.82
60545ef2-c8b8-4452-ada1-c51cd8800fbe,"U: I'm getting scared... | A: I'm listening. | U: please help me outside, maybe i’m overthinking | U: I think I'm in danger outside | A: Do you need immediate help? | U: I’m not safe right now outside, I tried to ignore it | A: I'm concerned. Is someone with you? | U: someone is trying to get in...",emergency,high,1.0,public,5,yes,0.85
7536aa72-6187-428a-b974-1bc485cd45c2,U: I'm getting scared... | A: What happened next? | U: I think I'm in danger... | A: I'm concerned. Is someone with you? | U: I feel like something bad is about to happen | A: I'm listening. | U: someone is trying to get in | U: something feels wrong,emergency,high,1.0,unknown,5,yes,0.94
a0122ff1-55a1-4d31-af34-94d3c1f6151f,"U: i'm getting scared | U: I’m not safe right now | U: i think i'm in danger, it’s just weird... | A: I'm concerned. Is someone with you? | U: i hear something outside, maybe i’m overthinking...",emergency,high,0.95,unknown,4,yes,0.92
3498e5e4-24e9-4962-9e2b-7d1959094115,"U: i think i'm in danger, i tried to ignore it | A: Do you need immediate help? | U: I'm getting scared | A: I'm listening. | U: something feels wrong, i don’t know | A: I'm listening. | U: I feel like something bad is about to happen | A: Can you explain a bit more? | U: i hear something outside, i’m not sure | U: i’m not safe right now, it’s just weird",emergency,high,1.0,family,6,yes,0.92
4ac7eae1-0a5a-42de-a632-69b48fc78eb0,"U: something feels wrong | A: What happened next? | U: i think i'm in danger | U: I'm getting scared in the house | A: I'm listening. | U: someone is trying to get in in the house, I tried to ignore it | A: Can you explain a bit more? | U: please help me, I tried to ignore it",emergency,high,1.0,domestic,5,yes,0.85
2d1325e0-caf0-4eb4-99c7-646d78b0babb,"U: i’m not safe right now with my family | A: Do you need immediate help? | U: someone is trying to get in | A: I'm listening. | U: i hear something outside, i tried to ignore it...",emergency,high,0.9,family,3,yes,0.8
94c04ad6-e964-4088-bfff-f1ec18094113,"U: I’m not safe right now, maybe I’m overthinking | A: I'm concerned. Is someone with you? | U: I'm getting scared... | A: Can you explain a bit more? | U: something feels wrong | A: Can you explain a bit more? | U: someone is trying to get in, I tried to ignore it...",emergency,high,0.95,unknown,4,yes,0.83
61aa6121-9843-4ad3-a581-f630c035663f,"U: something feels wrong, maybe I’m overthinking | A: Can you explain a bit more? | U: please help me | A: That sounds serious. Are you safe right now? | U: I hear something outside outside, I don’t know",emergency,high,0.9,public,3,yes,0.78
fc8e4547-ed2b-4c96-85de-e43b5727e7c1,"U: I'm getting scared, I don’t know | U: I’m not safe right now, I tried to ignore it... | A: That sounds serious. Are you safe right now? | U: someone is trying to get in with my partner, maybe I’m overthinking | A: Can you explain a bit more? | U: I think I'm in danger",emergency,high,0.95,relationship,4,yes,0.86
508ce4e5-117d-4554-907b-8527c3d7151d,"U: I'm getting scared with my partner | A: I'm listening. | U: I think I'm in danger, I don’t know | U: I hear something outside with my partner... | A: I'm listening. | U: something feels wrong",emergency,high,0.95,relationship,4,yes,0.78
251c7753-05dd-4aa8-babc-3ec8fbbf72fa,"U: I think I'm in danger outside, I don’t know | A: That sounds serious. Are you safe right now? | U: I’m not safe right now | A: That sounds serious. Are you safe right now? | U: something feels wrong outside | A: I'm listening. | U: someone is trying to get in outside, it’s just weird | A: Can you explain a bit more? | U: please help me outside | A: That sounds serious. Are you safe right now? | U: i hear something outside",emergency,high,1.0,public,6,yes,0.88
cf3bc6fd-4529-4377-b8e5-1dd8589cfaad,"U: someone is trying to get in... | U: please help me... | U: i think i'm in danger with my family | U: i’m not safe right now with my family, it’s just weird",emergency,high,0.95,family,4,yes,0.87
82f7a1a5-730e-4e55-88af-2db069b3a045,"U: I'm getting scared, I’m not sure | A: What happened next? | U: I’m not safe right now | A: Do you need immediate help? | U: please help me | A: I'm concerned. Is someone with you? | U: I hear something outside",emergency,high,0.95,relationship,4,yes,0.86
fdab17ea-2aab-4d14-9e6c-faf8460ae90c,"U: please help me | A: I'm concerned. Is someone with you? | U: I feel like something bad is about to happen, maybe I’m overthinking... | U: I’m not safe right now with my partner | U: someone is trying to get in, I don’t know | A: Can you explain a bit more? | U: I think I'm in danger, maybe I’m overthinking",emergency,high,1.0,relationship,5,yes,0.93
e1fc4fb2-7fbd-4121-bb15-5ee1643c45e3,"U: something feels wrong | A: Can you explain a bit more? | U: someone is trying to get in | U: I’m not safe right now outside, it’s just weird... | A: That sounds serious. Are you safe right now? | U: please help me... | A: That sounds serious. Are you safe right now? | U: I think I'm in danger outside...",emergency,high,1.0,public,5,yes,0.89
4a88e57a-9ca6-4b2d-8304-27f99bf4e4a5,U: someone is trying to get in with my family | U: something feels wrong with my family | A: Can you explain a bit more? | U: please help me,emergency,high,0.9,family,3,yes,0.95
79067e24-1b24-41d2-a53e-b15fd5de689c,"U: something feels wrong with my partner | A: I'm listening. | U: I’m not safe right now, it’s just weird | U: please help me with my partner, I don’t know... | A: Do you need immediate help? | U: I think I'm in danger, I’m not sure | U: I'm getting scared with my partner, maybe I’m overthinking... | A: What happened next? | U: someone is trying to get in",emergency,high,1.0,relationship,6,yes,0.9
cac9ce72-8228-4325-915f-ee14df48d823,"U: i hear something outside, maybe i’m overthinking | U: please help me, I don’t know | U: I'm getting scared, I tried to ignore it | A: I'm listening. | U: I think I'm in danger in public",emergency,high,0.95,public,4,yes,0.79
9d2540a2-d9a0-4f65-a7eb-4f5f1e18d42a,"U: I think I'm in danger, I don’t know | A: That sounds serious. Are you safe right now? | U: someone is trying to get in | A: I'm listening. | U: please help me, I’m not sure | U: I’m not safe right now, I don’t know | A: Do you need immediate help? | U: something feels wrong | U: I'm getting scared, it’s just weird",emergency,high,1.0,unknown,6,yes,0.77
0eeddb13-f891-4c40-b1e5-ff692f30b68a,U: please help me... | A: I'm concerned. Is someone with you? | U: I’m not safe right now | A: Do you need immediate help? | U: someone is trying to get in...,emergency,high,0.9,unknown,3,yes,0.88
098e7a47-9ce3-4109-9108-677814dfd4a5,"U: someone is trying to get in, maybe I’m overthinking | A: I'm listening. | U: I hear something outside, I don’t know | A: Can you explain a bit more? | U: I’m not safe right now | A: Do you need immediate help? | U: I feel like something bad is about to happen, it’s just weird | A: What happened next? | U: please help me | U: I'm getting scared, maybe I’m overthinking",emergency,high,1.0,unknown,6,yes,0.75
612f6b2a-777a-4f56-b1c7-a693e65c1ab9,"U: someone is trying to get in | A: Can you explain a bit more? | U: i hear something outside | A: Can you explain a bit more? | U: I think I'm in danger | U: I feel like something bad is about to happen, I tried to ignore it... | U: something feels wrong, i tried to ignore it",emergency,high,1.0,unknown,5,yes,0.81
dd70faaf-8106-4f0d-9695-47b32f9356a3,"U: I'm getting scared, I’m not sure... | U: something feels wrong | A: Can you explain a bit more? | U: I think I'm in danger | U: someone is trying to get in in public, I tried to ignore it | A: Can you explain a bit more? | U: i hear something outside",emergency,high,1.0,public,5,yes,0.82
bfdeef24-542f-4a2a-a8e0-8634685b8a23,"U: someone is trying to get in at home, I tried to ignore it | A: What happened next? | U: I think I'm in danger, maybe I’m overthinking | U: please help me | A: That sounds serious. Are you safe right now? | U: I feel like something bad is about to happen, maybe I’m overthinking...",emergency,high,0.95,domestic,4,yes,0.87
6eee2c3e-323f-402e-9deb-b9d09d18232e,"U: someone is trying to get in in public | U: I feel like something bad is about to happen, I’m not sure | U: I hear something outside in public | U: I’m not safe right now",emergency,high,0.95,public,4,yes,0.82
a7dbea71-0a89-465c-b033-9097576128ee,"U: I feel like something bad is about to happen | A: Can you explain a bit more? | U: I’m not safe right now | U: I hear something outside | A: Can you explain a bit more? | U: i'm getting scared, maybe i’m overthinking",emergency,high,0.95,unknown,4,yes,0.77
63088b0a-2e94-444c-88fb-61289461303a,"U: something feels wrong | U: i’m not safe right now, i’m not sure | U: I'm getting scared at home, I’m not sure | U: I hear something outside at home | A: Can you explain a bit more? | U: please help me at home | U: I feel like something bad is about to happen",emergency,high,1.0,domestic,6,yes,0.85
7cb07c2f-9946-474c-8b8e-b0f594c62acd,"U: I think I'm in danger, maybe I’m overthinking | A: I'm concerned. Is someone with you? | U: I hear something outside, I’m not sure | A: Can you explain a bit more? | U: something feels wrong in public | U: I'm getting scared, maybe I’m overthinking",emergency,high,0.95,public,4,yes,0.93
c4b93271-e69f-4190-8179-47827ccc105f,"U: something feels wrong with my family, I tried to ignore it | A: Can you explain a bit more? | U: someone is trying to get in... | U: I’m not safe right now",emergency,high,0.9,family,3,yes,0.82
191e2394-ab8b-47fd-ab8d-d9353a58a021,"U: I'm getting scared in the house, I’m not sure | A: Can you explain a bit more? | U: I’m not safe right now in the house, it’s just weird | U: please help me | A: I'm concerned. Is someone with you? | U: someone is trying to get in",emergency,high,0.95,domestic,4,yes,0.85
f0008fbc-8e43-4e80-8466-137e76ccbdd9,"U: i think i'm in danger | A: I'm concerned. Is someone with you? | U: please help me, it’s just weird | U: I'm getting scared, it’s just weird",emergency,high,0.9,unknown,3,yes,0.95
29899c0a-9c69-4a4a-af48-c34e1520fa4e,"U: I hear something outside | A: What happened next? | U: please help me | A: That sounds serious. Are you safe right now? | U: i’m not safe right now | U: I'm getting scared in the house | A: Can you explain a bit more? | U: I think I'm in danger in the house, maybe I’m overthinking | A: I'm concerned. Is someone with you? | U: something feels wrong in the house, maybe I’m overthinking",emergency,high,1.0,domestic,6,yes,0.88
bec4b317-93d1-4efb-a4d4-d61789abe2f9,"U: I feel like something bad is about to happen with my partner, I’m not sure | A: I'm listening. | U: I think I'm in danger with my partner, I tried to ignore it | U: someone is trying to get in",emergency,high,0.9,relationship,3,yes,0.94
c2011473-99cf-4685-a848-a0be762875ac,"U: something feels wrong with my partner, it’s just weird | A: Can you explain a bit more? | U: someone is trying to get in, I’m not sure | A: What happened next? | U: i hear something outside with my partner",emergency,high,0.9,relationship,3,yes,0.86
1130f799-1f67-4a26-8826-ece680a33eb2,U: something feels wrong outside | A: I'm listening. | U: I’m not safe right now... | A: That sounds serious. Are you safe right now? | U: i feel like something bad is about to happen,emergency,high,0.9,public,3,yes,0.92
dd5ecf27-067e-4184-a98f-37b23a2db448,"U: I’m not safe right now outside, I’m not sure | U: I feel like something bad is about to happen outside, I don’t know | U: i hear something outside | A: Can you explain a bit more? | U: I think I'm in danger, I’m not sure",emergency,high,0.95,public,4,yes,0.87
5998f132-560b-4d8c-96b4-b4b578e3e079,"U: someone is trying to get in with my partner | A: I'm listening. | U: I think I'm in danger with my partner, I tried to ignore it | A: That sounds serious. Are you safe right now? | U: I feel like something bad is about to happen | A: What happened next? | U: I'm getting scared | U: I hear something outside with my partner | U: I’m not safe right now",emergency,high,1.0,relationship,6,yes,0.93
393eeaaf-daeb-42d1-8765-75c390cacfbc,"U: i think i'm in danger | U: I’m not safe right now, maybe I’m overthinking | A: I'm concerned. Is someone with you? | U: I hear something outside with my partner... | A: I'm listening. | U: I'm getting scared with my partner | A: I'm listening. | U: I feel like something bad is about to happen | A: What happened next? | U: something feels wrong",emergency,high,1.0,relationship,6,yes,0.8
6c376ce6-539f-46c2-8f69-18e12f8b4db5,"U: please help me in the house, I don’t know... | A: I'm concerned. Is someone with you? | U: I hear something outside in the house | A: What happened next? | U: i’m not safe right now, i don’t know... | A: That sounds serious. Are you safe right now? | U: I'm getting scared | A: Can you explain a bit more? | U: something feels wrong in the house, I tried to ignore it... | U: I feel like something bad is about to happen",emergency,high,1.0,domestic,6,yes,0.93
a11042da-f687-4b1f-b90e-5af8930986ee,"U: someone is trying to get in, I tried to ignore it | U: I’m not safe right now at home, I tried to ignore it | U: i'm getting scared",emergency,high,0.9,domestic,3,yes,0.76
990dc398-6f46-4ccd-8319-534efe2f3000,"U: someone is trying to get in in the house | A: Can you explain a bit more? | U: I’m not safe right now in the house | U: I hear something outside in the house, it’s just weird | A: Can you explain a bit more? | U: please help me | A: That sounds serious. Are you safe right now? | U: I think I'm in danger in the house, I don’t know",emergency,high,1.0,domestic,5,yes,0.81
98cf69b3-0440-411a-bcb1-ad6503ea5a33,"U: please help me outside | U: something feels wrong outside, maybe i’m overthinking | U: I feel like something bad is about to happen | A: What happened next? | U: I think I'm in danger, it’s just weird",emergency,high,0.95,public,4,yes,0.86
8e5cabe9-7f0e-4ba3-87a2-a780db884911,"U: I think I'm in danger in public, I tried to ignore it | A: That sounds serious. Are you safe right now? | U: please help me, I don’t know... | A: That sounds serious. Are you safe right now? | U: someone is trying to get in, it’s just weird | A: What happened next? | U: I hear something outside, maybe I’m overthinking | A: I'm listening. | U: i’m not safe right now in public, maybe i’m overthinking",emergency,high,1.0,public,5,yes,0.89
38f3cd73-da49-49b4-ae69-071fb2f492f3,U: I feel like something bad is about to happen | U: something feels wrong | A: Can you explain a bit more? | U: I think I'm in danger | A: That sounds serious. Are you safe right now? | U: i'm getting scared | A: Can you explain a bit more? | U: i hear something outside,emergency,high,1.0,unknown,5,yes,0.95
113c97e5-d2c9-452f-9cd3-741bd3c6ffc8,"U: I hear something outside outside, I tried to ignore it | A: I'm listening. | U: i’m not safe right now outside | A: That sounds serious. Are you safe right now? | U: i'm getting scared, i’m not sure... | U: someone is trying to get in outside, I’m not sure",emergency,high,0.95,public,4,yes,0.93
5d39c2e6-a7eb-4931-827c-545a84ac7ec1,"U: I hear something outside | A: What happened next? | U: I’m not safe right now, it’s just weird... | A: That sounds serious. Are you safe right now? | U: someone is trying to get in at home | A: I'm listening. | U: I'm getting scared, maybe I’m overthinking... | A: I'm listening. | U: something feels wrong at home | A: What happened next? | U: I feel like something bad is about to happen at home, I’m not sure",emergency,high,1.0,domestic,6,yes,0.77
ee19b495-e56b-4c4c-8d6a-eb8dc35a4509,"U: someone is trying to get in, I’m not sure | A: Can you explain a bit more? | U: i feel like something bad is about to happen, i tried to ignore it... | A: Can you explain a bit more? | U: something feels wrong with my family, I’m not sure | U: please help me...",emergency,high,0.95,family,4,yes,0.94
f65a3f8a-bc76-4e0d-a49a-4b378a4c2520,"U: I’m not safe right now, maybe I’m overthinking | U: I feel like something bad is about to happen with my partner, I tried to ignore it | U: I hear something outside with my partner, maybe I’m overthinking | A: What happened next? | U: someone is trying to get in, I don’t know | A: What happened next? | U: please help me",emergency,high,1.0,relationship,5,yes,0.9
252c6cd0-3049-4090-9304-a94928ff1058,"U: I feel like something bad is about to happen, I tried to ignore it | A: I'm listening. | U: something feels wrong | A: What happened next? | U: someone is trying to get in, I’m not sure",emergency,high,0.9,unknown,3,yes,0.88
e3d93e40-97ec-4f13-9833-7d717745e96b,"U: i feel like something bad is about to happen with my family | A: Can you explain a bit more? | U: I’m not safe right now with my family, I’m not sure | A: Do you need immediate help? | U: I think I'm in danger with my family",emergency,high,0.9,family,3,yes,0.87
e9e25199-58a0-4a7c-ae58-c50133177fd0,"U: I'm getting scared in the house, I tried to ignore it | A: What happened next? | U: someone is trying to get in, I’m not sure | U: i hear something outside, it’s just weird | A: I'm listening. | U: I feel like something bad is about to happen | A: I'm listening. | U: please help me, I tried to ignore it | U: something feels wrong",emergency,high,1.0,domestic,6,yes,0.95
3d6d987b-ec23-4df0-be1a-8ec889681b6a,"U: I hear something outside with my partner, I’m not sure | A: Can you explain a bit more? | U: I feel like something bad is about to happen, I don’t know | A: I'm listening. | U: please help me | A: I'm concerned. Is someone with you? | U: I’m not safe right now, it’s just weird | A: That sounds serious. Are you safe right now? | U: I'm getting scared, I don’t know | U: someone is trying to get in with my partner, I don’t know",emergency,high,1.0,relationship,6,yes,0.83
58e055a1-e1c1-4780-a531-0d010d43b1b7,"U: i feel like something bad is about to happen with my partner, i’m not sure | A: Can you explain a bit more? | U: something feels wrong... | A: I'm listening. | U: i’m not safe right now with my partner, i don’t know",emergency,high,0.9,relationship,3,yes,0.92
ff78d6d0-eb18-41fb-949f-61b8ac79fd88,"U: I think I'm in danger | A: Do you need immediate help? | U: I'm getting scared | U: someone is trying to get in... | A: Can you explain a bit more? | U: i hear something outside with my family, maybe i’m overthinking | A: Can you explain a bit more? | U: I’m not safe right now with my family, it’s just weird...",emergency,high,1.0,family,5,yes,0.85
e8467ae1-5134-480e-b888-280ca0739ac6,"U: i'm getting scared, i don’t know | U: I think I'm in danger | A: That sounds serious. Are you safe right now? | U: I feel like something bad is about to happen with my family | A: Can you explain a bit more? | U: someone is trying to get in, it’s just weird",emergency,high,0.95,family,4,yes,0.92
b4d17d14-5edc-41f7-b6f8-f7f849903a99,"U: I feel like something bad is about to happen at home, I don’t know | A: What happened next? | U: please help me at home, I don’t know | A: I'm concerned. Is someone with you? | U: i’m not safe right now | U: I hear something outside at home | U: someone is trying to get in at home",emergency,high,1.0,domestic,5,yes,0.91
e720aaf0-b8ea-49bb-b38a-dd2b5cc3205a,"U: please help me... | U: I think I'm in danger, I’m not sure | U: I'm getting scared in public",emergency,high,0.9,public,3,yes,0.86
24545079-710b-4d25-afd1-c8506eb53ed5,"U: please help me | A: I'm concerned. Is someone with you? | U: I hear something outside with my family, it’s just weird | A: What happened next? | U: I feel like something bad is about to happen | A: Can you explain a bit more? | U: I'm getting scared with my family, maybe I’m overthinking... | U: someone is trying to get in with my family, maybe I’m overthinking | U: I’m not safe right now...",emergency,high,1.0,family,6,yes,0.85
cedc2643-448d-4bf3-89f0-3d40f75771eb,"U: someone is trying to get in in public, maybe i’m overthinking... | A: What happened next? | U: I feel like something bad is about to happen | U: I hear something outside | A: Can you explain a bit more? | U: something feels wrong, I tried to ignore it...",emergency,high,0.95,public,4,yes,0.92
6b6a9007-bb69-4e53-862a-12c7aea7b424,"U: I hear something outside | U: I'm getting scared with my family, maybe I’m overthinking | A: What happened next? | U: something feels wrong, maybe i’m overthinking... | A: I'm listening. | U: please help me, I don’t know | A: I'm concerned. Is someone with you? | U: i feel like something bad is about to happen | A: What happened next? | U: someone is trying to get in with my family...",emergency,high,1.0,family,6,yes,0.79
a11fcfc1-defa-411c-82d3-6f637d1d26f3,"U: someone is trying to get in outside | U: I'm getting scared, I’m not sure... | A: What happened next? | U: i feel like something bad is about to happen outside | U: I’m not safe right now, it’s just weird",emergency,high,0.95,public,4,yes,0.94
29c933f1-3a20-4038-94d3-f36efff644ff,"U: please help me with my family | U: something feels wrong, I tried to ignore it | U: I think I'm in danger with my family | A: I'm concerned. Is someone with you? | U: someone is trying to get in with my family | A: What happened next? | U: I feel like something bad is about to happen",emergency,high,1.0,family,5,yes,0.88
8208c433-96ba-4140-891e-499dbc03e396,"U: someone is trying to get in, maybe I’m overthinking... | A: What happened next? | U: i hear something outside, i don’t know | A: Can you explain a bit more? | U: I’m not safe right now outside | A: Do you need immediate help? | U: I'm getting scared outside... | U: please help me, I’m not sure",emergency,high,1.0,public,5,yes,0.92
64848e57-65db-424a-b7a9-829ed238e170,"U: someone is trying to get in at home, it’s just weird | A: What happened next? | U: something feels wrong, I tried to ignore it | A: Can you explain a bit more? | U: I’m not safe right now",emergency,high,0.9,domestic,3,yes,0.81
f03580bd-f8e9-455f-8b7f-6212f597b621,"U: I'm getting scared | A: I'm listening. | U: something feels wrong, i don’t know | A: Can you explain a bit more? | U: i’m not safe right now | A: That sounds serious. Are you safe right now? | U: please help me with my family, I tried to ignore it | A: Do you need immediate help? | U: I hear something outside, I don’t know",emergency,high,1.0,family,5,yes,0.8
e69c65c0-a2b8-407d-b36d-4582037ea811,"U: I’m not safe right now, I tried to ignore it | A: That sounds serious. Are you safe right now? | U: I'm getting scared, I don’t know... | A: Can you explain a bit more? | U: I feel like something bad is about to happen at home | U: please help me at home, maybe i’m overthinking... | U: I think I'm in danger at home... | A: Do you need immediate help? | U: i hear something outside at home, i’m not sure",emergency,high,1.0,domestic,6,yes,0.94
675b8648-3928-4548-be45-354308a2f51c,"U: I feel like something bad is about to happen | A: Can you explain a bit more? | U: I think I'm in danger... | U: someone is trying to get in with my partner... | U: I hear something outside, I don’t know",emergency,high,0.95,relationship,4,yes,0.81
52f4b48d-b21d-4f56-b0b6-50f6b6d10995,"U: i'm getting scared | U: I’m not safe right now with my partner, it’s just weird... | A: I'm concerned. Is someone with you? | U: I hear something outside, I’m not sure | A: I'm listening. | U: I think I'm in danger | A: That sounds serious. Are you safe right now? | U: i feel like something bad is about to happen",emergency,high,1.0,relationship,5,yes,0.93
0342ff75-4b53-4a29-9b21-5bf3e778007f,"U: i think i'm in danger | U: please help me | U: I’m not safe right now | A: That sounds serious. Are you safe right now? | U: someone is trying to get in with my partner, it’s just weird... | A: What happened next? | U: I hear something outside | A: What happened next? | U: i'm getting scared",emergency,high,1.0,relationship,6,yes,0.89
f847fd12-27c3-4c33-9fdc-5933bad62e08,"U: something feels wrong | U: I think I'm in danger, I tried to ignore it | U: someone is trying to get in, it’s just weird...",emergency,high,0.9,unknown,3,yes,0.94
79d92ffc-e58e-4d79-8d89-d496048206e9,"U: I think I'm in danger with my family, I’m not sure | A: That sounds serious. Are you safe right now? | U: I'm getting scared... | U: I hear something outside | A: I'm listening. | U: please help me with my family, maybe I’m overthinking | A: Do you need immediate help? | U: something feels wrong with my family | U: I’m not safe right now with my family, I don’t know",emergency,high,1.0,family,6,yes,0.85
1b98f04f-847c-47a8-b38a-08970a0d8014,"U: someone is trying to get in with my family, it’s just weird | A: What happened next? | U: please help me with my family... | A: I'm concerned. Is someone with you? | U: I'm getting scared",emergency,high,0.9,family,3,yes,0.89
125d28c4-de3d-4adc-a732-7183740031d7,"U: I'm getting scared with my partner, maybe I’m overthinking | A: What happened next? | U: please help me with my partner, I’m not sure | A: I'm concerned. Is someone with you? | U: i hear something outside with my partner | A: I'm listening. | U: i’m not safe right now, i’m not sure | U: I feel like something bad is about to happen",emergency,high,1.0,relationship,5,yes,0.87
ce7e06bf-4afd-4fd0-b704-423403d603e9,"U: I hear something outside with my family, maybe I’m overthinking | A: Can you explain a bit more? | U: someone is trying to get in with my family... | A: I'm listening. | U: I'm getting scared | U: i think i'm in danger with my family, i’m not sure | A: That sounds serious. Are you safe right now? | U: I feel like something bad is about to happen | A: Can you explain a bit more? | U: please help me with my family, I’m not sure...",emergency,high,1.0,family,6,yes,0.89
f33ade44-62a9-4049-a8a9-aff4f26bcf4d,"U: someone is trying to get in, maybe I’m overthinking | U: something feels wrong outside, maybe I’m overthinking | A: I'm listening. | U: please help me... | A: Do you need immediate help? | U: I hear something outside outside | A: What happened next? | U: I think I'm in danger, maybe I’m overthinking | A: That sounds serious. Are you safe right now? | U: I'm getting scared outside",emergency,high,1.0,public,6,yes,0.88
9e8cf002-ef6e-45f2-acc2-8e9d141b609e,"U: I feel like something bad is about to happen in the house | A: I'm listening. | U: I hear something outside in the house | U: I'm getting scared in the house, I don’t know | U: I’m not safe right now... | A: I'm concerned. Is someone with you? | U: I think I'm in danger | A: That sounds serious. Are you safe right now? | U: someone is trying to get in",emergency,high,1.0,domestic,6,yes,0.92
32b4f01a-1b7d-44f5-8933-22b5dab7f143,"U: please help me | A: That sounds serious. Are you safe right now? | U: I think I'm in danger, I’m not sure | A: That sounds serious. Are you safe right now? | U: someone is trying to get in with my family | A: What happened next? | U: I’m not safe right now",emergency,high,0.95,family,4,yes,0.79
74bf9496-a22e-49d0-9c6f-561a7319d07f,"U: i’m not safe right now... | U: please help me... | U: I hear something outside | A: What happened next? | U: i feel like something bad is about to happen, it’s just weird... | U: someone is trying to get in | A: What happened next? | U: I'm getting scared",emergency,high,1.0,public,6,yes,0.85
e4729bbb-22be-46ad-b15e-95349c848778,"U: someone is trying to get in | A: What happened next? | U: I hear something outside, maybe I’m overthinking | A: What happened next? | U: I feel like something bad is about to happen",emergency,high,0.9,unknown,3,yes,0.78
5567f2b4-f177-4010-adb3-211740af0bd3,U: I feel like something bad is about to happen in public | A: Can you explain a bit more? | U: I’m not safe right now | A: That sounds serious. Are you safe right now? | U: something feels wrong,emergency,high,0.9,public,3,yes,0.93
e55be1d6-553a-4382-8b7a-9610bcc4b626,"U: i hear something outside... | U: I’m not safe right now | A: Do you need immediate help? | U: please help me | A: That sounds serious. Are you safe right now? | U: I feel like something bad is about to happen in the house, I tried to ignore it | A: Can you explain a bit more? | U: something feels wrong in the house, I’m not sure",emergency,high,1.0,domestic,5,yes,0.9
cbbc232a-243d-4fca-813b-f5f2538bfe65,"U: I think I'm in danger outside... | A: That sounds serious. Are you safe right now? | U: something feels wrong outside, it’s just weird | A: I'm listening. | U: I feel like something bad is about to happen outside | U: please help me",emergency,high,0.95,public,4,yes,0.88
cfb45071-5514-4183-a02b-786263f387d9,U: I feel like something bad is about to happen... | U: I hear something outside with my partner... | A: I'm listening. | U: I think I'm in danger | A: Do you need immediate help? | U: I'm getting scared | A: I'm listening. | U: please help me | U: I’m not safe right now with my partner,emergency,high,1.0,relationship,6,yes,0.81
8e9226e1-159f-4230-9ea2-2d7adad48a05,"U: I think I'm in danger, I’m not sure | A: I'm concerned. Is someone with you? | U: I’m not safe right now | A: Do you need immediate help? | U: I feel like something bad is about to happen | A: What happened next? | U: something feels wrong",emergency,high,0.95,unknown,4,yes,0.83
09f7415b-c019-4434-b3d3-14ba4e826de2,"U: someone is trying to get in | U: I’m not safe right now | A: Do you need immediate help? | U: please help me, it’s just weird | A: I'm concerned. Is someone with you? | U: I'm getting scared, I tried to ignore it",emergency,high,0.95,family,4,yes,0.79
0b814831-d4f0-4a60-bf66-b7e6d79fbf58,"U: I’m not safe right now in the house, maybe I’m overthinking | U: I hear something outside, I tried to ignore it | A: I'm listening. | U: i feel like something bad is about to happen in the house | A: I'm listening. | U: I think I'm in danger, maybe I’m overthinking | A: Do you need immediate help? | U: something feels wrong...",emergency,high,1.0,domestic,5,yes,0.84
09106a9d-34d7-45bd-9116-c560a8bae2be,"U: I feel like something bad is about to happen | A: What happened next? | U: something feels wrong with my partner... | A: I'm listening. | U: I hear something outside with my partner, I don’t know | U: I'm getting scared, it’s just weird | U: someone is trying to get in, it’s just weird",emergency,high,1.0,relationship,5,yes,0.93
49371e6b-f4de-443f-b5a8-7d30e66b7534,"U: please help me, I’m not sure | U: I feel like something bad is about to happen, I don’t know | A: What happened next? | U: I hear something outside with my partner | A: I'm listening. | U: I’m not safe right now... | A: Do you need immediate help? | U: someone is trying to get in",emergency,high,1.0,relationship,5,yes,0.85
4770b0c9-da0e-4503-929d-bca4df1e904f,"U: someone is trying to get in outside, it’s just weird | U: I’m not safe right now | A: That sounds serious. Are you safe right now? | U: please help me, I’m not sure | U: I hear something outside outside | U: I'm getting scared, I tried to ignore it",emergency,high,1.0,public,5,yes,0.92
c5efb8b7-7d52-4c96-b757-7eb2484fb3c3,"U: something feels wrong, I tried to ignore it | A: What happened next? | U: i hear something outside, i tried to ignore it... | U: someone is trying to get in at home | U: I think I'm in danger | A: Do you need immediate help? | U: I feel like something bad is about to happen",emergency,high,1.0,domestic,5,yes,0.75
7ebb733f-2aba-4d20-b58f-095aba5818bb,"U: something feels wrong | U: please help me | A: I'm concerned. Is someone with you? | U: i hear something outside, it’s just weird",emergency,high,0.9,unknown,3,yes,0.85
cca0f1d0-5c0b-47ac-9c80-4424141076bd,"U: I’m not safe right now outside, it’s just weird | A: That sounds serious. Are you safe right now? | U: I'm getting scared outside | A: Can you explain a bit more? | U: I feel like something bad is about to happen, I tried to ignore it | U: please help me outside",emergency,high,0.95,public,4,yes,0.9
72f2d35e-09e4-4b7b-b87a-77cc70d303ee,"U: something feels wrong, I don’t know | A: What happened next? | U: I think I'm in danger with my partner | A: Do you need immediate help? | U: I feel like something bad is about to happen | A: What happened next? | U: i'm getting scared | A: I'm listening. | U: please help me with my partner, I don’t know | A: I'm concerned. Is someone with you? | U: someone is trying to get in, it’s just weird",emergency,high,1.0,relationship,6,yes,0.84
ec925a6a-595a-4095-8b23-f702ad159751,"U: I hear something outside with my family | U: I think I'm in danger with my family, maybe I’m overthinking | A: That sounds serious. Are you safe right now? | U: please help me... | U: something feels wrong, it’s just weird",emergency,high,0.95,family,4,yes,0.77
5aa93331-ce47-4256-8fe3-0639a4fdb9ae,"U: I'm getting scared, it’s just weird | A: Can you explain a bit more? | U: someone is trying to get in | A: What happened next? | U: please help me | U: I think I'm in danger, I don’t know | A: That sounds serious. Are you safe right now? | U: I’m not safe right now, I’m not sure",emergency,high,1.0,unknown,5,yes,0.94
deeb3475-2acb-4aec-82ea-2fbcca17757f,"U: i’m not safe right now in the house | A: That sounds serious. Are you safe right now? | U: I think I'm in danger, I’m not sure | U: I hear something outside... | U: someone is trying to get in in the house, I’m not sure",emergency,high,0.95,domestic,4,yes,0.89
1710732c-4982-4815-b01c-9398b63f374e,"U: someone is trying to get in at home | A: What happened next? | U: something feels wrong | A: Can you explain a bit more? | U: I think I'm in danger, maybe I’m overthinking | A: That sounds serious. Are you safe right now? | U: please help me | U: I feel like something bad is about to happen at home, I tried to ignore it",emergency,high,1.0,domestic,5,yes,0.81
25f5dcef-1085-45bf-9fab-487043fa787e,"U: I hear something outside, maybe I’m overthinking | U: I'm getting scared... | A: I'm listening. | U: i feel like something bad is about to happen | A: I'm listening. | U: please help me, I don’t know | A: I'm concerned. Is someone with you? | U: someone is trying to get in, maybe I’m overthinking",emergency,high,1.0,unknown,5,yes,0.77
cade26b8-bcad-4b3f-9c64-8c51182e06ce,"U: I feel like something bad is about to happen | U: something feels wrong with my family, maybe i’m overthinking... | A: I'm listening. | U: i hear something outside, it’s just weird",emergency,high,0.9,family,3,yes,0.75
f90f2b52-f53e-42b2-aee6-80dfb5738269,"U: I'm getting scared with my family | A: Can you explain a bit more? | U: I’m not safe right now | A: Do you need immediate help? | U: i think i'm in danger, i don’t know | A: Do you need immediate help? | U: please help me, i don’t know | A: That sounds serious. Are you safe right now? | U: I hear something outside with my family, I don’t know | A: I'm listening. | U: something feels wrong with my family",emergency,high,1.0,family,6,yes,0.85
a8aa3fe1-582c-4226-980e-ab10a67bee03,"U: I feel like something bad is about to happen, I don’t know | A: What happened next? | U: someone is trying to get in with my family | U: I’m not safe right now with my family | A: Do you need immediate help? | U: i'm getting scared... | A: Can you explain a bit more? | U: please help me | A: I'm concerned. Is someone with you? | U: I think I'm in danger",emergency,high,1.0,family,6,yes,0.76
388258dd-982e-4d5a-8b73-7b6447c47e6a,"U: I feel like something bad is about to happen | A: I'm listening. | U: please help me outside | A: I'm concerned. Is someone with you? | U: someone is trying to get in, i don’t know | A: I'm listening. | U: I’m not safe right now outside, it’s just weird | A: I'm concerned. Is someone with you? | U: I hear something outside, maybe I’m overthinking | A: What happened next? | U: I think I'm in danger",emergency,high,1.0,public,6,yes,0.79
2f6acb3c-7576-42de-9441-a77e46e4e9d7,"U: someone is trying to get in, i don’t know | U: I'm getting scared, I don’t know | U: I think I'm in danger, it’s just weird | U: I feel like something bad is about to happen with my partner | A: I'm listening. | U: something feels wrong, it’s just weird | A: Can you explain a bit more? | U: I’m not safe right now with my partner",emergency,high,1.0,relationship,6,yes,0.75
dd3b131c-fb0b-458c-b371-db6745ecce6f,"U: something feels wrong in public | A: Can you explain a bit more? | U: I hear something outside, I tried to ignore it | A: I'm listening. | U: someone is trying to get in, I tried to ignore it | A: Can you explain a bit more? | U: i'm getting scared in public | A: What happened next? | U: I feel like something bad is about to happen",emergency,high,1.0,public,5,yes,0.87
ad9b4c97-a4c6-46ac-bcf1-9bc364b4aa1b,"U: i feel like something bad is about to happen, i tried to ignore it | A: What happened next? | U: someone is trying to get in, it’s just weird | A: I'm listening. | U: I think I'm in danger, maybe I’m overthinking | A: That sounds serious. Are you safe right now? | U: i'm getting scared | A: I'm listening. | U: I’m not safe right now",emergency,high,1.0,public,5,yes,0.88
d782129f-09c4-462f-b22a-e989ac05e5bf,"U: something feels wrong, I tried to ignore it | A: Can you explain a bit more? | U: i feel like something bad is about to happen, i’m not sure | U: someone is trying to get in, maybe I’m overthinking",emergency,high,0.9,unknown,3,yes,0.9
34fbc88a-f6f2-400f-a11a-83189b07801c,"U: something feels wrong, I’m not sure | U: I’m not safe right now, I tried to ignore it | A: That sounds serious. Are you safe right now? | U: I hear something outside, I tried to ignore it",emergency,high,0.9,unknown,3,yes,0.88
634ad59f-8933-4133-9b32-1c7c68662fc8,"U: I think I'm in danger outside | U: something feels wrong outside, I don’t know | A: I'm listening. | U: i hear something outside, i’m not sure | A: Can you explain a bit more? | U: please help me outside | A: I'm concerned. Is someone with you? | U: I feel like something bad is about to happen, I tried to ignore it | A: Can you explain a bit more? | U: i'm getting scared outside",emergency,high,1.0,public,6,yes,0.83
70f91fa6-0f96-47ed-ba5a-81447acead53,"U: something feels wrong with my partner | U: I think I'm in danger, it’s just weird | U: I feel like something bad is about to happen with my partner, I don’t know... | A: I'm listening. | U: please help me with my partner | A: That sounds serious. Are you safe right now? | U: someone is trying to get in, I don’t know... | U: i'm getting scared with my partner, it’s just weird",emergency,high,1.0,relationship,6,yes,0.86
0a926f42-5082-4fc5-82dd-423b55a0554b,"U: please help me, I’m not sure | A: That sounds serious. Are you safe right now? | U: I'm getting scared... | A: I'm listening. | U: something feels wrong at home | A: I'm listening. | U: I hear something outside at home | A: Can you explain a bit more? | U: i’m not safe right now, i’m not sure",emergency,high,1.0,domestic,5,yes,0.92
0f048215-86b8-4f4d-b107-35d7c9f614a9,"U: someone is trying to get in, i don’t know | A: Can you explain a bit more? | U: I hear something outside with my partner | U: something feels wrong, I’m not sure...",emergency,high,0.9,relationship,3,yes,0.79
d365016c-6cd7-4266-ab01-b80cf4859442,"U: i feel like something bad is about to happen, it’s just weird... | A: Can you explain a bit more? | U: I think I'm in danger | U: I hear something outside, maybe I’m overthinking... | U: something feels wrong at home | U: someone is trying to get in, I tried to ignore it",emergency,high,1.0,domestic,5,yes,0.77
0a365fb2-9573-4336-9174-9376ec6b5c42,"U: please help me with my partner, it’s just weird | A: Do you need immediate help? | U: I feel like something bad is about to happen | A: Can you explain a bit more? | U: something feels wrong | U: i hear something outside with my partner, it’s just weird | A: Can you explain a bit more? | U: I’m not safe right now, I don’t know",emergency,high,1.0,relationship,5,yes,0.79
8bb00b5d-9c4f-48a9-8731-d48a750e3666,"U: i'm getting scared outside | A: Can you explain a bit more? | U: i hear something outside outside, i tried to ignore it | A: I'm listening. | U: I feel like something bad is about to happen outside, maybe I’m overthinking... | A: I'm listening. | U: I’m not safe right now",emergency,high,0.95,public,4,yes,0.8
a077ee60-8c97-4853-9595-d84c02d864d6,"U: I'm getting scared with my partner, I don’t know | U: something feels wrong with my partner | A: Can you explain a bit more? | U: I hear something outside with my partner | A: Can you explain a bit more? | U: i think i'm in danger",emergency,high,0.95,relationship,4,yes,0.87
f41a3902-838e-430d-81b7-8791f7274498,"U: I'm getting scared in public | A: Can you explain a bit more? | U: someone is trying to get in | U: I feel like something bad is about to happen, it’s just weird | A: I'm listening. | U: I hear something outside",emergency,high,0.95,public,4,yes,0.8
1e7b6422-5156-455c-9551-4c208e6c970d,U: I think I'm in danger | A: I'm concerned. Is someone with you? | U: please help me in public | A: I'm concerned. Is someone with you? | U: something feels wrong in public... | A: Can you explain a bit more? | U: I hear something outside,emergency,high,0.95,public,4,yes,0.91
d7f7ac0f-1547-444d-9109-136f4c6ae098,"U: I hear something outside | A: I'm listening. | U: something feels wrong | A: What happened next? | U: I'm getting scared with my partner, it’s just weird",emergency,high,0.9,relationship,3,yes,0.78
fd80ce9b-969e-41e3-9a91-7cf5570b6b96,"U: someone is trying to get in | A: Can you explain a bit more? | U: I feel like something bad is about to happen | A: What happened next? | U: I’m not safe right now in the house | A: That sounds serious. Are you safe right now? | U: I think I'm in danger, I’m not sure | U: please help me | U: I'm getting scared in the house",emergency,high,1.0,domestic,6,yes,0.87
9a2c2824-6431-4160-bd79-0158cca7ec30,"U: I'm getting scared in the house, I tried to ignore it | U: I’m not safe right now, maybe I’m overthinking | U: please help me... | U: someone is trying to get in, maybe i’m overthinking | A: What happened next? | U: i feel like something bad is about to happen in the house, i tried to ignore it | A: Can you explain a bit more? | U: I think I'm in danger, I don’t know...",emergency,high,1.0,domestic,6,yes,0.87
7c66ad1d-bde8-4c1a-8004-15d368b9c761,"U: please help me, i’m not sure | A: That sounds serious. Are you safe right now? | U: I’m not safe right now | A: I'm concerned. Is someone with you? | U: something feels wrong",emergency,high,0.9,family,3,yes,0.95
0f208a52-ba93-47dd-9c9f-d18c83de2004,"U: I think I'm in danger, I tried to ignore it | A: That sounds serious. Are you safe right now? | U: I’m not safe right now, maybe I’m overthinking | A: Do you need immediate help? | U: i hear something outside, maybe i’m overthinking... | A: What happened next? | U: someone is trying to get in | U: I feel like something bad is about to happen",emergency,high,1.0,unknown,5,yes,0.87
092242b8-3644-4004-8c34-b604e93ca096,U: I hear something outside | U: I’m not safe right now | A: Do you need immediate help? | U: I'm getting scared with my family | A: Can you explain a bit more? | U: someone is trying to get in | A: What happened next? | U: I feel like something bad is about to happen | U: please help me with my family,emergency,high,1.0,family,6,yes,0.77
48c9b4fd-027f-4e48-b93e-86b17312ca2c,"U: something feels wrong with my family, i’m not sure | A: What happened next? | U: I'm getting scared | A: What happened next? | U: I hear something outside with my family",emergency,high,0.9,family,3,yes,0.76
90b18a37-ddd5-4d62-9022-59d7007ce700,"U: someone is trying to get in | A: I'm listening. | U: I'm getting scared, I don’t know | A: What happened next? | U: something feels wrong, i don’t know | A: What happened next? | U: I feel like something bad is about to happen | A: Can you explain a bit more? | U: I’m not safe right now",emergency,high,1.0,unknown,5,yes,0.78
8eabc722-4af3-41fd-b03d-6615f1a196c9,"U: I’m not safe right now, I tried to ignore it | U: I hear something outside, maybe I’m overthinking | U: someone is trying to get in with my partner",emergency,high,0.9,relationship,3,yes,0.95
82315377-5ca2-4ecb-838c-ac64c4a3e069,"U: something feels wrong... | A: What happened next? | U: I’m not safe right now, I don’t know... | A: I'm concerned. Is someone with you? | U: someone is trying to get in, maybe i’m overthinking",emergency,high,0.9,domestic,3,yes,0.88
691285dd-b95c-4abe-aeb2-3b513c2ec0a4,"U: i think i'm in danger in the house... | A: That sounds serious. Are you safe right now? | U: someone is trying to get in in the house | U: I feel like something bad is about to happen, I tried to ignore it... | U: something feels wrong | A: What happened next? | U: I'm getting scared in the house | A: What happened next? | U: I’m not safe right now, I’m not sure",emergency,high,1.0,domestic,6,yes,0.9
8d715156-88d0-4afc-bdcf-690ac363d06e,"U: something feels wrong with my family | A: I'm listening. | U: someone is trying to get in | A: Can you explain a bit more? | U: I’m not safe right now, I don’t know | U: I think I'm in danger",emergency,high,0.95,family,4,yes,0.88
d0150a45-e824-4015-a007-fdcfeb003d60,"U: I'm getting scared... | A: What happened next? | U: please help me with my family | A: That sounds serious. Are you safe right now? | U: I think I'm in danger, it’s just weird | U: i hear something outside | A: What happened next? | U: someone is trying to get in with my family",emergency,high,1.0,family,5,yes,0.76
6fc75bf8-4e63-459e-a6d0-1aad5aa6686e,"U: I'm getting scared, I don’t know | A: Can you explain a bit more? | U: someone is trying to get in with my partner | U: please help me with my partner",emergency,high,0.9,relationship,3,yes,0.76
d0524590-e440-4ced-a616-363428edf8fa,U: something feels wrong | A: What happened next? | U: I hear something outside | A: Can you explain a bit more? | U: i'm getting scared... | A: I'm listening. | U: I’m not safe right now...,emergency,high,0.95,unknown,4,yes,0.86
4f41ab94-aaac-4c8f-982f-d8d320b0da1e,"U: I feel like something bad is about to happen | A: Can you explain a bit more? | U: I think I'm in danger in public, maybe I’m overthinking... | A: I'm concerned. Is someone with you? | U: something feels wrong in public...",emergency,high,0.9,public,3,yes,0.79
9ce1c155-a19b-47c5-8313-c007b2f12182,"U: someone is trying to get in, it’s just weird | U: I’m not safe right now, I tried to ignore it | U: something feels wrong | A: Can you explain a bit more? | U: I feel like something bad is about to happen | A: I'm listening. | U: I'm getting scared... | A: What happened next? | U: i hear something outside",emergency,high,1.0,unknown,6,yes,0.9
22f38c63-bbd2-4a4d-91a8-611102aab853,"U: someone is trying to get in, I don’t know... | A: I'm listening. | U: i hear something outside | A: Can you explain a bit more? | U: i think i'm in danger, maybe i’m overthinking | U: please help me in public | A: I'm concerned. Is someone with you? | U: something feels wrong in public, I tried to ignore it",emergency,high,1.0,public,5,yes,0.75
b9a39b64-66e6-4b21-ab65-d6436621ea6d,"U: I feel like something bad is about to happen with my partner | U: something feels wrong, it’s just weird | A: Can you explain a bit more? | U: someone is trying to get in, it’s just weird | A: I'm listening. | U: please help me",emergency,high,0.95,relationship,4,yes,0.82
b87a7255-970d-4111-99ca-ed133dd51441,"U: I’m not safe right now with my partner | A: I'm concerned. Is someone with you? | U: I hear something outside with my partner, I don’t know | A: I'm listening. | U: I'm getting scared",emergency,high,0.9,relationship,3,yes,0.81
b5d23517-a588-4f1e-ac15-fc5a5b915995,"U: I'm getting scared | U: I hear something outside with my family | A: I'm listening. | U: someone is trying to get in | A: Can you explain a bit more? | U: I think I'm in danger with my family, I tried to ignore it | A: I'm concerned. Is someone with you? | U: I feel like something bad is about to happen...",emergency,high,1.0,family,5,yes,0.78
0c8719b1-3ea2-4235-8752-b1b4b65451b3,U: I hear something outside | U: I feel like something bad is about to happen... | U: I think I'm in danger,emergency,high,0.9,public,3,yes,0.9
d693aa95-ea7b-4aca-b07e-a99d7a4ee587,"U: something feels wrong in public, it’s just weird | U: please help me in public, it’s just weird... | U: I hear something outside in public, I tried to ignore it | U: someone is trying to get in in public, I’m not sure | A: What happened next? | U: I'm getting scared, maybe I’m overthinking | A: I'm listening. | U: I feel like something bad is about to happen in public, it’s just weird",emergency,high,1.0,public,6,yes,0.81
59ed1b01-0e79-41bf-b0f1-647d97a3b134,"U: I'm getting scared | A: Can you explain a bit more? | U: something feels wrong with my family | U: someone is trying to get in, maybe I’m overthinking | A: What happened next? | U: i’m not safe right now with my family, i’m not sure... | A: That sounds serious. Are you safe right now? | U: please help me, i don’t know",emergency,high,1.0,family,5,yes,0.84
6824045c-08fc-4545-828e-6165ec29248c,"U: someone is trying to get in, I tried to ignore it | A: What happened next? | U: I’m not safe right now in the house, I don’t know | A: I'm concerned. Is someone with you? | U: I think I'm in danger in the house | A: That sounds serious. Are you safe right now? | U: I hear something outside, I don’t know",emergency,high,0.95,domestic,4,yes,0.84
857309bb-faee-44d9-ab80-38cd322438b5,"U: something feels wrong, i’m not sure | U: someone is trying to get in | U: I'm getting scared with my partner",emergency,high,0.9,relationship,3,yes,0.94
7ba8e4c9-9cfd-485c-ba5a-6bdf9fe6f61a,"U: something feels wrong | A: I'm listening. | U: someone is trying to get in, I’m not sure | A: What happened next? | U: I feel like something bad is about to happen...",emergency,high,0.9,public,3,yes,0.77
f41e3e81-0bd6-405b-bf29-e1a4b6cc6554,"U: I hear something outside, I tried to ignore it | U: I feel like something bad is about to happen, I tried to ignore it | A: I'm listening. | U: i think i'm in danger, i’m not sure | A: Do you need immediate help? | U: something feels wrong | A: I'm listening. | U: someone is trying to get in at home",emergency,high,1.0,domestic,5,yes,0.8
c3a8b399-aebc-4dcc-b31b-55d049870749,"U: something feels wrong at home, it’s just weird | U: I think I'm in danger at home | A: I'm concerned. Is someone with you? | U: please help me at home | A: Do you need immediate help? | U: someone is trying to get in",emergency,high,0.95,domestic,4,yes,0.94
dcb73a3e-266d-4fd7-af82-094507742606,"U: someone is trying to get in | A: I'm listening. | U: something feels wrong | A: Can you explain a bit more? | U: i feel like something bad is about to happen with my family, i don’t know... | A: I'm listening. | U: please help me with my family, it’s just weird | A: That sounds serious. Are you safe right now? | U: I think I'm in danger with my family | A: Do you need immediate help? | U: I’m not safe right now...",emergency,high,1.0,family,6,yes,0.77
86743725-ea04-4787-9a86-5ebeda253ca1,"U: something feels wrong | A: What happened next? | U: i feel like something bad is about to happen, i don’t know | A: What happened next? | U: please help me outside | U: I hear something outside outside | A: What happened next? | U: someone is trying to get in | A: What happened next? | U: I’m not safe right now",emergency,high,1.0,public,6,yes,0.9
7a061ed0-49ac-4304-9352-f045a32b3993,U: someone is trying to get in | A: What happened next? | U: i hear something outside... | A: What happened next? | U: I feel like something bad is about to happen,emergency,high,0.9,unknown,3,yes,0.77
5a72e546-d69c-43c4-b980-c6b05dd7494e,"U: something feels wrong | A: What happened next? | U: i think i'm in danger at home, it’s just weird | A: I'm concerned. Is someone with you? | U: I feel like something bad is about to happen... | U: I'm getting scared | U: please help me | A: Do you need immediate help? | U: someone is trying to get in, i tried to ignore it",emergency,high,1.0,domestic,6,yes,0.8
013dea95-09bb-4906-9a73-c559d0dc04d4,"U: please help me, maybe i’m overthinking | A: I'm concerned. Is someone with you? | U: something feels wrong, I don’t know | A: Can you explain a bit more? | U: I think I'm in danger at home | A: That sounds serious. Are you safe right now? | U: I’m not safe right now... | A: Do you need immediate help? | U: i hear something outside at home | A: I'm listening. | U: I'm getting scared",emergency,high,1.0,domestic,6,yes,0.84
367ba1fc-f274-43e4-9709-ae6bf62fdf72,"U: something feels wrong outside, it’s just weird... | A: I'm listening. | U: i'm getting scared, i’m not sure | A: I'm listening. | U: I’m not safe right now, I don’t know | U: someone is trying to get in outside | U: I feel like something bad is about to happen outside, I’m not sure",emergency,high,1.0,public,5,yes,0.76
4322b4c9-f90a-42a0-bad4-fa7219eb55d3,"U: i hear something outside | A: Can you explain a bit more? | U: i feel like something bad is about to happen, i’m not sure | A: I'm listening. | U: I’m not safe right now",emergency,high,0.9,unknown,3,yes,0.82
f77fb79d-9bb2-407e-80e8-7e57a53bf816,"U: please help me outside | A: I'm concerned. Is someone with you? | U: I think I'm in danger outside, I’m not sure | A: Do you need immediate help? | U: I feel like something bad is about to happen outside | A: What happened next? | U: I'm getting scared outside | U: something feels wrong outside | U: I’m not safe right now outside",emergency,high,1.0,public,6,yes,0.82
aace9d31-514f-45e1-ba6b-df97f149f908,"U: i feel like something bad is about to happen with my family... | A: I'm listening. | U: i'm getting scared with my family | A: I'm listening. | U: I’m not safe right now | U: something feels wrong with my family, i’m not sure | A: Can you explain a bit more? | U: someone is trying to get in with my family... | A: What happened next? | U: I think I'm in danger with my family, I’m not sure",emergency,high,1.0,family,6,yes,0.87
475ffbb5-7c94-4cb6-95c0-94cf2298df4d,"U: I’m not safe right now in the house, it’s just weird | A: Do you need immediate help? | U: someone is trying to get in in the house, I don’t know | A: What happened next? | U: I hear something outside | A: I'm listening. | U: please help me | A: Do you need immediate help? | U: i feel like something bad is about to happen",emergency,high,1.0,domestic,5,yes,0.82
0f65b4bd-6a19-4054-a393-275fc3d8f465,"U: i’m not safe right now | A: Do you need immediate help? | U: someone is trying to get in, maybe I’m overthinking | A: What happened next? | U: I'm getting scared, I tried to ignore it... | A: Can you explain a bit more? | U: I hear something outside | A: I'm listening. | U: I feel like something bad is about to happen",emergency,high,1.0,unknown,5,yes,0.89
0425ee64-521f-4cf2-8091-ac99a4040ce7,"U: i’m not safe right now with my family, i tried to ignore it | A: That sounds serious. Are you safe right now? | U: I feel like something bad is about to happen | A: Can you explain a bit more? | U: someone is trying to get in, it’s just weird",emergency,high,0.9,family,3,yes,0.8
d1f1f022-e05b-4265-9f30-272185b49ac6,"U: please help me in the house, maybe I’m overthinking | U: something feels wrong... | A: Can you explain a bit more? | U: someone is trying to get in | A: Can you explain a bit more? | U: I hear something outside | A: What happened next? | U: I’m not safe right now in the house | U: I'm getting scared...",emergency,high,1.0,domestic,6,yes,0.84
4a9a2291-190c-45a0-8231-fb25a3c25c44,"U: someone is trying to get in | A: Can you explain a bit more? | U: I think I'm in danger, I tried to ignore it | A: That sounds serious. Are you safe right now? | U: something feels wrong, I tried to ignore it...",emergency,high,0.9,domestic,3,yes,0.84
3770080b-5696-4be3-a754-075c0d20e45d,"U: someone is trying to get in | A: I'm listening. | U: I hear something outside with my partner... | U: something feels wrong, it’s just weird | U: i think i'm in danger",emergency,high,0.95,relationship,4,yes,0.92
39b48e9e-49b6-4dc8-941d-fd53da9ee480,"U: I’m not safe right now | U: I feel like something bad is about to happen | A: I'm listening. | U: someone is trying to get in, I tried to ignore it | U: something feels wrong | U: I hear something outside, it’s just weird | A: I'm listening. | U: please help me, maybe i’m overthinking",emergency,high,1.0,unknown,6,yes,0.88
b939b4af-9a29-455e-8cf1-83cb56b6730f,"U: I feel like something bad is about to happen | A: I'm listening. | U: I think I'm in danger | A: Do you need immediate help? | U: something feels wrong, I don’t know | A: What happened next? | U: please help me, maybe i’m overthinking... | A: Do you need immediate help? | U: I'm getting scared, I don’t know | U: someone is trying to get in",emergency,high,1.0,public,6,yes,0.87
2ddcff1c-e5e0-4d6a-9a4c-b1e98bdf6eb2,"U: I feel like something bad is about to happen | U: I hear something outside | U: I think I'm in danger, I don’t know | A: I'm concerned. Is someone with you? | U: please help me with my family | U: I'm getting scared",emergency,high,1.0,family,5,yes,0.82
88b5997f-ef14-4b0c-9056-611b51fa3179,U: something feels wrong | A: What happened next? | U: I think I'm in danger | A: That sounds serious. Are you safe right now? | U: I'm getting scared,emergency,high,0.9,family,3,yes,0.87
6c5f2039-1baa-47ac-a201-82784143342e,"U: someone is trying to get in, I’m not sure | A: What happened next? | U: please help me, it’s just weird | A: That sounds serious. Are you safe right now? | U: i'm getting scared, i’m not sure | A: I'm listening. | U: I’m not safe right now",emergency,high,0.95,unknown,4,yes,0.79
15392ad1-0cc1-4581-9e05-7c1920343f07,"U: I think I'm in danger | A: I'm concerned. Is someone with you? | U: something feels wrong, maybe I’m overthinking | U: I feel like something bad is about to happen | A: I'm listening. | U: I'm getting scared | A: Can you explain a bit more? | U: someone is trying to get in, I don’t know",emergency,high,1.0,public,5,yes,0.8
e51e6e43-cfdf-4c06-aab2-5ee68232d0f7,"U: I feel like something bad is about to happen, maybe I’m overthinking | A: Can you explain a bit more? | U: I’m not safe right now, maybe I’m overthinking | A: That sounds serious. Are you safe right now? | U: I hear something outside, it’s just weird",emergency,high,0.9,domestic,3,yes,0.89
29d772f4-4242-4194-b73a-c4f210392728,"U: i think i'm in danger | A: Do you need immediate help? | U: I'm getting scared with my family, I tried to ignore it... | U: someone is trying to get in | A: What happened next? | U: please help me with my family",emergency,high,0.95,family,4,yes,0.83
aecb24e1-8f67-4edc-aab1-15a9fb35c48d,"U: i'm getting scared with my family | A: Can you explain a bit more? | U: I’m not safe right now, I tried to ignore it... | U: I hear something outside with my family, I’m not sure... | U: I think I'm in danger | U: I feel like something bad is about to happen, I don’t know",emergency,high,1.0,family,5,yes,0.81
6f2e49a9-e1ff-4f48-a14a-47e83a68b8fd,"U: please help me with my family, I don’t know | U: I feel like something bad is about to happen with my family, I’m not sure | U: something feels wrong with my family, I’m not sure | A: Can you explain a bit more? | U: i’m not safe right now with my family...",emergency,high,0.95,family,4,yes,0.94
09d8e759-556d-40f3-bde4-303cd5220317,U: something feels wrong | U: i hear something outside | A: What happened next? | U: someone is trying to get in with my family,emergency,high,0.9,family,3,yes,0.83
97c5d597-85ac-4744-bd5e-549eeb27375f,"U: I think I'm in danger with my family... | A: Do you need immediate help? | U: I'm getting scared | U: please help me with my family | A: That sounds serious. Are you safe right now? | U: i hear something outside with my family | U: someone is trying to get in | U: I’m not safe right now, I don’t know",emergency,high,1.0,family,6,yes,0.81
400c6128-ea4b-4550-b2e9-ec48ec1c7de7,"U: i hear something outside with my partner... | U: I'm getting scared with my partner | A: Can you explain a bit more? | U: someone is trying to get in with my partner, I tried to ignore it",emergency,high,0.9,relationship,3,yes,0.82
becf8e10-fd3d-42ad-bf71-c2b7aebe1f67,"U: something feels wrong in public | A: I'm listening. | U: someone is trying to get in in public | A: I'm listening. | U: i think i'm in danger | A: Do you need immediate help? | U: I'm getting scared in public, it’s just weird | U: I feel like something bad is about to happen in public...",emergency,high,1.0,public,5,yes,0.84
36f6255e-4bec-473a-b99c-cb0be88053c4,"U: I’m not safe right now with my partner | U: please help me, I tried to ignore it... | U: I think I'm in danger | A: That sounds serious. Are you safe right now? | U: I'm getting scared",emergency,high,0.95,relationship,4,yes,0.78
33401ef1-f2ca-4f43-9ab3-95956d74ec1c,"U: please help me | U: i’m not safe right now in the house, it’s just weird | A: I'm concerned. Is someone with you? | U: i think i'm in danger",emergency,high,0.9,domestic,3,yes,0.84
b03c8ab5-235d-4883-92f5-7334a7935b51,"U: i hear something outside | A: Can you explain a bit more? | U: I think I'm in danger, it’s just weird | A: That sounds serious. Are you safe right now? | U: I’m not safe right now with my partner | A: Do you need immediate help? | U: something feels wrong | A: Can you explain a bit more? | U: someone is trying to get in, maybe i’m overthinking | A: I'm listening. | U: I'm getting scared, maybe I’m overthinking",emergency,high,1.0,relationship,6,yes,0.91
f56072cf-0968-4ead-bd32-16d3c835c9e2,"U: I hear something outside, I don’t know | U: someone is trying to get in, I don’t know... | U: please help me, I’m not sure | A: That sounds serious. Are you safe right now? | U: I’m not safe right now, maybe I’m overthinking | A: Do you need immediate help? | U: something feels wrong... | A: Can you explain a bit more? | U: I think I'm in danger, maybe I’m overthinking",emergency,high,1.0,unknown,6,yes,0.85
3edb9fa8-0d6c-4cda-8c49-345dbf63ae45,"U: I’m not safe right now with my family | U: I feel like something bad is about to happen with my family, it’s just weird | A: I'm listening. | U: I hear something outside",emergency,high,0.9,family,3,yes,0.78
3e5284ba-23ff-4cfa-be8b-d8f5190e5635,"U: i’m not safe right now, it’s just weird | A: That sounds serious. Are you safe right now? | U: I'm getting scared at home | A: What happened next? | U: I think I'm in danger",emergency,high,0.9,domestic,3,yes,0.87
61a94977-b34c-45d5-abec-c0903d188fb1,"U: something feels wrong, I don’t know | A: I'm listening. | U: I hear something outside with my partner | A: What happened next? | U: I feel like something bad is about to happen with my partner",emergency,high,0.9,relationship,3,yes,0.83
ae552b8e-5902-4477-a3e5-5e4cacd1d769,"U: I'm getting scared | A: Can you explain a bit more? | U: I hear something outside with my family | U: I think I'm in danger with my family | A: Do you need immediate help? | U: I feel like something bad is about to happen with my family | A: Can you explain a bit more? | U: please help me with my family | A: I'm concerned. Is someone with you? | U: something feels wrong with my family, i tried to ignore it",emergency,high,1.0,family,6,yes,0.84
553c0e65-8a03-4bf1-9a10-2e6fc71d976b,"U: I feel like something bad is about to happen outside, it’s just weird | A: What happened next? | U: something feels wrong outside, I tried to ignore it | A: What happened next? | U: i'm getting scared outside, maybe i’m overthinking | A: What happened next? | U: someone is trying to get in, I’m not sure | A: Can you explain a bit more? | U: please help me outside",emergency,high,1.0,public,5,yes,0.76
3ec785e6-49f6-4a4f-84f2-aa72e15e9f13,"U: someone is trying to get in | A: I'm listening. | U: I hear something outside, it’s just weird | U: please help me, it’s just weird",emergency,high,0.9,domestic,3,yes,0.93
8f76a408-84ad-437f-9eac-dc13baeb085b,"U: please help me | A: That sounds serious. Are you safe right now? | U: i think i'm in danger | A: That sounds serious. Are you safe right now? | U: i hear something outside, i’m not sure... | A: What happened next? | U: I'm getting scared",emergency,high,0.95,unknown,4,yes,0.9
8f62f740-2420-49bc-8e57-1d1e66c758b7,"U: something feels wrong, I’m not sure | A: Can you explain a bit more? | U: I feel like something bad is about to happen | A: Can you explain a bit more? | U: i'm getting scared, maybe i’m overthinking... | U: I hear something outside, it’s just weird | A: Can you explain a bit more? | U: please help me with my family, I tried to ignore it",emergency,high,1.0,family,5,yes,0.79
902467db-50e7-4c6b-92d4-09b43a517342,"U: someone is trying to get in | A: What happened next? | U: I'm getting scared, it’s just weird | A: What happened next? | U: I think I'm in danger | U: something feels wrong outside | U: I hear something outside outside",emergency,high,1.0,public,5,yes,0.76
77f2979f-9818-4a1e-a212-e25bd43cc252,"U: I feel like something bad is about to happen at home, it’s just weird | A: I'm listening. | U: someone is trying to get in at home | A: Can you explain a bit more? | U: please help me, maybe i’m overthinking... | U: something feels wrong",emergency,high,0.95,domestic,4,yes,0.82
14eed3e1-3c7b-4c62-8152-d6db65b96fc4,"U: i think i'm in danger | A: That sounds serious. Are you safe right now? | U: I feel like something bad is about to happen with my family | A: What happened next? | U: something feels wrong with my family | A: What happened next? | U: I’m not safe right now, I’m not sure",emergency,high,0.95,family,4,yes,0.78
5da7bcf7-7e71-4bb9-a931-3c0d194b8535,"U: someone is trying to get in, I tried to ignore it | A: I'm listening. | U: please help me, maybe I’m overthinking | A: That sounds serious. Are you safe right now? | U: I feel like something bad is about to happen",emergency,high,0.9,domestic,3,yes,0.9
d41062f6-6a7c-4321-ae9f-796e64fd584f,"U: i'm getting scared, i’m not sure... | A: What happened next? | U: something feels wrong in public | A: I'm listening. | U: someone is trying to get in | A: I'm listening. | U: please help me",emergency,high,0.95,public,4,yes,0.94
0ec605cb-b707-4ea2-8487-edecc883a75e,"U: something feels wrong, it’s just weird... | A: What happened next? | U: I feel like something bad is about to happen... | A: What happened next? | U: I think I'm in danger, maybe I’m overthinking...",emergency,high,0.9,unknown,3,yes,0.94
3f7e8e30-895e-4543-be4f-a3d702a78dea,"U: please help me with my family, maybe I’m overthinking | A: That sounds serious. Are you safe right now? | U: I think I'm in danger, I don’t know | U: someone is trying to get in, I don’t know | U: something feels wrong with my family...",emergency,high,0.95,family,4,yes,0.8
34ebe882-8c3e-496f-a6d1-030033c5a591,"U: i'm getting scared, it’s just weird... | A: Can you explain a bit more? | U: I’m not safe right now, it’s just weird | U: someone is trying to get in with my family",emergency,high,0.9,family,3,yes,0.89
2cc83260-d346-4be1-b01d-41b0b163ce97,"U: something feels wrong | U: I think I'm in danger, I tried to ignore it... | A: That sounds serious. Are you safe right now? | U: please help me, I tried to ignore it | A: That sounds serious. Are you safe right now? | U: i hear something outside at home, i’m not sure...",emergency,high,0.95,domestic,4,yes,0.77
849daed7-b3df-41c1-9567-501feabe8704,"U: please help me... | U: I hear something outside with my partner, maybe I’m overthinking | A: Can you explain a bit more? | U: something feels wrong with my partner...",emergency,high,0.9,relationship,3,yes,0.81
c4795aa2-c0db-4ed4-9301-f62f3dbd99fd,"U: something feels wrong, I’m not sure | U: someone is trying to get in with my family | A: Can you explain a bit more? | U: I hear something outside, I don’t know | U: i feel like something bad is about to happen with my family | A: Can you explain a bit more? | U: please help me with my family | A: That sounds serious. Are you safe right now? | U: I'm getting scared with my family, I don’t know",emergency,high,1.0,family,6,yes,0.82
055a4ecd-a257-4784-8c31-36fedd9a55bd,"U: I'm getting scared | A: I'm listening. | U: please help me, I tried to ignore it... | A: Do you need immediate help? | U: I hear something outside | U: someone is trying to get in, maybe i’m overthinking | U: something feels wrong | A: Can you explain a bit more? | U: I feel like something bad is about to happen, I don’t know",emergency,high,1.0,unknown,6,yes,0.88
a66a76a2-ca16-4226-b2f0-c04800e6829d,"U: I hear something outside with my partner... | A: I'm listening. | U: someone is trying to get in with my partner, it’s just weird | A: What happened next? | U: I'm getting scared with my partner | A: I'm listening. | U: i’m not safe right now",emergency,high,0.95,relationship,4,yes,0.82
f7d3dc96-171c-4fcd-9e6d-64e89b943968,"U: i feel like something bad is about to happen, i tried to ignore it | U: i’m not safe right now at home | A: That sounds serious. Are you safe right now? | U: I hear something outside | U: I'm getting scared at home, it’s just weird...",emergency,high,0.95,domestic,4,yes,0.78
a6a41c5f-703a-4786-83c9-878367e09ace,"U: something feels wrong, it’s just weird | U: please help me, I tried to ignore it | A: Do you need immediate help? | U: i think i'm in danger",emergency,high,0.9,public,3,yes,0.92
f7377c0d-5e1f-4b51-a710-e9e959b8f845,"U: please help me, I tried to ignore it | U: i feel like something bad is about to happen, i don’t know | A: What happened next? | U: something feels wrong, maybe I’m overthinking... | A: Can you explain a bit more? | U: I'm getting scared, I tried to ignore it | A: What happened next? | U: I’m not safe right now, I’m not sure | A: I'm concerned. Is someone with you? | U: I think I'm in danger",emergency,high,1.0,unknown,6,yes,0.76
dfcdb24c-4b4b-43ea-b0a0-2e42dd1f2649,"U: I'm getting scared with my partner | U: please help me, maybe I’m overthinking | A: Do you need immediate help? | U: I feel like something bad is about to happen with my partner | U: someone is trying to get in | A: I'm listening. | U: I hear something outside | U: I think I'm in danger, I’m not sure",emergency,high,1.0,relationship,6,yes,0.9
d0b7a6d8-df78-4765-8417-35019f6517f0,"U: please help me with my family, maybe I’m overthinking | A: That sounds serious. Are you safe right now? | U: I think I'm in danger with my family, I don’t know | U: i hear something outside | A: What happened next? | U: I'm getting scared | A: What happened next? | U: i feel like something bad is about to happen",emergency,high,1.0,family,5,yes,0.84
bc189e12-4850-4eb1-876b-fe060d801211,"U: I think I'm in danger | U: someone is trying to get in, i tried to ignore it | A: Can you explain a bit more? | U: I hear something outside, maybe I’m overthinking | A: I'm listening. | U: i’m not safe right now, i tried to ignore it... | A: Do you need immediate help? | U: something feels wrong | A: What happened next? | U: please help me",emergency,high,1.0,unknown,6,yes,0.85
b0451485-ea61-4b74-b252-72126f67a47b,"U: I hear something outside | A: I'm listening. | U: please help me | A: I'm concerned. Is someone with you? | U: I think I'm in danger... | A: That sounds serious. Are you safe right now? | U: I feel like something bad is about to happen with my family | A: What happened next? | U: someone is trying to get in, I don’t know",emergency,high,1.0,family,5,yes,0.79
48a4c665-a6fe-47c7-be73-6d9bc4d63780,"U: i’m not safe right now | A: Do you need immediate help? | U: please help me, i don’t know | A: That sounds serious. Are you safe right now? | U: I feel like something bad is about to happen... | A: What happened next? | U: I think I'm in danger | U: someone is trying to get in with my family | A: What happened next? | U: I hear something outside, I tried to ignore it",emergency,high,1.0,family,6,yes,0.89
1802256d-b336-4134-9a78-87b2943047a4,"U: I think I'm in danger | A: I'm concerned. Is someone with you? | U: I feel like something bad is about to happen with my family, it’s just weird | A: What happened next? | U: please help me with my family | U: someone is trying to get in, maybe I’m overthinking... | U: I'm getting scared with my family, I’m not sure",emergency,high,1.0,family,5,yes,0.84
937c9ec5-f4dd-40f4-859c-0a355b036610,"U: I’m not safe right now | A: That sounds serious. Are you safe right now? | U: something feels wrong, maybe I’m overthinking | A: Can you explain a bit more? | U: I think I'm in danger in public | U: I feel like something bad is about to happen | A: Can you explain a bit more? | U: someone is trying to get in",emergency,high,1.0,public,5,yes,0.91
4a5b2b22-b3fe-41a7-a661-c366b09fdf97,"U: I’m not safe right now, I’m not sure... | U: I hear something outside | A: What happened next? | U: I'm getting scared, I tried to ignore it... | U: I think I'm in danger, I don’t know | A: That sounds serious. Are you safe right now? | U: I feel like something bad is about to happen, I’m not sure...",emergency,high,1.0,unknown,5,yes,0.93
467477cd-abbf-4fb0-bcd3-638d97298737,"U: something feels wrong with my partner | A: What happened next? | U: please help me with my partner, i’m not sure | A: Do you need immediate help? | U: I think I'm in danger with my partner, I don’t know",emergency,high,0.9,relationship,3,yes,0.81
139c0b8f-f9cb-4492-a067-beb873c9a09e,"U: I feel like something bad is about to happen | A: What happened next? | U: someone is trying to get in, I tried to ignore it | A: Can you explain a bit more? | U: I’m not safe right now in public, I tried to ignore it | U: something feels wrong in public",emergency,high,0.95,public,4,yes,0.83
09081da7-f5a6-4cd4-9572-337886ee0e31,"U: i feel like something bad is about to happen, i’m not sure | A: Can you explain a bit more? | U: something feels wrong, I’m not sure... | A: What happened next? | U: I’m not safe right now outside | A: I'm concerned. Is someone with you? | U: please help me...",emergency,high,0.95,public,4,yes,0.82
c20e817a-e9de-460f-bbdc-18efbffb8b26,"U: I hear something outside with my partner | U: something feels wrong, maybe I’m overthinking | A: What happened next? | U: please help me with my partner | A: That sounds serious. Are you safe right now? | U: I'm getting scared with my partner | A: I'm listening. | U: I think I'm in danger with my partner, I tried to ignore it | A: Do you need immediate help? | U: someone is trying to get in, I don’t know",emergency,high,1.0,relationship,6,yes,0.77
2af7a9bb-c3e5-4754-bf9d-83cd3ca782ca,"U: I feel like something bad is about to happen | U: something feels wrong | U: please help me, I don’t know",emergency,high,0.9,unknown,3,yes,0.95
6e87ff5b-a19a-42a1-90f0-e93c30461fbe,"U: I hear something outside with my family, I’m not sure | A: I'm listening. | U: I’m not safe right now with my family | A: Do you need immediate help? | U: i'm getting scared",emergency,high,0.9,family,3,yes,0.78
050857cc-2201-47fb-8668-5f51df2726d0,"U: someone is trying to get in outside, maybe I’m overthinking | A: I'm listening. | U: I think I'm in danger | A: That sounds serious. Are you safe right now? | U: I hear something outside outside",emergency,high,0.9,public,3,yes,0.94
1a54d16c-18db-48ec-ac4b-8b9303277d0c,"U: I feel like something bad is about to happen in public | A: Can you explain a bit more? | U: i hear something outside | A: I'm listening. | U: someone is trying to get in | A: I'm listening. | U: I’m not safe right now, I don’t know | A: I'm concerned. Is someone with you? | U: please help me...",emergency,high,1.0,public,5,yes,0.8
2fc2cf6f-0c43-4dd6-a106-b5ee04843694,"U: I hear something outside | A: What happened next? | U: someone is trying to get in | U: I feel like something bad is about to happen... | A: What happened next? | U: I think I'm in danger, I tried to ignore it...",emergency,high,0.95,unknown,4,yes,0.82
f331daad-2f8d-4560-83b4-a41ffc8bae71,"U: I hear something outside, I tried to ignore it | A: What happened next? | U: please help me | U: i’m not safe right now",emergency,high,0.9,family,3,yes,0.93
e0525bce-430d-4165-9e25-71d0401ab32e,"U: please help me in the house | U: I feel like something bad is about to happen in the house, it’s just weird | U: someone is trying to get in | A: I'm listening. | U: i think i'm in danger, i don’t know | A: That sounds serious. Are you safe right now? | U: i hear something outside in the house",emergency,high,1.0,domestic,5,yes,0.81
86de7f97-c39a-4dc5-bb27-20ac250b256d,"U: please help me | A: Do you need immediate help? | U: I’m not safe right now with my partner | A: That sounds serious. Are you safe right now? | U: I feel like something bad is about to happen with my partner, it’s just weird | A: Can you explain a bit more? | U: someone is trying to get in | A: Can you explain a bit more? | U: I hear something outside, I’m not sure | A: I'm listening. | U: I think I'm in danger with my partner",emergency,high,1.0,relationship,6,yes,0.8
62f2408d-3044-4e41-b116-3ec7ec33ffdf,"U: someone is trying to get in at home, I’m not sure | U: please help me, i’m not sure... | U: I'm getting scared, I’m not sure | A: Can you explain a bit more? | U: something feels wrong",emergency,high,0.95,domestic,4,yes,0.9
fc040249-a136-46b5-9adf-f853f2b9ba6f,"U: I feel like something bad is about to happen... | A: I'm listening. | U: something feels wrong | A: I'm listening. | U: I'm getting scared | U: I’m not safe right now, maybe I’m overthinking | A: I'm concerned. Is someone with you? | U: someone is trying to get in, I tried to ignore it | A: What happened next? | U: I think I'm in danger",emergency,high,1.0,unknown,6,yes,0.81
97359cf7-0314-4dfe-ba2a-91e05be2a4ed,U: something feels wrong... | A: What happened next? | U: I feel like something bad is about to happen | A: Can you explain a bit more? | U: I'm getting scared at home,emergency,high,0.9,domestic,3,yes,0.9
75c94c29-d308-43cc-9794-714ee085c68c,U: i think i'm in danger | A: Do you need immediate help? | U: please help me with my family... | A: That sounds serious. Are you safe right now? | U: i'm getting scared | A: What happened next? | U: I feel like something bad is about to happen,emergency,high,0.95,family,4,yes,0.86
5c081cf8-743e-4e49-bb43-fe01da49234c,"U: someone is trying to get in with my family, i tried to ignore it | A: What happened next? | U: i'm getting scared, i’m not sure | U: I think I'm in danger with my family, I don’t know | A: I'm concerned. Is someone with you? | U: something feels wrong, it’s just weird",emergency,high,0.95,family,4,yes,0.89
0af8114a-7742-40c2-a93c-5f574478239f,"U: i'm getting scared with my family | U: I’m not safe right now, I tried to ignore it | A: That sounds serious. Are you safe right now? | U: i think i'm in danger, i tried to ignore it | A: I'm concerned. Is someone with you? | U: I feel like something bad is about to happen | A: What happened next? | U: someone is trying to get in with my family... | A: Can you explain a bit more? | U: please help me with my family, I don’t know",emergency,high,1.0,family,6,yes,0.93
747022c9-95db-4699-ab51-9630dfbc6dd2,"U: I’m not safe right now, I’m not sure | A: That sounds serious. Are you safe right now? | U: something feels wrong, I tried to ignore it | A: Can you explain a bit more? | U: I think I'm in danger | A: Do you need immediate help? | U: someone is trying to get in",emergency,high,0.95,domestic,4,yes,0.9
af9e1030-76e0-4e6c-8c54-0129d244d06f,U: I hear something outside | A: I'm listening. | U: I think I'm in danger | A: I'm concerned. Is someone with you? | U: I feel like something bad is about to happen outside... | A: What happened next? | U: I'm getting scared outside | A: Can you explain a bit more? | U: something feels wrong,emergency,high,1.0,public,5,yes,0.89
c96b040d-bb82-4d9a-81c7-c1595eb41832,"U: I hear something outside, I’m not sure | U: I'm getting scared, it’s just weird | A: What happened next? | U: someone is trying to get in, maybe I’m overthinking",emergency,high,0.9,unknown,3,yes,0.89
01cb40a2-a38a-425e-bc86-f9861d119f1d,"U: I hear something outside, I don’t know | U: i’m not safe right now, maybe i’m overthinking... | U: i'm getting scared | A: Can you explain a bit more? | U: I think I'm in danger",emergency,high,0.95,domestic,4,yes,0.84
6e8b628f-9016-449a-a112-7716eee953f3,U: I hear something outside | U: I’m not safe right now | A: Do you need immediate help? | U: I think I'm in danger | A: Do you need immediate help? | U: I feel like something bad is about to happen | A: What happened next? | U: please help me... | A: That sounds serious. Are you safe right now? | U: something feels wrong,emergency,high,1.0,unknown,6,yes,0.85
a2fc8583-c9a6-4117-8283-b3b330d57471,"U: someone is trying to get in | A: What happened next? | U: I feel like something bad is about to happen, it’s just weird | A: Can you explain a bit more? | U: I'm getting scared | A: What happened next? | U: i’m not safe right now | A: Do you need immediate help? | U: I think I'm in danger with my family",emergency,high,1.0,family,5,yes,0.85
e00f1ccb-70db-4863-9e6f-2d20302ad3bc,U: i’m not safe right now | A: I'm concerned. Is someone with you? | U: I hear something outside | A: I'm listening. | U: I feel like something bad is about to happen,emergency,high,0.9,unknown,3,yes,0.89
b4f60866-3d68-42e6-a832-4c62c1fe5a4e,"U: someone is trying to get in with my family | U: i feel like something bad is about to happen with my family | U: I think I'm in danger | U: I’m not safe right now with my family, I tried to ignore it | U: please help me | A: That sounds serious. Are you safe right now? | U: something feels wrong...",emergency,high,1.0,family,6,yes,0.91
835c40a8-3cdb-4e59-aff3-961afdf2d03c,"U: please help me | A: I'm concerned. Is someone with you? | U: someone is trying to get in, i tried to ignore it | A: Can you explain a bit more? | U: I feel like something bad is about to happen with my family, it’s just weird... | U: I’m not safe right now with my family | A: That sounds serious. Are you safe right now? | U: I hear something outside with my family, it’s just weird | A: What happened next? | U: something feels wrong with my family",emergency,high,1.0,family,6,yes,0.9
5b17aa10-7e3d-4d56-8dc6-055d7df97730,"U: i’m not safe right now | A: Do you need immediate help? | U: something feels wrong | A: Can you explain a bit more? | U: someone is trying to get in in public, maybe I’m overthinking | A: Can you explain a bit more? | U: i'm getting scared | A: I'm listening. | U: I think I'm in danger in public, it’s just weird | A: I'm concerned. Is someone with you? | U: I hear something outside in public",emergency,high,1.0,public,6,yes,0.77
3fa06a4d-6e60-40eb-8933-100396607587,"U: I’m not safe right now with my family | A: Do you need immediate help? | U: I hear something outside, maybe I’m overthinking | U: I'm getting scared with my family | A: What happened next? | U: something feels wrong... | A: What happened next? | U: someone is trying to get in, it’s just weird | A: I'm listening. | U: I think I'm in danger",emergency,high,1.0,family,6,yes,0.76
20756efe-9bee-4a27-aac9-698dffa2eeff,"U: please help me, maybe I’m overthinking | A: Do you need immediate help? | U: I'm getting scared, it’s just weird | A: I'm listening. | U: i’m not safe right now | U: I think I'm in danger | A: That sounds serious. Are you safe right now? | U: something feels wrong, I tried to ignore it | A: Can you explain a bit more? | U: i hear something outside with my partner, i don’t know",emergency,high,1.0,relationship,6,yes,0.87
d61cdeee-014a-4563-8461-b48d51e49917,U: someone is trying to get in | A: I'm listening. | U: please help me | A: That sounds serious. Are you safe right now? | U: I'm getting scared with my partner,emergency,high,0.9,relationship,3,yes,0.93
5b12be64-0473-491e-9fa6-71008a7f3b2a,"U: someone is trying to get in in public, maybe i’m overthinking | A: What happened next? | U: something feels wrong | A: I'm listening. | U: I hear something outside in public",emergency,high,0.9,public,3,yes,0.88
242c4b40-66d4-4b9e-99dd-e7067a472dc6,"U: someone is trying to get in | A: I'm listening. | U: i think i'm in danger with my family, it’s just weird | A: I'm concerned. Is someone with you? | U: i feel like something bad is about to happen",emergency,high,0.9,family,3,yes,0.85
a5f848b6-21ab-4507-bab8-34fb6534ab43,"U: i feel like something bad is about to happen | U: someone is trying to get in in the house, I don’t know | A: Can you explain a bit more? | U: I hear something outside in the house | A: What happened next? | U: please help me",emergency,high,0.95,domestic,4,yes,0.87
21444774-1ad9-4c1a-83ac-70437908c591,"U: i feel like something bad is about to happen | A: Can you explain a bit more? | U: i’m not safe right now with my family | U: I think I'm in danger | A: Do you need immediate help? | U: something feels wrong with my family, I don’t know",emergency,high,0.95,family,4,yes,0.81
b0ccd34a-9a54-4920-a048-f6af901c9917,"U: I'm getting scared... | U: please help me, maybe I’m overthinking | A: I'm concerned. Is someone with you? | U: someone is trying to get in | A: Can you explain a bit more? | U: I’m not safe right now at home... | U: i feel like something bad is about to happen | A: Can you explain a bit more? | U: i think i'm in danger, maybe i’m overthinking...",emergency,high,1.0,domestic,6,yes,0.77
b43c78c9-30c4-400b-85cb-4f4aab23b3cf,"U: I think I'm in danger, I don’t know | A: That sounds serious. Are you safe right now? | U: something feels wrong | U: I’m not safe right now | A: That sounds serious. Are you safe right now? | U: please help me | U: I hear something outside, I’m not sure | U: I feel like something bad is about to happen, I’m not sure",emergency,high,1.0,unknown,6,yes,0.78
a44ee907-04ed-4ed9-9bce-cc59138d4f2d,"U: something feels wrong, maybe I’m overthinking | A: What happened next? | U: someone is trying to get in, i don’t know... | A: Can you explain a bit more? | U: i'm getting scared | A: What happened next? | U: please help me, I tried to ignore it... | U: i think i'm in danger, i’m not sure | A: That sounds serious. Are you safe right now? | U: i’m not safe right now, i tried to ignore it...",emergency,high,1.0,unknown,6,yes,0.84
0f4b3c27-0622-482a-be90-c4a5b79f11e6,"U: i feel like something bad is about to happen | U: i’m not safe right now, i’m not sure | A: That sounds serious. Are you safe right now? | U: please help me",emergency,high,0.9,family,3,yes,0.77
e4e7658d-f71e-49b2-9364-6bf3f033dbf4,"U: I feel like something bad is about to happen, it’s just weird | A: I'm listening. | U: I'm getting scared, I tried to ignore it | A: I'm listening. | U: someone is trying to get in with my family",emergency,high,0.9,family,3,yes,0.87
389f5a84-3b9b-4490-b7a9-82c85e007796,"U: something feels wrong with my family | U: please help me with my family, it’s just weird | U: I’m not safe right now, I don’t know",emergency,high,0.9,family,3,yes,0.8
94aaa40c-d75a-413f-a7a2-1da4b77905b8,U: someone is trying to get in | A: Can you explain a bit more? | U: i'm getting scared... | A: What happened next? | U: please help me,emergency,high,0.9,relationship,3,yes,0.85
41fa38bf-cc45-4ce6-a6cd-996fc057e054,"U: i hear something outside, it’s just weird | U: I feel like something bad is about to happen outside | A: I'm listening. | U: I’m not safe right now | U: i'm getting scared, maybe i’m overthinking",emergency,high,0.95,public,4,yes,0.9
12970dad-8c6d-48c9-a7c2-39bef947cc81,"U: I feel like something bad is about to happen, I tried to ignore it | A: Can you explain a bit more? | U: please help me with my partner | A: I'm concerned. Is someone with you? | U: something feels wrong | A: Can you explain a bit more? | U: I think I'm in danger, maybe I’m overthinking | A: That sounds serious. Are you safe right now? | U: i’m not safe right now, i tried to ignore it | A: That sounds serious. Are you safe right now? | U: I'm getting scared",emergency,high,1.0,relationship,6,yes,0.89
edf42ac9-cce7-47d0-8a9a-72e511a2fdff,"U: I’m not safe right now outside | A: Do you need immediate help? | U: i feel like something bad is about to happen outside, it’s just weird | U: I think I'm in danger outside, maybe I’m overthinking... | A: Do you need immediate help? | U: something feels wrong | U: please help me, I don’t know... | U: someone is trying to get in outside",emergency,high,1.0,public,6,yes,0.85
0d149c14-57ec-4e98-8550-af5181ea41dc,"U: I feel like something bad is about to happen in public, maybe I’m overthinking | A: I'm listening. | U: something feels wrong in public | U: I think I'm in danger in public, I’m not sure | U: I’m not safe right now in public...",emergency,high,0.95,public,4,yes,0.81
cac98ec5-7edd-47a9-ad2e-a6ee42db95d0,"U: I feel like something bad is about to happen, it’s just weird | A: What happened next? | U: I think I'm in danger with my family | U: please help me, i don’t know | A: I'm concerned. Is someone with you? | U: something feels wrong with my family | A: Can you explain a bit more? | U: I'm getting scared | A: Can you explain a bit more? | U: i hear something outside with my family, maybe i’m overthinking",emergency,high,1.0,family,6,yes,0.86
acf8af84-b82e-4d34-91ae-f7e7ca535da2,"U: please help me, it’s just weird | A: That sounds serious. Are you safe right now? | U: someone is trying to get in | A: Can you explain a bit more? | U: I think I'm in danger, I don’t know...",emergency,high,0.9,unknown,3,yes,0.83
bcaac005-ef37-4662-9b4d-db3be3b4ad84,"U: I think I'm in danger with my family, maybe I’m overthinking | A: That sounds serious. Are you safe right now? | U: I'm getting scared with my family | A: Can you explain a bit more? | U: please help me",emergency,high,0.9,family,3,yes,0.78
476a2187-cf3a-4e33-9f7a-8604f7ba2d8c,"U: I think I'm in danger | A: Do you need immediate help? | U: someone is trying to get in | A: I'm listening. | U: I’m not safe right now, I don’t know | U: please help me, maybe I’m overthinking... | A: Do you need immediate help? | U: I'm getting scared | A: What happened next? | U: I feel like something bad is about to happen...",emergency,high,1.0,unknown,6,yes,0.86
351c2653-521b-454a-8d5d-f0e79ff43acf,"U: someone is trying to get in | A: I'm listening. | U: I'm getting scared | U: i’m not safe right now with my family, i tried to ignore it | A: Do you need immediate help? | U: I feel like something bad is about to happen, it’s just weird | U: something feels wrong... | A: I'm listening. | U: i hear something outside with my family, i’m not sure...",emergency,high,1.0,family,6,yes,0.85
f120cc07-25c3-4bd7-9295-9dcffd4cd9b1,"U: i’m not safe right now | A: I'm concerned. Is someone with you? | U: something feels wrong | U: I hear something outside, maybe I’m overthinking | U: I feel like something bad is about to happen... | A: What happened next? | U: I'm getting scared",emergency,high,1.0,domestic,5,yes,0.87
f4d44e57-8121-4b89-ad96-ede99a86c6ed,"U: please help me outside, I don’t know | A: Do you need immediate help? | U: i'm getting scared outside, i don’t know... | U: I’m not safe right now outside | U: someone is trying to get in outside, i don’t know | A: Can you explain a bit more? | U: something feels wrong outside | A: What happened next? | U: I think I'm in danger",emergency,high,1.0,public,6,yes,0.88
c60c76c3-656d-4131-8496-3b826151b2c5,U: I feel like something bad is about to happen | A: I'm listening. | U: i hear something outside... | A: I'm listening. | U: someone is trying to get in with my family... | A: I'm listening. | U: please help me with my family | A: That sounds serious. Are you safe right now? | U: i'm getting scared... | A: What happened next? | U: I’m not safe right now,emergency,high,1.0,family,6,yes,0.78
bc9e2cfe-649d-4fe2-8376-5641263c14be,U: i hear something outside | A: What happened next? | U: I feel like something bad is about to happen... | A: I'm listening. | U: i’m not safe right now,emergency,high,0.9,public,3,yes,0.85
785f0a97-a1eb-4a5c-81cc-8b4ef0cefb9c,"U: I’m not safe right now | A: I'm concerned. Is someone with you? | U: please help me | A: That sounds serious. Are you safe right now? | U: I feel like something bad is about to happen, I don’t know",emergency,high,0.9,unknown,3,yes,0.88
81507f6e-3814-4bb5-b767-e5b9fce6439e,"U: I think I'm in danger, I tried to ignore it | A: I'm concerned. Is someone with you? | U: I hear something outside, I’m not sure | A: What happened next? | U: I feel like something bad is about to happen with my partner... | A: I'm listening. | U: I’m not safe right now, it’s just weird | U: I'm getting scared",emergency,high,1.0,relationship,5,yes,0.95
52113c20-7f80-4f87-86a2-6baf7c278a5d,U: I hear something outside | A: What happened next? | U: I think I'm in danger with my family | A: That sounds serious. Are you safe right now? | U: I’m not safe right now with my family | U: someone is trying to get in with my family,emergency,high,0.95,family,4,yes,0.94
72ac4d3c-4b13-4f72-922e-443a8bc22881,"U: please help me, I’m not sure | U: I hear something outside with my family | U: something feels wrong | U: someone is trying to get in... | A: I'm listening. | U: i'm getting scared...",emergency,high,1.0,family,5,yes,0.8
c39ccc97-fd69-4219-b36c-c42ad8c6477a,"U: please help me, maybe I’m overthinking | A: I'm concerned. Is someone with you? | U: I'm getting scared with my partner, I don’t know | A: I'm listening. | U: something feels wrong with my partner | A: I'm listening. | U: i hear something outside with my partner, i tried to ignore it",emergency,high,0.95,relationship,4,yes,0.77
80cde21d-ac39-4623-9021-1ca1cffe1667,U: something feels wrong | A: I'm listening. | U: someone is trying to get in | A: I'm listening. | U: I hear something outside,emergency,high,0.9,unknown,3,yes,0.85
2e5a22c8-9f4d-4efd-bbeb-711fd884230f,U: something feels wrong with my partner | A: I'm listening. | U: please help me | A: I'm concerned. Is someone with you? | U: I'm getting scared,emergency,high,0.9,relationship,3,yes,0.9
771f06fd-0aeb-4255-8570-4b710795081b,"U: i think i'm in danger, maybe i’m overthinking | A: I'm concerned. Is someone with you? | U: please help me | A: Do you need immediate help? | U: I'm getting scared | A: Can you explain a bit more? | U: I hear something outside | U: I feel like something bad is about to happen | U: someone is trying to get in, maybe I’m overthinking",emergency,high,1.0,unknown,6,yes,0.87
2856ead7-66f6-40b6-accd-d9ca4a49b731,"U: i hear something outside... | A: What happened next? | U: please help me, I don’t know | A: I'm concerned. Is someone with you? | U: I think I'm in danger with my partner, I don’t know | A: I'm concerned. Is someone with you? | U: something feels wrong | U: I feel like something bad is about to happen with my partner, I don’t know",emergency,high,1.0,relationship,5,yes,0.92
41597607-4cf9-4258-a29d-1ca786f61de1,"U: I think I'm in danger, I don’t know | A: I'm concerned. Is someone with you? | U: something feels wrong... | U: I hear something outside... | U: please help me | A: Do you need immediate help? | U: I feel like something bad is about to happen",emergency,high,1.0,public,5,yes,0.87
2bc5a68e-bbff-4f47-a28c-15de5c1374c6,"U: someone is trying to get in with my family, I tried to ignore it | U: something feels wrong with my family, maybe I’m overthinking | A: Can you explain a bit more? | U: please help me with my family",emergency,high,0.9,family,3,yes,0.81
6ffd87aa-b031-424c-849e-463fe27f654b,"U: someone is trying to get in, it’s just weird | U: I think I'm in danger | U: I’m not safe right now | A: Do you need immediate help? | U: something feels wrong, maybe I’m overthinking... | U: I'm getting scared | A: Can you explain a bit more? | U: please help me",emergency,high,1.0,unknown,6,yes,0.82
41ee3ee1-09cc-4631-af6f-db2ab9da13fd,"U: I’m not safe right now with my family | A: Do you need immediate help? | U: I think I'm in danger | A: Do you need immediate help? | U: i feel like something bad is about to happen with my family, i tried to ignore it | A: What happened next? | U: someone is trying to get in with my family",emergency,high,0.95,family,4,yes,0.86
1454aa98-da35-4056-b2ac-ef156d134925,"U: i’m not safe right now | A: I'm concerned. Is someone with you? | U: someone is trying to get in, I’m not sure | A: What happened next? | U: I'm getting scared, maybe I’m overthinking...",emergency,high,0.9,relationship,3,yes,0.82
391e96a4-96bb-4728-9be9-21b11aa84f60,"U: I think I'm in danger, I’m not sure | A: Do you need immediate help? | U: something feels wrong, it’s just weird | U: someone is trying to get in, I don’t know | A: Can you explain a bit more? | U: I feel like something bad is about to happen with my partner | A: Can you explain a bit more? | U: I’m not safe right now, it’s just weird | U: I hear something outside, it’s just weird",emergency,high,1.0,relationship,6,yes,0.82
e0c5f714-56ec-4262-977f-1ae17afc11a0,"U: i'm getting scared, i’m not sure | U: I hear something outside... | A: What happened next? | U: I’m not safe right now | A: I'm concerned. Is someone with you? | U: I feel like something bad is about to happen with my family, I don’t know...",emergency,high,0.95,family,4,yes,0.92
40ee283d-f340-42fd-b85b-bd631be9b40f,"U: please help me in the house, I don’t know | A: I'm concerned. Is someone with you? | U: I think I'm in danger, I tried to ignore it... | A: Do you need immediate help? | U: I’m not safe right now, it’s just weird | A: Do you need immediate help? | U: I'm getting scared in the house | U: someone is trying to get in in the house",emergency,high,1.0,domestic,5,yes,0.92
8020a1f1-14f0-49fa-ba78-3c19bce94ed3,"U: I'm getting scared | A: What happened next? | U: I feel like something bad is about to happen | U: I think I'm in danger, I tried to ignore it",emergency,high,0.9,unknown,3,yes,0.76
44319089-c43e-4c67-9a66-f0a4c23b0a05,"U: I think I'm in danger, I’m not sure | A: That sounds serious. Are you safe right now? | U: someone is trying to get in outside, i tried to ignore it | A: I'm listening. | U: something feels wrong, I’m not sure",emergency,high,0.9,public,3,yes,0.77
1c0e38bf-0568-4a1f-9b16-271e5e54ff2d,U: please help me | A: Do you need immediate help? | U: something feels wrong | U: i feel like something bad is about to happen... | A: I'm listening. | U: I think I'm in danger... | U: I'm getting scared | U: someone is trying to get in...,emergency,high,1.0,unknown,6,yes,0.85
d661220a-e182-4262-a0a8-80a24dee5747,"U: someone is trying to get in, I’m not sure | U: I think I'm in danger with my partner, I tried to ignore it | A: I'm concerned. Is someone with you? | U: i feel like something bad is about to happen with my partner",emergency,high,0.9,relationship,3,yes,0.91
86dfdbb2-84cf-47c5-a7a5-df0ac5e3ff60,"U: I hear something outside | A: Can you explain a bit more? | U: I’m not safe right now, I’m not sure | A: I'm concerned. Is someone with you? | U: I think I'm in danger, I tried to ignore it...",emergency,high,0.9,unknown,3,yes,0.85
ad913975-e997-42d4-ba97-bc3d8b2c0050,"U: please help me | A: I'm concerned. Is someone with you? | U: i’m not safe right now | A: Do you need immediate help? | U: I'm getting scared, I don’t know",emergency,high,0.9,unknown,3,yes,0.78
ca3ac52d-7ce9-49b8-b9a9-cca5ca5e8be0,"U: please help me, maybe I’m overthinking... | A: Do you need immediate help? | U: someone is trying to get in, I’m not sure | U: something feels wrong outside",emergency,high,0.9,public,3,yes,0.82
cfab6332-6e8f-49f7-87b7-c6a7e9f822d4,"U: I’m not safe right now, it’s just weird | A: I'm concerned. Is someone with you? | U: something feels wrong... | A: Can you explain a bit more? | U: I think I'm in danger",emergency,high,0.9,family,3,yes,0.86
e3980ceb-c6f4-42c4-831c-917edc9213df,"U: I'm getting scared, I tried to ignore it | A: Can you explain a bit more? | U: something feels wrong, I tried to ignore it | U: I think I'm in danger | A: That sounds serious. Are you safe right now? | U: I’m not safe right now | U: someone is trying to get in | U: please help me...",emergency,high,1.0,unknown,6,yes,0.91
774e6e2f-cfe6-4b81-b2fb-3ba7bdc13698,"U: I feel like something bad is about to happen with my family | U: please help me | A: Do you need immediate help? | U: someone is trying to get in with my family... | U: I'm getting scared | U: i think i'm in danger | A: I'm concerned. Is someone with you? | U: I hear something outside with my family, I tried to ignore it",emergency,high,1.0,family,6,yes,0.82
80689cc8-33ea-4e7e-8f1f-8836f823e36f,"U: I’m not safe right now | U: please help me, I tried to ignore it | A: Do you need immediate help? | U: I feel like something bad is about to happen, I tried to ignore it | U: something feels wrong | A: What happened next? | U: someone is trying to get in with my family | U: I think I'm in danger, maybe I’m overthinking",emergency,high,1.0,family,6,yes,0.93
c419ea14-9b61-48a7-a363-c9dfd6de608f,"U: I'm getting scared | A: What happened next? | U: I’m not safe right now | A: Do you need immediate help? | U: I think I'm in danger, I’m not sure | U: I feel like something bad is about to happen... | U: please help me with my family | U: someone is trying to get in",emergency,high,1.0,family,6,yes,0.9
51347120-50c1-467b-8e97-1a42abe92da6,"U: I feel like something bad is about to happen | A: I'm listening. | U: i hear something outside with my partner | U: please help me, I don’t know | A: That sounds serious. Are you safe right now? | U: someone is trying to get in, I don’t know | A: I'm listening. | U: i’m not safe right now with my partner | A: Do you need immediate help? | U: I'm getting scared",emergency,high,1.0,relationship,6,yes,0.87
d4147cc6-d75e-488a-b96d-72f0282c1178,"U: I’m not safe right now | U: someone is trying to get in | A: Can you explain a bit more? | U: I'm getting scared in the house, it’s just weird | A: Can you explain a bit more? | U: please help me, i tried to ignore it | U: I think I'm in danger, I’m not sure",emergency,high,1.0,domestic,5,yes,0.85
d2c36fc5-6f7f-45a1-9db5-72633cf58819,"U: I feel like something bad is about to happen with my family | U: i hear something outside | A: Can you explain a bit more? | U: something feels wrong, i’m not sure | A: What happened next? | U: I’m not safe right now | U: someone is trying to get in",emergency,high,1.0,family,5,yes,0.88
20af727c-98ae-443c-9d16-0f066b73db27,"U: I think I'm in danger | A: Do you need immediate help? | U: something feels wrong with my partner | A: What happened next? | U: I feel like something bad is about to happen, I don’t know... | A: I'm listening. | U: please help me... | A: I'm concerned. Is someone with you? | U: I hear something outside | A: What happened next? | U: I’m not safe right now with my partner, I’m not sure",emergency,high,1.0,relationship,6,yes,0.79
be565536-54b5-4119-999d-1ae4b838d35a,"U: I think I'm in danger, it’s just weird | U: I feel like something bad is about to happen | A: Can you explain a bit more? | U: I'm getting scared... | A: Can you explain a bit more? | U: someone is trying to get in",emergency,high,0.95,unknown,4,yes,0.93
98fce36e-234b-48c0-b126-512482ec7c44,"U: someone is trying to get in | U: something feels wrong | A: What happened next? | U: i feel like something bad is about to happen | A: I'm listening. | U: please help me, I don’t know | U: I hear something outside | A: I'm listening. | U: I'm getting scared, I tried to ignore it",emergency,high,1.0,unknown,6,yes,0.81
9f3cc84d-4f0f-48dd-b92e-917a627bec30,"U: i think i'm in danger with my partner... | U: please help me, it’s just weird | A: Do you need immediate help? | U: someone is trying to get in with my partner | A: What happened next? | U: something feels wrong | A: I'm listening. | U: I’m not safe right now | A: Do you need immediate help? | U: I hear something outside with my partner",emergency,high,1.0,relationship,6,yes,0.88
9635b110-e8d9-4a57-8625-1895d5f3d712,"U: something feels wrong, it’s just weird | A: Can you explain a bit more? | U: I hear something outside... | A: I'm listening. | U: please help me",emergency,high,0.9,public,3,yes,0.92
9b954e78-47b2-49e2-a614-84f28252420a,"U: someone is trying to get in, I’m not sure | A: What happened next? | U: i think i'm in danger | A: Do you need immediate help? | U: I’m not safe right now, it’s just weird | A: Do you need immediate help? | U: I'm getting scared, I don’t know | A: What happened next? | U: please help me, i don’t know | A: That sounds serious. Are you safe right now? | U: I feel like something bad is about to happen",emergency,high,1.0,unknown,6,yes,0.82
2b4f2bb5-ec48-4614-96e2-1e9c1a9bc3b9,"U: someone is trying to get in with my family, maybe I’m overthinking | A: What happened next? | U: I think I'm in danger | U: I’m not safe right now with my family, it’s just weird | A: I'm concerned. Is someone with you? | U: please help me with my family, I’m not sure | A: I'm concerned. Is someone with you? | U: I hear something outside | U: I'm getting scared, it’s just weird",emergency,high,1.0,family,6,yes,0.77
e6d8aad7-6498-43e7-b18b-943ded0c89e1,"U: something feels wrong | A: Can you explain a bit more? | U: I’m not safe right now | U: I'm getting scared | U: I think I'm in danger, I don’t know | A: That sounds serious. Are you safe right now? | U: someone is trying to get in, I’m not sure... | A: What happened next? | U: I hear something outside...",emergency,high,1.0,unknown,6,yes,0.78
e5fd35d2-c1b7-44a1-8534-15ff4f3b29ab,"U: I’m not safe right now with my partner, I’m not sure | A: Do you need immediate help? | U: please help me | U: I hear something outside",emergency,high,0.9,relationship,3,yes,0.8
23a76b7d-f518-43f6-9007-2246dc560b96,"U: I feel like something bad is about to happen with my partner | A: Can you explain a bit more? | U: i think i'm in danger | A: Do you need immediate help? | U: I’m not safe right now with my partner | U: I'm getting scared, I tried to ignore it",emergency,high,0.95,relationship,4,yes,0.85
3702b1b6-deb4-4ded-b5d5-3601d4d73636,"U: I hear something outside at home | A: What happened next? | U: something feels wrong, I’m not sure | A: I'm listening. | U: someone is trying to get in at home | U: please help me",emergency,high,0.95,domestic,4,yes,0.77
abdb3937-fe28-40a5-a68a-1b7fa2d0e24e,"U: I think I'm in danger | A: Do you need immediate help? | U: please help me, maybe i’m overthinking | U: someone is trying to get in, I tried to ignore it | A: Can you explain a bit more? | U: I'm getting scared... | U: I hear something outside, I’m not sure | A: What happened next? | U: I feel like something bad is about to happen outside",emergency,high,1.0,public,6,yes,0.9
4e88dd42-5fe7-49ff-b7b2-ef97eda5ed77,U: I’m not safe right now with my partner... | U: I hear something outside... | U: something feels wrong,emergency,high,0.9,relationship,3,yes,0.92
b3374f91-f225-4866-a775-467da1d25751,"U: I hear something outside outside | A: Can you explain a bit more? | U: I’m not safe right now | A: I'm concerned. Is someone with you? | U: I'm getting scared outside, it’s just weird",emergency,high,0.9,public,3,yes,0.82
789bd87c-ec78-447a-908d-c8e000fd01e7,"U: someone is trying to get in, I don’t know... | U: I'm getting scared, I’m not sure | A: Can you explain a bit more? | U: something feels wrong, it’s just weird | A: What happened next? | U: I feel like something bad is about to happen, I don’t know",emergency,high,0.95,unknown,4,yes,0.8
88bd1b96-9e28-4fa3-8886-0859aecb1638,"U: i hear something outside, i tried to ignore it | A: I'm listening. | U: something feels wrong | A: Can you explain a bit more? | U: someone is trying to get in | A: What happened next? | U: please help me | U: I think I'm in danger, it’s just weird",emergency,high,1.0,unknown,5,yes,0.9
e6c7a8bd-63da-45bc-b81e-30329cedbe75,"U: someone is trying to get in at home, I tried to ignore it | A: What happened next? | U: I hear something outside | A: Can you explain a bit more? | U: I think I'm in danger, I’m not sure",emergency,high,0.9,domestic,3,yes,0.94
