id,conversation,label,urgency_level,risk_score,context_type,escalation_level,intervention_required,confidence_score
f23fa186-4913-4b38-97ab-edbe773e9a56,"U: we had a disagreement | U: just normal stuff | U: things are fine now, i’m not sure | A: I'm listening. | U: it was a bit tense | A: What happened next? | U: it wasn’t serious | A: I'm listening. | U: we talked about it, it’s just weird",normal,low,0.4,unknown,6,no,0.83
6e599a8e-ab8b-4239-83ba-d1c674a1a9c2,"U: things are fine now | A: What happened next? | U: it was a bit tense at home | A: I'm listening. | U: just normal stuff, it’s just weird | A: Can you explain a bit more? | U: we talked about it, i don’t know... | A: I'm listening. | U: it wasn’t serious, maybe I’m overthinking | U: we had a disagreement at home, maybe I’m overthinking",normal,low,0.4,domestic,6,no,0.8
fa343e6e-af20-4a67-b865-179109c5d42b,"U: it was a bit tense, it’s just weird... | A: I'm listening. | U: things are fine now | A: What happened next? | U: we had a disagreement | U: just normal stuff",normal,low,0.3,unknown,4,no,0.92
07897055-2110-4aa4-846d-bc1ed3462c3d,"U: it was a bit tense | A: I'm listening. | U: we talked about it | A: I'm listening. | U: it wasn’t serious... | A: I'm listening. | U: just normal stuff, i tried to ignore it",normal,low,0.3,unknown,4,no,0.94
3dfb34f2-2de2-40eb-82b8-453b538f8af2,"U: we talked about it in the house | U: just normal stuff in the house, I tried to ignore it... | U: things are fine now, I don’t know | A: Can you explain a bit more? | U: we had a disagreement in the house | A: Can you explain a bit more? | U: it was a bit tense | A: Can you explain a bit more? | U: it wasn’t serious, i’m not sure",normal,low,0.4,domestic,6,no,0.76
89b3e732-2fad-4268-82fe-7848cd88d6a5,"U: we had a disagreement, it’s just weird | A: What happened next? | U: it wasn’t serious | U: just normal stuff",normal,low,0.25,unknown,3,no,0.81
2cb87b57-b685-4234-93ff-46c9465db682,"U: we had a disagreement with my partner | U: it wasn’t serious | A: I'm listening. | U: just normal stuff, maybe i’m overthinking | A: I'm listening. | U: it was a bit tense with my partner... | A: Can you explain a bit more? | U: things are fine now, maybe I’m overthinking",normal,low,0.35,relationship,5,no,0.76
bcc1e8fb-d770-4576-82c3-cce529b98f9b,U: just normal stuff | A: What happened next? | U: it was a bit tense | A: What happened next? | U: we talked about it...,normal,low,0.25,domestic,3,no,0.84
a1723e8e-e793-402f-92d5-080a96aa666d,"U: it was a bit tense | U: things are fine now with my partner, i tried to ignore it... | U: we talked about it with my partner, it’s just weird | A: I'm listening. | U: it wasn’t serious with my partner, it’s just weird | U: just normal stuff with my partner, I tried to ignore it",normal,low,0.35,relationship,5,no,0.95
c3a87ed3-f37f-4910-9532-934e958a36cd,"U: things are fine now, I tried to ignore it... | A: Can you explain a bit more? | U: we had a disagreement, it’s just weird | A: Can you explain a bit more? | U: it was a bit tense",normal,low,0.25,unknown,3,no,0.88
03541228-c731-47bc-8291-625bfa5675ce,U: we had a disagreement | A: I'm listening. | U: it was a bit tense | A: Can you explain a bit more? | U: things are fine now...,normal,low,0.25,unknown,3,no,0.84
7e4a4749-5b09-4d23-9810-2da00231a0b6,U: it wasn’t serious | A: Can you explain a bit more? | U: things are fine now... | A: Can you explain a bit more? | U: we had a disagreement in public,normal,low,0.25,public,3,no,0.9
14436e1c-1118-4399-a1a0-02e36c94f360,"U: it was a bit tense... | A: What happened next? | U: we talked about it, it’s just weird | A: What happened next? | U: it wasn’t serious | A: I'm listening. | U: just normal stuff | A: What happened next? | U: we had a disagreement",normal,low,0.35,unknown,5,no,0.87
494e86d5-f662-4185-a167-5e9bc7bda8eb,U: things are fine now outside | A: I'm listening. | U: it was a bit tense | A: What happened next? | U: we had a disagreement outside...,normal,low,0.25,public,3,no,0.92
e166d2a6-ef7a-42ee-8109-55faa18aeda5,"U: things are fine now, it’s just weird | U: we had a disagreement | A: What happened next? | U: it wasn’t serious, I’m not sure... | U: it was a bit tense, I tried to ignore it | A: I'm listening. | U: we talked about it with my family",normal,low,0.35,family,5,no,0.92
bc94e947-bd7a-49d5-8ed8-549310bfdedc,"U: it was a bit tense, I don’t know... | A: I'm listening. | U: things are fine now, it’s just weird | U: it wasn’t serious | A: What happened next? | U: just normal stuff, maybe I’m overthinking | U: we had a disagreement, I tried to ignore it...",normal,low,0.35,family,5,no,0.77
429aa4bc-78f0-481f-92dd-a463a37c7933,"U: we talked about it in public, I tried to ignore it | A: Can you explain a bit more? | U: it wasn’t serious in public | U: just normal stuff",normal,low,0.25,public,3,no,0.85
487e3e99-267e-4671-8699-a6894ccc2fac,"U: just normal stuff, I tried to ignore it | A: I'm listening. | U: we talked about it | U: it was a bit tense | A: What happened next? | U: things are fine now, I’m not sure | U: we had a disagreement, I tried to ignore it | A: I'm listening. | U: it wasn’t serious",normal,low,0.4,domestic,6,no,0.82
ee094dd1-4449-4402-a7a6-cee06488c8f6,"U: we had a disagreement | A: I'm listening. | U: just normal stuff, I tried to ignore it | A: I'm listening. | U: we talked about it",normal,low,0.25,unknown,3,no,0.82
7f4fcc31-5acd-48f1-8f8a-ac9382a1f43e,U: just normal stuff | A: Can you explain a bit more? | U: it was a bit tense... | A: I'm listening. | U: we talked about it with my family,normal,low,0.25,family,3,no,0.91
80cfa326-3831-4403-b557-e77255e54880,"U: we had a disagreement, it’s just weird | A: I'm listening. | U: it was a bit tense | A: Can you explain a bit more? | U: we talked about it, I don’t know",normal,low,0.25,family,3,no,0.78
521e186c-7b93-4b7e-917b-a576ab743a27,"U: it wasn’t serious at home, i don’t know | A: What happened next? | U: we talked about it, it’s just weird | A: Can you explain a bit more? | U: we had a disagreement at home...",normal,low,0.25,domestic,3,no,0.86
0ab92469-0ef5-4976-a86c-5ca31f205cee,"U: we had a disagreement, it’s just weird... | A: I'm listening. | U: things are fine now | A: Can you explain a bit more? | U: we talked about it, it’s just weird | A: I'm listening. | U: it was a bit tense, i don’t know",normal,low,0.3,family,4,no,0.82
def47ef7-51b3-434c-825e-c1dc7a21d3b8,"U: just normal stuff | A: Can you explain a bit more? | U: things are fine now, it’s just weird | A: What happened next? | U: we had a disagreement, it’s just weird",normal,low,0.25,unknown,3,no,0.89
a2bc4c11-3a2a-458d-bcc0-6b290995af64,"U: just normal stuff with my family | A: I'm listening. | U: we talked about it | A: I'm listening. | U: we had a disagreement, I’m not sure | A: I'm listening. | U: it wasn’t serious | U: things are fine now, maybe I’m overthinking | A: I'm listening. | U: it was a bit tense",normal,low,0.4,family,6,no,0.92
b11459cc-76fa-468d-a76d-03a0e0727240,U: we talked about it | A: I'm listening. | U: it wasn’t serious in public | U: things are fine now in public,normal,low,0.25,public,3,no,0.82
20803f6a-0d35-4f0b-8347-40f44ae914c5,"U: we had a disagreement in the house | A: I'm listening. | U: it was a bit tense | U: just normal stuff, I don’t know | A: I'm listening. | U: things are fine now | A: I'm listening. | U: it wasn’t serious, I don’t know | A: Can you explain a bit more? | U: we talked about it",normal,low,0.4,domestic,6,no,0.93
9c123565-1895-4a3a-a475-e55b98f88977,"U: it was a bit tense, I tried to ignore it | U: it wasn’t serious, I don’t know | A: I'm listening. | U: just normal stuff outside | A: I'm listening. | U: we had a disagreement, it’s just weird | A: I'm listening. | U: we talked about it",normal,low,0.35,public,5,no,0.84
a2594463-a3fb-4c85-8fae-d97e7aeccf16,"U: it wasn’t serious, i tried to ignore it | U: just normal stuff with my family, maybe I’m overthinking | A: Can you explain a bit more? | U: we had a disagreement with my family, I tried to ignore it | A: I'm listening. | U: it was a bit tense with my family",normal,low,0.3,family,4,no,0.81
d6845e4e-6bd9-44f3-b57c-d125fae0802a,"U: we talked about it | A: I'm listening. | U: just normal stuff in the house | U: it was a bit tense in the house | A: I'm listening. | U: it wasn’t serious | A: I'm listening. | U: things are fine now | A: I'm listening. | U: we had a disagreement, I tried to ignore it",normal,low,0.4,domestic,6,no,0.8
be799850-dc0b-4c29-ad79-d13afaedf766,"U: it wasn’t serious, maybe I’m overthinking | U: we had a disagreement | A: Can you explain a bit more? | U: things are fine now outside, maybe i’m overthinking",normal,low,0.25,public,3,no,0.8
8c2d3b3d-0e11-4b74-99f6-b017c90d78cc,"U: we talked about it | A: I'm listening. | U: we had a disagreement | A: What happened next? | U: it wasn’t serious, maybe I’m overthinking | U: it was a bit tense, maybe I’m overthinking | A: I'm listening. | U: things are fine now, i’m not sure | A: Can you explain a bit more? | U: just normal stuff",normal,low,0.4,unknown,6,no,0.83
27a7a8f9-96a1-41e2-8ae1-2836c27ec8bd,"U: it wasn’t serious | A: Can you explain a bit more? | U: we talked about it | U: we had a disagreement, i don’t know... | U: things are fine now outside | A: Can you explain a bit more? | U: it was a bit tense outside, i tried to ignore it",normal,low,0.35,public,5,no,0.85
7776eb9d-8130-4d09-8e91-68402cab245a,U: just normal stuff | A: What happened next? | U: it was a bit tense | A: What happened next? | U: things are fine now in the house... | U: we talked about it...,normal,low,0.3,domestic,4,no,0.77
22dbfe21-8c70-4c4d-9273-4f1c22060db9,"U: it wasn’t serious with my family, I tried to ignore it | A: Can you explain a bit more? | U: things are fine now with my family, it’s just weird | A: Can you explain a bit more? | U: just normal stuff with my family | A: What happened next? | U: we talked about it, it’s just weird... | A: Can you explain a bit more? | U: we had a disagreement with my family, it’s just weird... | A: What happened next? | U: it was a bit tense with my family, I’m not sure",normal,low,0.4,family,6,no,0.79
5c6fb507-3411-47a9-8be3-4b8bb98e72ec,"U: it wasn’t serious | A: What happened next? | U: things are fine now with my partner | A: What happened next? | U: we had a disagreement with my partner, I don’t know | A: What happened next? | U: it was a bit tense",normal,low,0.3,relationship,4,no,0.83
066ebea5-372d-4dcc-b72a-dd3bcbf3a392,"U: we talked about it, I tried to ignore it | A: I'm listening. | U: it was a bit tense at home | U: we had a disagreement at home... | U: it wasn’t serious, i don’t know | A: Can you explain a bit more? | U: things are fine now, I tried to ignore it",normal,low,0.35,domestic,5,no,0.93
d7e64351-88cb-43ad-b7a5-c9707bbdecfd,U: it was a bit tense | A: What happened next? | U: we talked about it in the house | U: we had a disagreement | A: I'm listening. | U: it wasn’t serious in the house,normal,low,0.3,domestic,4,no,0.8
0409a9fb-339a-4882-a2de-8b485c5924f6,"U: we had a disagreement, I don’t know | A: Can you explain a bit more? | U: things are fine now | A: What happened next? | U: it was a bit tense, maybe I’m overthinking | A: I'm listening. | U: it wasn’t serious | A: Can you explain a bit more? | U: just normal stuff, I’m not sure",normal,low,0.35,family,5,no,0.91
9d3824fd-3543-4ff8-8550-5baac3468dca,U: we talked about it | A: What happened next? | U: we had a disagreement with my partner | A: What happened next? | U: things are fine now with my partner | A: Can you explain a bit more? | U: it was a bit tense,normal,low,0.3,relationship,4,no,0.95
44409f71-cde9-43a6-9d7b-c4ad54534f35,"U: we talked about it, i don’t know | A: Can you explain a bit more? | U: it was a bit tense | A: Can you explain a bit more? | U: things are fine now | A: I'm listening. | U: we had a disagreement | A: Can you explain a bit more? | U: just normal stuff",normal,low,0.35,unknown,5,no,0.84
2b74ea74-41b9-47a2-972c-35bb3506b334,"U: it was a bit tense, it’s just weird | A: Can you explain a bit more? | U: just normal stuff | A: Can you explain a bit more? | U: it wasn’t serious with my partner, I tried to ignore it | A: I'm listening. | U: things are fine now with my partner, it’s just weird...",normal,low,0.3,relationship,4,no,0.75
e616c588-54bf-430d-a75b-f5263672d3ff,"U: it wasn’t serious, I don’t know | U: we had a disagreement | A: What happened next? | U: things are fine now with my family",normal,low,0.25,family,3,no,0.93
a20ae5f5-db00-4efa-8864-e9bfa2b5ccdc,"U: it was a bit tense, maybe i’m overthinking... | U: we talked about it with my partner | A: What happened next? | U: just normal stuff...",normal,low,0.25,relationship,3,no,0.76
426ac225-be55-488d-bbb7-dd8b7ffba739,"U: just normal stuff, I don’t know | A: I'm listening. | U: we had a disagreement with my family, it’s just weird | A: I'm listening. | U: it wasn’t serious with my family, I’m not sure",normal,low,0.25,family,3,no,0.75
6f5c57a1-fc5b-458f-9246-c83f830ad57a,"U: just normal stuff | U: it was a bit tense | U: we had a disagreement, it’s just weird | A: Can you explain a bit more? | U: it wasn’t serious | A: Can you explain a bit more? | U: we talked about it",normal,low,0.35,unknown,5,no,0.84
1e929892-3df3-4908-b88a-dd1709566a9b,"U: we talked about it | U: things are fine now | U: it was a bit tense | A: I'm listening. | U: we had a disagreement, i tried to ignore it",normal,low,0.3,unknown,4,no,0.79
8ded1e6e-b58e-4812-952a-d934fdbf7e78,"U: things are fine now in the house, maybe i’m overthinking | U: we talked about it | A: I'm listening. | U: we had a disagreement, i don’t know | U: just normal stuff in the house | U: it was a bit tense in the house | A: I'm listening. | U: it wasn’t serious",normal,low,0.4,domestic,6,no,0.84
5d149252-7094-44c9-926b-01711c860e29,"U: we had a disagreement with my family, maybe I’m overthinking | A: I'm listening. | U: we talked about it with my family, I don’t know | A: I'm listening. | U: it was a bit tense, I don’t know",normal,low,0.25,family,3,no,0.84
cc90b549-60de-408e-bb53-f27e70ea4b2c,"U: things are fine now, I’m not sure | A: Can you explain a bit more? | U: we had a disagreement | A: What happened next? | U: just normal stuff in the house | U: it wasn’t serious | U: we talked about it in the house... | A: I'm listening. | U: it was a bit tense, I tried to ignore it...",normal,low,0.4,domestic,6,no,0.93
d6873fc7-0ca9-4390-a54e-46073d21b241,"U: we talked about it | A: What happened next? | U: it wasn’t serious, I don’t know | A: What happened next? | U: just normal stuff with my family... | A: I'm listening. | U: it was a bit tense, it’s just weird",normal,low,0.3,family,4,no,0.9
00658748-2f3f-4a49-9e7a-78c68bc425bf,"U: we talked about it with my family, maybe I’m overthinking | A: I'm listening. | U: things are fine now, i don’t know | A: Can you explain a bit more? | U: just normal stuff with my family | U: it was a bit tense with my family, I don’t know... | A: I'm listening. | U: it wasn’t serious | A: I'm listening. | U: we had a disagreement with my family",normal,low,0.4,family,6,no,0.85
e62fecc3-0ed3-424d-99c6-701e04ecbf36,U: we talked about it at home | U: it wasn’t serious... | U: we had a disagreement | A: What happened next? | U: things are fine now at home... | A: I'm listening. | U: it was a bit tense at home,normal,low,0.35,domestic,5,no,0.8
9b336ac1-6340-477d-a7e7-c9620b423777,"U: just normal stuff | A: What happened next? | U: it was a bit tense, I’m not sure | A: What happened next? | U: we talked about it in public | U: it wasn’t serious, I tried to ignore it",normal,low,0.3,public,4,no,0.83
bfafeeeb-f08c-4a5f-aa76-13ba38971221,"U: it wasn’t serious | A: What happened next? | U: we talked about it | A: Can you explain a bit more? | U: just normal stuff | A: What happened next? | U: we had a disagreement, it’s just weird | A: What happened next? | U: things are fine now | A: Can you explain a bit more? | U: it was a bit tense",normal,low,0.4,domestic,6,no,0.93
c1fb8710-05f4-4869-9efd-2ff240b7f0e8,"U: just normal stuff, it’s just weird | A: I'm listening. | U: things are fine now, it’s just weird | A: I'm listening. | U: it was a bit tense",normal,low,0.25,public,3,no,0.77
13135f8a-3e1d-4479-82b9-26f1a46262a5,U: things are fine now... | U: just normal stuff | A: I'm listening. | U: we talked about it with my family,normal,low,0.25,family,3,no,0.89
3533b4a4-7973-4cc8-834d-43c8301f1cc7,"U: things are fine now... | A: Can you explain a bit more? | U: it was a bit tense, I’m not sure | U: we had a disagreement | U: we talked about it outside",normal,low,0.3,public,4,no,0.9
4341568a-35c8-4054-83d9-9afacda92117,"U: it was a bit tense | A: What happened next? | U: just normal stuff | U: we talked about it, maybe I’m overthinking | U: we had a disagreement, it’s just weird | A: Can you explain a bit more? | U: it wasn’t serious with my partner | A: I'm listening. | U: things are fine now",normal,low,0.4,relationship,6,no,0.87
26c79080-8e0f-451f-b201-a2ac0fb1b204,"U: things are fine now | A: Can you explain a bit more? | U: just normal stuff, maybe i’m overthinking | A: I'm listening. | U: we had a disagreement | A: What happened next? | U: it wasn’t serious with my partner, I’m not sure | U: we talked about it, maybe i’m overthinking...",normal,low,0.35,relationship,5,no,0.78
2bcb75f7-e935-4fb5-81f3-001c5c596998,"U: it was a bit tense, I tried to ignore it | A: I'm listening. | U: just normal stuff with my family | A: Can you explain a bit more? | U: things are fine now with my family | A: What happened next? | U: we talked about it with my family | U: we had a disagreement with my family, maybe I’m overthinking",normal,low,0.35,family,5,no,0.84
8542146c-bf6b-48a8-a7d2-cf1ff32c141d,"U: it was a bit tense, maybe I’m overthinking | U: things are fine now, maybe I’m overthinking | A: Can you explain a bit more? | U: just normal stuff, I don’t know",normal,low,0.25,unknown,3,no,0.81
fc3e1283-3712-4a3a-aedc-d1d49e7c7727,"U: we had a disagreement | A: I'm listening. | U: we talked about it | A: I'm listening. | U: it was a bit tense | A: Can you explain a bit more? | U: it wasn’t serious, maybe i’m overthinking",normal,low,0.3,unknown,4,no,0.78
08690b82-d33f-4b59-86b7-fe3d7d032370,"U: we had a disagreement | U: it wasn’t serious, I don’t know | A: Can you explain a bit more? | U: it was a bit tense | A: I'm listening. | U: things are fine now | A: I'm listening. | U: we talked about it, maybe I’m overthinking",normal,low,0.35,unknown,5,no,0.77
65127943-eb76-4d9d-8d51-8f35616370a2,"U: it wasn’t serious with my family | A: Can you explain a bit more? | U: it was a bit tense, I don’t know | U: things are fine now",normal,low,0.25,family,3,no,0.89
383a9b12-ac25-4da6-a393-819f06d973c0,"U: we had a disagreement in the house | A: What happened next? | U: just normal stuff | A: I'm listening. | U: it wasn’t serious in the house, maybe i’m overthinking | A: Can you explain a bit more? | U: we talked about it | A: I'm listening. | U: things are fine now",normal,low,0.35,domestic,5,no,0.94
c49d4af8-9ca9-49b4-8d6a-d8ce9d4e463a,"U: things are fine now, I’m not sure | A: I'm listening. | U: it was a bit tense with my family, i’m not sure... | A: What happened next? | U: we had a disagreement with my family | A: I'm listening. | U: it wasn’t serious | A: Can you explain a bit more? | U: we talked about it | A: What happened next? | U: just normal stuff, I’m not sure",normal,low,0.4,family,6,no,0.91
05b175bb-38e4-414e-baad-c5f2e44049fa,U: just normal stuff | A: I'm listening. | U: things are fine now | A: I'm listening. | U: we had a disagreement | A: What happened next? | U: we talked about it | A: I'm listening. | U: it wasn’t serious... | A: I'm listening. | U: it was a bit tense,normal,low,0.4,unknown,6,no,0.85
360f1247-3987-4e50-9d27-74c39928460d,"U: it wasn’t serious, maybe I’m overthinking | A: I'm listening. | U: we had a disagreement with my family, it’s just weird | A: I'm listening. | U: just normal stuff, maybe I’m overthinking | U: it was a bit tense with my family... | U: things are fine now",normal,low,0.35,family,5,no,0.86
99cd739c-c8ae-49bd-8fb8-3255f7c7b3dd,"U: just normal stuff | A: I'm listening. | U: things are fine now | U: we talked about it, it’s just weird | A: Can you explain a bit more? | U: we had a disagreement at home | A: I'm listening. | U: it wasn’t serious at home, I’m not sure",normal,low,0.35,domestic,5,no,0.95
1d4209ab-9e84-4412-8b0a-94c553b7b4f9,"U: it wasn’t serious with my partner | A: I'm listening. | U: just normal stuff with my partner, it’s just weird | A: I'm listening. | U: we had a disagreement with my partner...",normal,low,0.25,relationship,3,no,0.85
758695ff-62d2-40cb-991e-0ef7e3c1a7eb,"U: we talked about it, I’m not sure... | A: I'm listening. | U: things are fine now at home... | A: Can you explain a bit more? | U: it wasn’t serious at home | A: Can you explain a bit more? | U: it was a bit tense at home, I’m not sure | U: just normal stuff",normal,low,0.35,domestic,5,no,0.92
4118f183-f085-44f9-a58d-69a529ea9dc5,U: things are fine now | A: I'm listening. | U: it wasn’t serious | A: Can you explain a bit more? | U: just normal stuff | A: Can you explain a bit more? | U: it was a bit tense,normal,low,0.3,public,4,no,0.91
74f74e4b-948b-4701-8a6e-a6835504b511,"U: things are fine now | A: What happened next? | U: just normal stuff... | A: What happened next? | U: we had a disagreement, I’m not sure | A: Can you explain a bit more? | U: it was a bit tense | A: Can you explain a bit more? | U: it wasn’t serious, I don’t know | A: Can you explain a bit more? | U: we talked about it, I tried to ignore it...",normal,low,0.4,unknown,6,no,0.83
c06bf879-6875-4da3-8b83-9ce46cda5558,"U: we talked about it | A: What happened next? | U: we had a disagreement | A: What happened next? | U: just normal stuff, I’m not sure | A: What happened next? | U: things are fine now | A: Can you explain a bit more? | U: it was a bit tense",normal,low,0.35,unknown,5,no,0.79
6c4347ed-4337-468d-84fb-7cb3a4ea1098,"U: it was a bit tense | A: Can you explain a bit more? | U: we talked about it, I tried to ignore it | A: I'm listening. | U: it wasn’t serious, it’s just weird | A: I'm listening. | U: things are fine now, I’m not sure | A: I'm listening. | U: just normal stuff outside",normal,low,0.35,public,5,no,0.81
795e7fe5-8e42-4281-a21d-18c08d179fd7,"U: it wasn’t serious with my family, I tried to ignore it | A: Can you explain a bit more? | U: it was a bit tense with my family | U: we had a disagreement with my family | A: Can you explain a bit more? | U: things are fine now with my family, I’m not sure | A: I'm listening. | U: we talked about it | A: Can you explain a bit more? | U: just normal stuff",normal,low,0.4,family,6,no,0.91
6b42a13f-1031-48e6-b80b-5f4a5b992f27,"U: just normal stuff with my partner, I tried to ignore it | A: I'm listening. | U: it was a bit tense | A: Can you explain a bit more? | U: we talked about it",normal,low,0.25,relationship,3,no,0.85
5d190f89-644b-4bb2-a08e-b8d89d17bcd3,"U: we talked about it, maybe I’m overthinking | U: things are fine now | U: we had a disagreement",normal,low,0.25,unknown,3,no,0.76
2986c960-1d4a-4ecd-9a6d-1a72cb51376c,"U: just normal stuff, I don’t know | U: we talked about it outside | U: it wasn’t serious | U: we had a disagreement outside, I don’t know | U: it was a bit tense outside, I’m not sure",normal,low,0.35,public,5,no,0.8
5c1f76bd-52d0-42a9-9ad6-7d6900077693,"U: it was a bit tense | A: I'm listening. | U: we talked about it with my partner | A: Can you explain a bit more? | U: we had a disagreement, I don’t know... | A: What happened next? | U: it wasn’t serious with my partner | A: What happened next? | U: things are fine now, i’m not sure | A: I'm listening. | U: just normal stuff, it’s just weird",normal,low,0.4,relationship,6,no,0.91
c8cb2a23-cf38-4abc-aa73-971a158a09a4,"U: we had a disagreement, I don’t know | U: it wasn’t serious, it’s just weird... | A: I'm listening. | U: just normal stuff, I don’t know",normal,low,0.25,public,3,no,0.84
510f0e2b-e000-4fae-9c4e-d06d8c771e6f,"U: it was a bit tense... | U: we talked about it with my partner, I’m not sure | U: things are fine now with my partner | A: I'm listening. | U: it wasn’t serious",normal,low,0.3,relationship,4,no,0.77
c7ed79ad-5993-4a50-ba28-380180568c15,"U: things are fine now, I don’t know | A: I'm listening. | U: it wasn’t serious with my family | A: What happened next? | U: just normal stuff with my family, i’m not sure | U: we had a disagreement | U: we talked about it | A: What happened next? | U: it was a bit tense",normal,low,0.4,family,6,no,0.8
bdc7b8d5-f602-4daf-8a7a-088596d55dae,"U: we had a disagreement with my partner, it’s just weird | A: What happened next? | U: it was a bit tense with my partner... | U: just normal stuff with my partner, it’s just weird... | U: things are fine now",normal,low,0.3,relationship,4,no,0.93
2e3aeb48-9c25-47be-bacb-2370a3c6f036,"U: it wasn’t serious, I tried to ignore it | U: just normal stuff in the house, i don’t know | A: Can you explain a bit more? | U: things are fine now in the house",normal,low,0.25,domestic,3,no,0.82
8b0fe76e-2803-47a9-84c8-41d482861433,"U: we talked about it, I don’t know... | A: I'm listening. | U: it was a bit tense | U: things are fine now outside, it’s just weird",normal,low,0.25,public,3,no,0.77
c38b9dfa-fbfe-4965-9a51-167e6d2cd89f,"U: it was a bit tense | A: I'm listening. | U: we had a disagreement at home... | U: we talked about it, I’m not sure",normal,low,0.25,domestic,3,no,0.89
29519468-be5d-4bf6-a219-e5b206f3d750,"U: just normal stuff | A: What happened next? | U: things are fine now at home... | U: we talked about it | U: we had a disagreement, I’m not sure | U: it was a bit tense at home...",normal,low,0.35,domestic,5,no,0.87
35ebbd5b-219c-4c70-80df-2420578fd04f,"U: we had a disagreement, maybe I’m overthinking | A: Can you explain a bit more? | U: it wasn’t serious | U: we talked about it | A: Can you explain a bit more? | U: things are fine now with my partner | A: I'm listening. | U: just normal stuff, I don’t know | A: What happened next? | U: it was a bit tense with my partner",normal,low,0.4,relationship,6,no,0.88
0e495873-148c-4753-9aaa-8e446cafff54,"U: it was a bit tense, it’s just weird | A: Can you explain a bit more? | U: we talked about it | A: What happened next? | U: we had a disagreement with my family, I don’t know | U: things are fine now with my family... | U: it wasn’t serious with my family",normal,low,0.35,family,5,no,0.76
d71e5a84-3ed6-42ad-8f1a-ace7b2e35ee2,"U: we had a disagreement | A: What happened next? | U: just normal stuff, it’s just weird | U: things are fine now | U: it was a bit tense | A: I'm listening. | U: it wasn’t serious with my partner, I’m not sure",normal,low,0.35,relationship,5,no,0.76
6c19eecf-74c4-4aad-9446-4e30229e2bb2,"U: things are fine now, it’s just weird | A: Can you explain a bit more? | U: we talked about it, maybe I’m overthinking | A: Can you explain a bit more? | U: just normal stuff... | A: I'm listening. | U: we had a disagreement, it’s just weird",normal,low,0.3,unknown,4,no,0.94
cd9a59c1-9ba5-4714-bf83-18404e3ade13,"U: it wasn’t serious | A: Can you explain a bit more? | U: it was a bit tense in public, it’s just weird | U: we talked about it, I don’t know | A: I'm listening. | U: things are fine now in public, it’s just weird | A: I'm listening. | U: we had a disagreement",normal,low,0.35,public,5,no,0.87
bfd7566d-586f-43c0-99ff-71f4e1749eea,U: it wasn’t serious | A: What happened next? | U: we talked about it with my partner... | A: Can you explain a bit more? | U: things are fine now,normal,low,0.25,relationship,3,no,0.76
5ffbb9ad-30cc-4832-a9cf-6207d99a20fd,"U: things are fine now, I’m not sure | A: Can you explain a bit more? | U: we talked about it | A: I'm listening. | U: it wasn’t serious | U: just normal stuff, I’m not sure | U: we had a disagreement",normal,low,0.35,public,5,no,0.88
36cbbd63-8143-455a-8e41-9524da6a918b,"U: it wasn’t serious | A: Can you explain a bit more? | U: things are fine now, it’s just weird | A: Can you explain a bit more? | U: it was a bit tense | A: I'm listening. | U: we talked about it outside, maybe I’m overthinking | A: Can you explain a bit more? | U: just normal stuff, I tried to ignore it...",normal,low,0.35,public,5,no,0.9
7f5dc43a-dcf7-4a8d-a6d5-b9ed2c3ca915,"U: we had a disagreement, I tried to ignore it | U: it wasn’t serious, I tried to ignore it | A: What happened next? | U: just normal stuff, I tried to ignore it... | A: What happened next? | U: we talked about it | U: it was a bit tense | U: things are fine now",normal,low,0.4,unknown,6,no,0.87
0342e6a0-ba50-4ba7-85a1-6c3669f207e3,"U: it was a bit tense, maybe I’m overthinking... | U: things are fine now with my family | A: What happened next? | U: we talked about it with my family...",normal,low,0.25,family,3,no,0.94
b9d8aec0-9824-4b6b-9d64-a3461ac580fa,U: we had a disagreement | A: Can you explain a bit more? | U: it was a bit tense in the house | A: I'm listening. | U: we talked about it | A: I'm listening. | U: just normal stuff,normal,low,0.3,domestic,4,no,0.84
b3f99ae9-c8cc-4f04-9096-2a587ec1aecf,"U: we had a disagreement with my family, maybe I’m overthinking | A: What happened next? | U: we talked about it with my family | A: I'm listening. | U: just normal stuff | A: What happened next? | U: it wasn’t serious with my family, I tried to ignore it | A: Can you explain a bit more? | U: it was a bit tense with my family",normal,low,0.35,family,5,no,0.91
d9a37e94-c951-4569-ab29-a39d93a40dd7,"U: we talked about it in the house, I’m not sure | U: it was a bit tense in the house... | A: I'm listening. | U: we had a disagreement in the house | A: I'm listening. | U: just normal stuff in the house...",normal,low,0.3,domestic,4,no,0.85
6389d441-36b1-4ed9-9a12-c9285efcac46,"U: we had a disagreement | A: Can you explain a bit more? | U: it was a bit tense, i don’t know | A: What happened next? | U: just normal stuff... | U: we talked about it in public, I don’t know | A: Can you explain a bit more? | U: things are fine now | U: it wasn’t serious in public, I don’t know",normal,low,0.4,public,6,no,0.8
82cf4216-8d53-4451-8efd-e161a9121d1a,"U: it was a bit tense with my family, I’m not sure | U: we talked about it, i don’t know | A: What happened next? | U: just normal stuff, I tried to ignore it... | A: I'm listening. | U: we had a disagreement, maybe I’m overthinking",normal,low,0.3,family,4,no,0.85
2c19b117-5219-40d0-8da3-ee418d5022e7,"U: we talked about it, it’s just weird | U: we had a disagreement, it’s just weird | A: Can you explain a bit more? | U: it was a bit tense, I’m not sure | A: What happened next? | U: just normal stuff | A: Can you explain a bit more? | U: things are fine now",normal,low,0.35,unknown,5,no,0.85
dc08f86a-4a85-46b9-9b48-66151f4ef070,"U: we had a disagreement, maybe I’m overthinking | A: What happened next? | U: things are fine now, I’m not sure... | U: it was a bit tense | A: Can you explain a bit more? | U: it wasn’t serious | A: Can you explain a bit more? | U: we talked about it...",normal,low,0.35,unknown,5,no,0.75
3fd883a6-902a-436e-940e-b74b29a80641,"U: just normal stuff | A: What happened next? | U: it wasn’t serious | A: Can you explain a bit more? | U: we had a disagreement, maybe I’m overthinking | U: we talked about it",normal,low,0.3,domestic,4,no,0.77
da10bc34-2adc-4d53-9c25-953a06044a04,"U: it wasn’t serious... | A: Can you explain a bit more? | U: we had a disagreement, I’m not sure | A: What happened next? | U: things are fine now, I tried to ignore it | A: I'm listening. | U: just normal stuff, maybe I’m overthinking",normal,low,0.3,unknown,4,no,0.81
d5358c4a-64ab-4045-ab2d-92715ff30a6e,"U: we had a disagreement... | A: Can you explain a bit more? | U: it was a bit tense, it’s just weird | A: Can you explain a bit more? | U: it wasn’t serious, I don’t know | A: Can you explain a bit more? | U: we talked about it, I’m not sure | A: Can you explain a bit more? | U: things are fine now",normal,low,0.35,unknown,5,no,0.79
04ba0e2c-0a8c-4d29-bebd-18aab63cda00,U: it was a bit tense... | A: Can you explain a bit more? | U: we talked about it at home | A: Can you explain a bit more? | U: just normal stuff,normal,low,0.25,domestic,3,no,0.82
85f4c8a1-f365-4cc8-b642-dc5fb25de2e7,"U: things are fine now with my family | A: Can you explain a bit more? | U: just normal stuff, I don’t know... | U: it wasn’t serious with my family | A: I'm listening. | U: it was a bit tense, I’m not sure",normal,low,0.3,family,4,no,0.88
fbff4f45-83db-48af-8c9c-c9349fb2eeec,"U: things are fine now outside | A: What happened next? | U: it was a bit tense outside, it’s just weird | A: What happened next? | U: we had a disagreement | A: I'm listening. | U: we talked about it, it’s just weird",normal,low,0.3,public,4,no,0.86
fbe60a2f-bb42-4ca4-a589-444a6040662f,"U: we had a disagreement with my partner, I tried to ignore it | U: just normal stuff, it’s just weird | U: we talked about it with my partner | A: I'm listening. | U: it wasn’t serious, it’s just weird",normal,low,0.3,relationship,4,no,0.91
75150273-71f4-4d13-8c39-7901748cb694,"U: it was a bit tense in the house, maybe I’m overthinking | A: I'm listening. | U: it wasn’t serious in the house | U: we talked about it | A: Can you explain a bit more? | U: things are fine now, it’s just weird | A: What happened next? | U: we had a disagreement",normal,low,0.35,domestic,5,no,0.9
9cbd9863-ce84-4267-88fb-2be210267e63,"U: we had a disagreement, I don’t know | A: What happened next? | U: things are fine now | U: we talked about it, I’m not sure...",normal,low,0.25,unknown,3,no,0.9
7bb3710d-b11c-406e-bc9c-74b9ee95e3a9,"U: just normal stuff with my family, I don’t know | A: Can you explain a bit more? | U: things are fine now with my family | A: I'm listening. | U: we talked about it, it’s just weird... | A: I'm listening. | U: we had a disagreement",normal,low,0.3,family,4,no,0.83
d2fbc309-c883-4175-898e-5a0f38d863d8,U: just normal stuff outside | A: What happened next? | U: we talked about it... | U: we had a disagreement | U: it wasn’t serious outside,normal,low,0.3,public,4,no,0.95
383681b0-703d-4661-afcb-8f4b779bc0f9,"U: just normal stuff, I don’t know | A: I'm listening. | U: we had a disagreement... | U: it wasn’t serious | U: we talked about it, maybe i’m overthinking",normal,low,0.3,unknown,4,no,0.76
911e4687-f8a6-4a0c-bf27-2b3640883332,"U: it was a bit tense | A: What happened next? | U: we had a disagreement | U: it wasn’t serious with my partner, i tried to ignore it",normal,low,0.25,relationship,3,no,0.83
64e9ceff-d794-4009-be83-d2f63eb5114e,"U: it wasn’t serious, I don’t know | A: What happened next? | U: it was a bit tense in the house... | A: What happened next? | U: we had a disagreement... | U: things are fine now in the house | A: Can you explain a bit more? | U: we talked about it in the house | U: just normal stuff in the house, maybe I’m overthinking",normal,low,0.4,domestic,6,no,0.85
ba88b864-81c4-4045-849c-9a0d8d1ef280,"U: we talked about it, it’s just weird | U: just normal stuff, I’m not sure | A: What happened next? | U: we had a disagreement | A: What happened next? | U: it wasn’t serious, I’m not sure | U: it was a bit tense with my family",normal,low,0.35,family,5,no,0.89
40d07168-c580-4c29-81cd-ef61b7ac4f9e,"U: we talked about it, i’m not sure | A: What happened next? | U: things are fine now at home | A: I'm listening. | U: it wasn’t serious, I don’t know | A: I'm listening. | U: it was a bit tense, maybe i’m overthinking... | A: I'm listening. | U: we had a disagreement at home",normal,low,0.35,domestic,5,no,0.92
679e8149-f9fd-43f1-95df-16dc78845754,"U: it was a bit tense with my partner, I tried to ignore it | A: I'm listening. | U: things are fine now... | U: just normal stuff | A: What happened next? | U: it wasn’t serious | U: we talked about it with my partner, it’s just weird | A: Can you explain a bit more? | U: we had a disagreement...",normal,low,0.4,relationship,6,no,0.8
7318d02b-de11-4056-a38e-a4c3365aed90,"U: we talked about it outside | U: things are fine now... | A: Can you explain a bit more? | U: we had a disagreement outside, it’s just weird | U: just normal stuff, it’s just weird",normal,low,0.3,public,4,no,0.89
9c80dc68-b37a-4bd5-aeaf-2a5ecc2febfa,"U: it wasn’t serious, maybe i’m overthinking | A: What happened next? | U: we had a disagreement... | A: What happened next? | U: it was a bit tense, maybe I’m overthinking...",normal,low,0.25,family,3,no,0.76
32bd8c77-2c04-4b9b-99cb-291c01424bcd,"U: we talked about it | A: What happened next? | U: we had a disagreement, I don’t know | A: I'm listening. | U: things are fine now | A: What happened next? | U: it was a bit tense with my family",normal,low,0.3,family,4,no,0.81
3dde8300-68e7-45da-8138-aecec6f13e23,"U: we talked about it, it’s just weird | A: I'm listening. | U: it wasn’t serious at home | A: I'm listening. | U: we had a disagreement at home, it’s just weird...",normal,low,0.25,domestic,3,no,0.8
cfcd6713-5a77-464c-8335-73541386010c,"U: just normal stuff in public | U: things are fine now | A: What happened next? | U: we had a disagreement in public, maybe i’m overthinking | U: it was a bit tense in public, maybe I’m overthinking | A: I'm listening. | U: we talked about it, I don’t know",normal,low,0.35,public,5,no,0.91
5b0c2679-5845-4e72-8081-0b5d0542db4d,"U: just normal stuff in the house, I’m not sure | A: What happened next? | U: it was a bit tense in the house, i’m not sure... | A: Can you explain a bit more? | U: we had a disagreement in the house... | A: I'm listening. | U: we talked about it in the house",normal,low,0.3,domestic,4,no,0.87
1841e7d8-af68-4a0a-aa74-ee56272375a7,"U: we talked about it with my family | U: we had a disagreement | A: Can you explain a bit more? | U: things are fine now | U: just normal stuff with my family, I don’t know | A: I'm listening. | U: it was a bit tense with my family, I’m not sure",normal,low,0.35,family,5,no,0.91
b8db089e-e52f-4867-b500-1e70b446347f,"U: just normal stuff, I tried to ignore it | U: it wasn’t serious, it’s just weird | U: things are fine now | U: we had a disagreement | U: it was a bit tense",normal,low,0.35,family,5,no,0.81
49cb39d8-2085-43b4-a6f3-bce35ff778bb,"U: we had a disagreement... | U: it was a bit tense with my partner, I’m not sure | A: What happened next? | U: things are fine now | A: Can you explain a bit more? | U: we talked about it, I tried to ignore it | A: I'm listening. | U: just normal stuff",normal,low,0.35,relationship,5,no,0.78
ad1a1f4b-ad66-4c6c-971d-f0176fcb3f36,U: it was a bit tense | A: Can you explain a bit more? | U: it wasn’t serious... | A: I'm listening. | U: we had a disagreement | A: What happened next? | U: things are fine now,normal,low,0.3,family,4,no,0.8
1165d5b7-00dd-41ca-8eec-bc5b2e5e99db,"U: we talked about it | A: What happened next? | U: just normal stuff, it’s just weird | A: What happened next? | U: things are fine now",normal,low,0.25,relationship,3,no,0.89
832c708c-52a8-417c-b965-764a0fd98fbe,"U: things are fine now, I tried to ignore it | A: What happened next? | U: we talked about it, I don’t know | A: Can you explain a bit more? | U: it wasn’t serious in public | U: just normal stuff in public, it’s just weird | A: What happened next? | U: we had a disagreement, it’s just weird",normal,low,0.35,public,5,no,0.77
3b92ab46-d03e-4101-afad-d63bc857aacb,"U: just normal stuff, maybe I’m overthinking | A: Can you explain a bit more? | U: we talked about it... | U: it wasn’t serious at home | A: I'm listening. | U: things are fine now at home...",normal,low,0.3,domestic,4,no,0.87
eef1c46e-8178-47c7-8080-8fbd7f0426f5,"U: we talked about it in the house | U: it wasn’t serious | U: it was a bit tense, maybe I’m overthinking | U: we had a disagreement",normal,low,0.3,domestic,4,no,0.87
08d1c7e5-cabf-45fd-af84-b149dfbbc28b,"U: we talked about it | A: I'm listening. | U: things are fine now | U: it wasn’t serious | A: What happened next? | U: we had a disagreement with my family | A: Can you explain a bit more? | U: it was a bit tense, I don’t know | A: Can you explain a bit more? | U: just normal stuff with my family",normal,low,0.4,family,6,no,0.86
4d435d4d-7834-4e19-b7d9-3faa39b60233,"U: it was a bit tense with my family... | U: things are fine now, I tried to ignore it | U: it wasn’t serious, I don’t know | A: What happened next? | U: we had a disagreement... | U: we talked about it | A: Can you explain a bit more? | U: just normal stuff",normal,low,0.4,family,6,no,0.76
7e5ee8ae-e98a-46a2-a0fb-5532b5ce8c73,"U: we had a disagreement | A: I'm listening. | U: it wasn’t serious at home... | A: What happened next? | U: it was a bit tense, I tried to ignore it",normal,low,0.25,domestic,3,no,0.77
4c229fc6-bcc8-48cd-9fc4-e4e89ef0b8c1,"U: it was a bit tense outside... | U: we had a disagreement | A: Can you explain a bit more? | U: we talked about it, maybe I’m overthinking",normal,low,0.25,public,3,no,0.8
aafeb238-beec-4c0b-815b-896d2ed74748,"U: we had a disagreement | A: I'm listening. | U: we talked about it | A: Can you explain a bit more? | U: things are fine now with my partner... | A: I'm listening. | U: it wasn’t serious with my partner, I’m not sure | A: Can you explain a bit more? | U: just normal stuff... | U: it was a bit tense, I don’t know",normal,low,0.4,relationship,6,no,0.77
3e7e8981-747c-4b83-86a9-d01b2d74b1ce,"U: just normal stuff with my partner | A: What happened next? | U: things are fine now with my partner, i tried to ignore it | A: What happened next? | U: it was a bit tense | U: we had a disagreement with my partner, i’m not sure | A: What happened next? | U: it wasn’t serious, I don’t know",normal,low,0.35,relationship,5,no,0.94
767ead28-52cf-4511-8194-e674f903c2e7,U: we had a disagreement | A: I'm listening. | U: it wasn’t serious | A: I'm listening. | U: it was a bit tense | U: we talked about it,normal,low,0.3,unknown,4,no,0.79
57807b0d-fd7d-4530-ace3-270f843c68f2,"U: we had a disagreement, maybe I’m overthinking | U: it wasn’t serious, maybe I’m overthinking | A: I'm listening. | U: just normal stuff, maybe I’m overthinking",normal,low,0.25,unknown,3,no,0.81
8a974e7a-22c2-4ee3-95d5-beccaf431655,"U: just normal stuff, I don’t know | A: Can you explain a bit more? | U: it wasn’t serious, maybe I’m overthinking... | U: we talked about it, I don’t know | U: things are fine now | A: I'm listening. | U: we had a disagreement",normal,low,0.35,unknown,5,no,0.89
408a89e7-6585-4f50-9620-d8dc27fa4cda,"U: we talked about it with my family | A: What happened next? | U: just normal stuff with my family, i tried to ignore it | A: What happened next? | U: we had a disagreement, I tried to ignore it",normal,low,0.25,family,3,no,0.88
b7387c50-725c-4720-a0c9-750848da7e11,"U: we had a disagreement | A: I'm listening. | U: it wasn’t serious with my family... | A: What happened next? | U: things are fine now with my family, I’m not sure | A: Can you explain a bit more? | U: just normal stuff with my family, I tried to ignore it | A: What happened next? | U: it was a bit tense with my family, I tried to ignore it",normal,low,0.35,family,5,no,0.83
8501b1b1-acfa-4e31-b180-a1d1bdceefc9,U: we talked about it with my partner | U: things are fine now | A: Can you explain a bit more? | U: it was a bit tense | A: What happened next? | U: just normal stuff,normal,low,0.3,relationship,4,no,0.85
696fed98-87de-4bb3-a2c3-8ed971e1ee9e,"U: things are fine now with my partner, I don’t know | A: What happened next? | U: just normal stuff | A: I'm listening. | U: we talked about it | A: What happened next? | U: it wasn’t serious, maybe I’m overthinking",normal,low,0.3,relationship,4,no,0.9
0f01203b-c701-42e0-9193-28b0eeb284d3,"U: we talked about it, it’s just weird | A: I'm listening. | U: it was a bit tense | A: Can you explain a bit more? | U: we had a disagreement",normal,low,0.25,unknown,3,no,0.94
a57402d9-77cb-42a8-be6c-f773fc28e05b,"U: we talked about it, i don’t know... | A: I'm listening. | U: things are fine now | A: I'm listening. | U: just normal stuff | A: What happened next? | U: we had a disagreement | A: What happened next? | U: it wasn’t serious",normal,low,0.35,unknown,5,no,0.92
ebaf0e5d-8778-4ea9-8a95-d25b500a442f,"U: things are fine now with my partner... | A: What happened next? | U: it was a bit tense with my partner | A: What happened next? | U: it wasn’t serious with my partner | A: What happened next? | U: just normal stuff with my partner, I’m not sure",normal,low,0.3,relationship,4,no,0.79
a3cdaacc-f7ec-4447-b651-36239123ba92,"U: we had a disagreement outside | U: just normal stuff, it’s just weird | A: What happened next? | U: we talked about it | A: I'm listening. | U: it wasn’t serious outside | A: Can you explain a bit more? | U: it was a bit tense, I tried to ignore it",normal,low,0.35,public,5,no,0.85
2c3dc4df-7921-43e1-9fc6-d61e35856a51,"U: we talked about it | A: I'm listening. | U: we had a disagreement | U: it wasn’t serious | U: things are fine now | U: just normal stuff | A: Can you explain a bit more? | U: it was a bit tense, maybe i’m overthinking",normal,low,0.4,unknown,6,no,0.94
faac0e08-0a6f-4ed9-aba9-13a9bd89982e,"U: things are fine now, i don’t know | A: Can you explain a bit more? | U: just normal stuff in the house, maybe I’m overthinking | U: we talked about it | U: we had a disagreement, it’s just weird... | U: it wasn’t serious in the house, it’s just weird | A: Can you explain a bit more? | U: it was a bit tense in the house",normal,low,0.4,domestic,6,no,0.76
8a32f091-711c-476f-95cf-f18bb084929d,"U: we had a disagreement, I’m not sure | A: I'm listening. | U: it was a bit tense | A: What happened next? | U: it wasn’t serious",normal,low,0.25,family,3,no,0.94
5ddf333e-df41-4839-b8f8-5e4271fac565,U: things are fine now with my family | U: just normal stuff | A: What happened next? | U: we talked about it,normal,low,0.25,family,3,no,0.83
c00b0f89-71ad-4db7-b94f-3f6345fc76fc,"U: just normal stuff at home, I’m not sure | A: Can you explain a bit more? | U: it was a bit tense at home | A: Can you explain a bit more? | U: we had a disagreement | A: Can you explain a bit more? | U: we talked about it",normal,low,0.3,domestic,4,no,0.78
f6588945-5552-4c44-b4e2-32e0f8f01d93,"U: it was a bit tense, maybe I’m overthinking | U: just normal stuff, I’m not sure | U: it wasn’t serious, it’s just weird | A: I'm listening. | U: things are fine now... | A: I'm listening. | U: we talked about it, maybe I’m overthinking | A: Can you explain a bit more? | U: we had a disagreement",normal,low,0.4,unknown,6,no,0.77
1d64bb5f-6ac2-4f81-92eb-05bebff07990,"U: it wasn’t serious, I’m not sure | A: What happened next? | U: we had a disagreement | A: I'm listening. | U: we talked about it...",normal,low,0.25,unknown,3,no,0.88
2bf2b19e-fc5f-40df-9705-eeb523ad14f7,"U: it was a bit tense, I don’t know | A: What happened next? | U: it wasn’t serious, it’s just weird | U: just normal stuff...",normal,low,0.25,unknown,3,no,0.92
5b227a35-7536-4cf2-97d0-c08ee44e14c8,U: it wasn’t serious | A: I'm listening. | U: things are fine now | U: just normal stuff with my partner,normal,low,0.25,relationship,3,no,0.88
304b1865-6884-4551-b313-ec44e7da9d7e,"U: just normal stuff | A: Can you explain a bit more? | U: we had a disagreement | U: we talked about it | A: What happened next? | U: it was a bit tense, it’s just weird | A: What happened next? | U: it wasn’t serious with my family | U: things are fine now",normal,low,0.4,family,6,no,0.91
572e5d62-38a1-4edc-b8ae-356bcc09ec42,U: we talked about it with my partner | A: What happened next? | U: just normal stuff | A: What happened next? | U: it wasn’t serious with my partner,normal,low,0.25,relationship,3,no,0.82
21810035-e1cb-4a96-864f-9b4e32c669e0,"U: we talked about it, I tried to ignore it | U: just normal stuff with my family | A: What happened next? | U: things are fine now | A: Can you explain a bit more? | U: it wasn’t serious, i tried to ignore it...",normal,low,0.3,family,4,no,0.82
d6a03c46-9534-436d-86af-2cfb616d70db,"U: it was a bit tense | A: What happened next? | U: we had a disagreement outside... | A: Can you explain a bit more? | U: just normal stuff outside, it’s just weird | A: I'm listening. | U: we talked about it, I’m not sure | A: What happened next? | U: it wasn’t serious outside | A: I'm listening. | U: things are fine now outside",normal,low,0.4,public,6,no,0.78
ad685608-0270-4177-8be0-6db02219fe99,U: things are fine now at home... | U: it was a bit tense | A: Can you explain a bit more? | U: we talked about it at home | A: Can you explain a bit more? | U: it wasn’t serious at home | A: What happened next? | U: we had a disagreement | A: Can you explain a bit more? | U: just normal stuff at home,normal,low,0.4,domestic,6,no,0.84
2108b8e7-2a19-45fc-a1bd-0156fa20c82d,U: we talked about it with my family | A: Can you explain a bit more? | U: it wasn’t serious with my family... | U: we had a disagreement with my family,normal,low,0.25,family,3,no,0.94
8a7e8ffe-81b5-44b7-a54f-30b0c5b5f1eb,"U: we talked about it, it’s just weird | A: I'm listening. | U: it wasn’t serious in the house... | A: Can you explain a bit more? | U: it was a bit tense in the house | A: I'm listening. | U: things are fine now, I’m not sure | A: I'm listening. | U: just normal stuff | A: What happened next? | U: we had a disagreement",normal,low,0.4,domestic,6,no,0.89
7432c8a1-6533-43bd-8f46-af1840d7d9e3,"U: things are fine now | A: I'm listening. | U: we had a disagreement | U: we talked about it with my family, it’s just weird | A: Can you explain a bit more? | U: it wasn’t serious, I don’t know | A: What happened next? | U: it was a bit tense",normal,low,0.35,family,5,no,0.83
43a5a088-1482-4585-a6d6-0f9c44a40730,"U: we talked about it | U: just normal stuff | A: What happened next? | U: things are fine now, i don’t know | A: Can you explain a bit more? | U: it was a bit tense, I’m not sure | A: Can you explain a bit more? | U: it wasn’t serious",normal,low,0.35,unknown,5,no,0.83
eed4a3b7-3e96-4f2e-b675-6642ec59bb1c,"U: it was a bit tense | U: we talked about it in the house, I tried to ignore it | A: Can you explain a bit more? | U: things are fine now, I tried to ignore it | A: I'm listening. | U: just normal stuff in the house, I tried to ignore it",normal,low,0.3,domestic,4,no,0.93
300d1924-1641-44c3-8297-569e4b6f4dcc,"U: just normal stuff, it’s just weird | U: it wasn’t serious with my partner | A: I'm listening. | U: we had a disagreement, I’m not sure | A: I'm listening. | U: it was a bit tense with my partner | U: things are fine now",normal,low,0.35,relationship,5,no,0.88
9aa071dd-2b85-4e9a-a1ac-b8ab4aeed95a,"U: it was a bit tense outside | U: we had a disagreement | A: Can you explain a bit more? | U: things are fine now outside | A: Can you explain a bit more? | U: it wasn’t serious | A: What happened next? | U: just normal stuff outside, I tried to ignore it | A: Can you explain a bit more? | U: we talked about it",normal,low,0.4,public,6,no,0.94
e04b785d-f77e-40f6-95b7-f493cadf0fd6,"U: things are fine now, maybe I’m overthinking | A: What happened next? | U: we had a disagreement | A: What happened next? | U: it wasn’t serious in the house, maybe I’m overthinking",normal,low,0.25,domestic,3,no,0.82
e35ea340-717a-457e-9077-c54dac0aa1e7,"U: we talked about it at home | A: I'm listening. | U: just normal stuff | A: I'm listening. | U: it wasn’t serious at home, I don’t know | U: things are fine now | A: Can you explain a bit more? | U: we had a disagreement at home, maybe I’m overthinking",normal,low,0.35,domestic,5,no,0.85
25e80b64-5a81-4c84-b2ed-b230f3acfbcb,"U: just normal stuff | A: What happened next? | U: it was a bit tense in the house | U: things are fine now in the house | A: Can you explain a bit more? | U: we had a disagreement | U: it wasn’t serious | U: we talked about it, it’s just weird",normal,low,0.4,domestic,6,no,0.8
3ae62582-5b94-4160-8a1a-a7123269a61d,U: things are fine now... | U: we talked about it in public | U: just normal stuff in public,normal,low,0.25,public,3,no,0.89
dbc80035-7b2b-4e19-9f56-925d68d10a53,U: just normal stuff... | A: What happened next? | U: we had a disagreement | U: it wasn’t serious,normal,low,0.25,unknown,3,no,0.91
eca8ce80-0cb5-4610-85af-8f01bd4af23d,"U: it was a bit tense, I tried to ignore it | A: Can you explain a bit more? | U: it wasn’t serious with my partner, maybe I’m overthinking | A: Can you explain a bit more? | U: we had a disagreement... | U: we talked about it... | A: I'm listening. | U: just normal stuff with my partner",normal,low,0.35,relationship,5,no,0.78
6c1bf9d8-21a1-4ee1-b0c2-dba48fe60258,"U: we talked about it | A: Can you explain a bit more? | U: it wasn’t serious | A: Can you explain a bit more? | U: things are fine now in the house | U: it was a bit tense in the house, I’m not sure | U: just normal stuff in the house | A: What happened next? | U: we had a disagreement in the house, I don’t know",normal,low,0.4,domestic,6,no,0.82
d9598ee3-d191-478f-a549-40f2443a18eb,"U: it wasn’t serious... | A: I'm listening. | U: we had a disagreement at home | A: I'm listening. | U: things are fine now, it’s just weird | U: just normal stuff, it’s just weird | U: it was a bit tense at home",normal,low,0.35,domestic,5,no,0.77
4976ea36-184a-43c1-85f7-9a9b097f4b86,"U: we talked about it | A: Can you explain a bit more? | U: it wasn’t serious with my partner, I tried to ignore it | A: What happened next? | U: it was a bit tense, maybe I’m overthinking | A: Can you explain a bit more? | U: just normal stuff with my partner, I’m not sure | U: we had a disagreement",normal,low,0.35,relationship,5,no,0.75
e01d4633-f18c-49d0-b2c8-661f42c0e7c5,"U: things are fine now | U: we had a disagreement | A: I'm listening. | U: it was a bit tense, I don’t know | A: What happened next? | U: it wasn’t serious, it’s just weird...",normal,low,0.3,unknown,4,no,0.82
0330ce49-f327-4dfb-8725-1cec4f0c9208,"U: things are fine now | A: Can you explain a bit more? | U: we talked about it, maybe i’m overthinking | U: it was a bit tense, it’s just weird",normal,low,0.25,public,3,no,0.84
eb376b82-e2d8-45c6-b31e-2133c43ae2a7,"U: just normal stuff | A: I'm listening. | U: things are fine now with my family, i’m not sure | U: it was a bit tense, I’m not sure | U: we talked about it... | A: Can you explain a bit more? | U: it wasn’t serious | A: I'm listening. | U: we had a disagreement",normal,low,0.4,family,6,no,0.79
749248b8-2185-4ac9-a30c-b7899ffa6797,"U: it was a bit tense, maybe I’m overthinking | U: we talked about it, I’m not sure | A: I'm listening. | U: we had a disagreement",normal,low,0.25,domestic,3,no,0.86
4f680e87-3b1e-4fb7-af65-5f7436d2f39d,"U: we talked about it | A: Can you explain a bit more? | U: things are fine now | A: I'm listening. | U: it wasn’t serious outside, I don’t know | A: I'm listening. | U: we had a disagreement outside | U: it was a bit tense | A: I'm listening. | U: just normal stuff, maybe I’m overthinking",normal,low,0.4,public,6,no,0.75
3581dfb8-8163-4df0-848c-72da937ca0c1,"U: we talked about it | A: I'm listening. | U: it wasn’t serious with my partner, i tried to ignore it | U: just normal stuff with my partner, it’s just weird | A: Can you explain a bit more? | U: it was a bit tense | A: What happened next? | U: things are fine now with my partner",normal,low,0.35,relationship,5,no,0.76
66ad8718-2410-41d8-bdda-c59c1630dfd9,"U: it was a bit tense outside, i’m not sure | A: Can you explain a bit more? | U: things are fine now outside... | A: What happened next? | U: we talked about it, maybe i’m overthinking | A: I'm listening. | U: just normal stuff, I don’t know... | U: we had a disagreement outside | A: Can you explain a bit more? | U: it wasn’t serious outside, i’m not sure",normal,low,0.4,public,6,no,0.77
188cc66d-0925-4be3-83a2-52c11be5b9b7,"U: we had a disagreement, I’m not sure... | A: Can you explain a bit more? | U: we talked about it in public, maybe i’m overthinking | A: I'm listening. | U: it was a bit tense, maybe I’m overthinking | A: What happened next? | U: just normal stuff... | U: things are fine now",normal,low,0.35,public,5,no,0.84
f70867df-7150-4d8a-ae38-aabdb0d325f3,"U: just normal stuff | A: I'm listening. | U: we had a disagreement | A: What happened next? | U: it wasn’t serious | A: Can you explain a bit more? | U: it was a bit tense, maybe I’m overthinking",normal,low,0.3,unknown,4,no,0.82
0f9973ea-cd02-45a9-b0a0-28af78edd759,U: it wasn’t serious | U: we had a disagreement | A: What happened next? | U: we talked about it,normal,low,0.25,domestic,3,no,0.88
8f0aafd7-ca5a-4b16-bdcb-3ece18d95b0a,"U: things are fine now in the house | U: we talked about it in the house | A: What happened next? | U: it wasn’t serious, it’s just weird | U: we had a disagreement, I’m not sure | U: just normal stuff... | A: I'm listening. | U: it was a bit tense in the house",normal,low,0.4,domestic,6,no,0.82
8f088518-f2ea-476b-ac37-c52f0f012b21,"U: it wasn’t serious, I don’t know | A: I'm listening. | U: things are fine now with my family, I tried to ignore it... | A: What happened next? | U: we had a disagreement",normal,low,0.25,family,3,no,0.95
e53c6f89-d786-4348-be24-b6c8b9b3e22a,"U: we talked about it outside | A: Can you explain a bit more? | U: it was a bit tense, i tried to ignore it | A: Can you explain a bit more? | U: we had a disagreement outside, it’s just weird | A: Can you explain a bit more? | U: it wasn’t serious outside | A: I'm listening. | U: just normal stuff, I don’t know | U: things are fine now outside",normal,low,0.4,public,6,no,0.83
630bae03-e413-438b-8b10-96330f5e70d6,"U: we had a disagreement with my partner, maybe I’m overthinking | A: Can you explain a bit more? | U: we talked about it with my partner | U: it was a bit tense... | A: I'm listening. | U: things are fine now with my partner, maybe I’m overthinking",normal,low,0.3,relationship,4,no,0.79
0e7144c0-f84f-4f14-8119-dd3d87ccd3af,"U: just normal stuff, maybe I’m overthinking | A: I'm listening. | U: we had a disagreement | A: Can you explain a bit more? | U: we talked about it, maybe I’m overthinking | A: Can you explain a bit more? | U: it was a bit tense, it’s just weird",normal,low,0.3,public,4,no,0.9
f29417eb-d703-427e-a374-745a1afa430f,"U: it was a bit tense | A: I'm listening. | U: things are fine now, I tried to ignore it | U: we had a disagreement | A: Can you explain a bit more? | U: just normal stuff, i tried to ignore it | A: Can you explain a bit more? | U: we talked about it... | U: it wasn’t serious",normal,low,0.4,unknown,6,no,0.77
93c6d173-2f20-4e24-9356-642053a7397e,"U: we had a disagreement | A: What happened next? | U: it wasn’t serious outside, maybe I’m overthinking... | U: it was a bit tense... | A: Can you explain a bit more? | U: we talked about it, it’s just weird... | U: just normal stuff outside, I don’t know",normal,low,0.35,public,5,no,0.77
5a2bcc43-8c38-406e-b3f1-03c8489c34aa,"U: it wasn’t serious | U: we talked about it | A: Can you explain a bit more? | U: it was a bit tense, I’m not sure",normal,low,0.25,unknown,3,no,0.88
12cb4a83-bf8f-428b-8654-0ff0fdac235b,"U: things are fine now, I’m not sure... | U: we had a disagreement, I’m not sure | U: just normal stuff with my family, maybe I’m overthinking",normal,low,0.25,family,3,no,0.86
93058d86-cda8-4c6a-9774-b725268d8db8,U: it wasn’t serious | U: it was a bit tense | A: Can you explain a bit more? | U: we talked about it | A: What happened next? | U: we had a disagreement,normal,low,0.3,unknown,4,no,0.84
20092414-143d-40f4-86d4-452f325e0699,"U: things are fine now, I’m not sure | A: What happened next? | U: we had a disagreement with my partner, maybe I’m overthinking | A: I'm listening. | U: it was a bit tense with my partner, it’s just weird",normal,low,0.25,relationship,3,no,0.89
e7b09e6f-ffd8-45bb-990a-d5e36d2ca445,"U: just normal stuff in the house | A: What happened next? | U: things are fine now, maybe I’m overthinking | A: I'm listening. | U: it was a bit tense in the house, I tried to ignore it",normal,low,0.25,domestic,3,no,0.76
64415a56-13d5-4c58-a8d3-53cfcfd1815d,"U: it wasn’t serious with my family, it’s just weird | U: things are fine now with my family, I don’t know | U: just normal stuff, i don’t know | A: What happened next? | U: we talked about it",normal,low,0.3,family,4,no,0.88
00aa1326-cf21-40bf-9382-b3e1d3c1c124,"U: things are fine now, I tried to ignore it | A: I'm listening. | U: we had a disagreement | A: I'm listening. | U: we talked about it with my partner | A: Can you explain a bit more? | U: just normal stuff with my partner",normal,low,0.3,relationship,4,no,0.92
61553fa4-bd38-43f0-be4e-26e33d793cee,U: things are fine now with my family | U: we talked about it | A: I'm listening. | U: it was a bit tense with my family | A: What happened next? | U: it wasn’t serious,normal,low,0.3,family,4,no,0.94
0d53bafc-798d-4253-a547-4bcd82239659,"U: we talked about it, I’m not sure | A: Can you explain a bit more? | U: things are fine now, I tried to ignore it | A: Can you explain a bit more? | U: just normal stuff with my family, maybe I’m overthinking",normal,low,0.25,family,3,no,0.9
786db900-fdba-4e16-bb7f-34f3badbaf21,"U: it was a bit tense at home | A: I'm listening. | U: things are fine now | U: just normal stuff at home, maybe I’m overthinking",normal,low,0.25,domestic,3,no,0.95
8bd2b56b-2820-4dd8-b948-5d6047cd024b,U: it wasn’t serious with my family... | U: we talked about it with my family... | A: I'm listening. | U: things are fine now | U: just normal stuff,normal,low,0.3,family,4,no,0.78
24befd6b-ae0a-43e0-b25c-039a94d29fc0,U: things are fine now in the house | A: I'm listening. | U: it wasn’t serious | U: we talked about it | A: I'm listening. | U: we had a disagreement,normal,low,0.3,domestic,4,no,0.82
e67a425f-ec9b-43de-a7a8-8941623428e8,"U: things are fine now | U: just normal stuff, it’s just weird | A: What happened next? | U: it was a bit tense... | U: we had a disagreement | U: it wasn’t serious",normal,low,0.35,unknown,5,no,0.8
1680612f-5f65-49e6-b73e-e84a649c4de5,"U: just normal stuff | A: What happened next? | U: it was a bit tense | U: things are fine now | A: I'm listening. | U: it wasn’t serious | U: we had a disagreement at home | A: What happened next? | U: we talked about it, I don’t know",normal,low,0.4,domestic,6,no,0.94
afe06f13-99c7-48ef-8fe8-71f76f5759c0,"U: it was a bit tense | A: What happened next? | U: just normal stuff outside, it’s just weird | U: we talked about it | A: I'm listening. | U: things are fine now",normal,low,0.3,public,4,no,0.88
afcb24c9-7808-47dd-bc98-9673d74b72c1,"U: it was a bit tense | U: just normal stuff in the house, i tried to ignore it | A: I'm listening. | U: things are fine now...",normal,low,0.25,domestic,3,no,0.88
b3b257c7-d1d3-4451-8d19-ff3a2e155a5f,"U: we had a disagreement with my partner | A: What happened next? | U: things are fine now, I’m not sure... | A: What happened next? | U: just normal stuff with my partner | A: I'm listening. | U: it wasn’t serious, I don’t know | A: I'm listening. | U: it was a bit tense | A: What happened next? | U: we talked about it...",normal,low,0.4,relationship,6,no,0.82
3298ba1e-c62a-4718-9093-e14acb9aa634,"U: things are fine now | A: I'm listening. | U: it wasn’t serious, I’m not sure... | U: it was a bit tense, maybe I’m overthinking | U: just normal stuff, maybe i’m overthinking | U: we had a disagreement | A: I'm listening. | U: we talked about it, I tried to ignore it",normal,low,0.4,unknown,6,no,0.76
f03cf698-05bc-4061-b74d-aceb8c46460f,"U: we had a disagreement | A: What happened next? | U: it was a bit tense... | U: things are fine now, I’m not sure | A: Can you explain a bit more? | U: just normal stuff, maybe I’m overthinking... | A: Can you explain a bit more? | U: it wasn’t serious",normal,low,0.35,unknown,5,no,0.91
26f245fd-9c1b-46ae-8b83-8e9d59836e27,"U: things are fine now | U: we talked about it at home, i tried to ignore it | A: What happened next? | U: we had a disagreement at home, I don’t know | A: I'm listening. | U: it was a bit tense at home, maybe i’m overthinking | U: just normal stuff... | A: Can you explain a bit more? | U: it wasn’t serious, maybe I’m overthinking",normal,low,0.4,domestic,6,no,0.95
3361ca44-ba46-4dd0-9d11-101fb9121323,"U: just normal stuff in public, I don’t know | A: I'm listening. | U: things are fine now in public | A: Can you explain a bit more? | U: we talked about it | A: I'm listening. | U: it was a bit tense in public | A: I'm listening. | U: we had a disagreement",normal,low,0.35,public,5,no,0.88
41732748-52a0-44ba-94f7-3aa746800283,"U: it was a bit tense, I don’t know | A: Can you explain a bit more? | U: we had a disagreement | A: I'm listening. | U: it wasn’t serious, I tried to ignore it",normal,low,0.25,public,3,no,0.85
c8342f64-6e1b-467c-be6a-881a9e0d3154,"U: things are fine now, I don’t know | A: What happened next? | U: it wasn’t serious, I’m not sure | A: What happened next? | U: just normal stuff with my partner | A: Can you explain a bit more? | U: we had a disagreement, I’m not sure | A: What happened next? | U: we talked about it with my partner",normal,low,0.35,relationship,5,no,0.87
c0aff9de-7a44-4451-86fe-cb8534854b79,"U: it wasn’t serious, it’s just weird... | U: it was a bit tense | U: we had a disagreement | A: Can you explain a bit more? | U: just normal stuff...",normal,low,0.3,unknown,4,no,0.86
ebf1b011-58e7-4980-a593-1532ea6cc327,"U: we talked about it with my partner | A: Can you explain a bit more? | U: it was a bit tense, maybe I’m overthinking | U: it wasn’t serious, I tried to ignore it... | U: we had a disagreement with my partner",normal,low,0.3,relationship,4,no,0.82
e7779ce0-5164-4ff5-8912-f8be3ba5772b,"U: things are fine now, maybe I’m overthinking | A: What happened next? | U: just normal stuff with my family | A: Can you explain a bit more? | U: we talked about it with my family, I don’t know | A: What happened next? | U: we had a disagreement with my family",normal,low,0.3,family,4,no,0.78
bc65c880-f614-40b9-ac4e-084fb86e3082,"U: it wasn’t serious | A: I'm listening. | U: things are fine now, I tried to ignore it | A: What happened next? | U: we talked about it at home, maybe I’m overthinking | U: we had a disagreement...",normal,low,0.3,domestic,4,no,0.88
9d621553-5cbb-44df-b740-a5d6667e07dc,"U: things are fine now | U: we talked about it, maybe I’m overthinking... | A: What happened next? | U: it wasn’t serious in public | U: we had a disagreement, i don’t know | A: I'm listening. | U: it was a bit tense, I don’t know | U: just normal stuff in public, i tried to ignore it",normal,low,0.4,public,6,no,0.91
9e1ebce9-68c2-4d97-bd89-3a1978a95510,U: we talked about it | A: I'm listening. | U: it wasn’t serious | A: What happened next? | U: we had a disagreement with my family... | A: What happened next? | U: just normal stuff,normal,low,0.3,family,4,no,0.83
f977329f-b2fc-4ba7-a418-fb29efb1cdd9,"U: things are fine now with my partner | U: we talked about it, I don’t know | U: just normal stuff, it’s just weird | U: we had a disagreement | A: I'm listening. | U: it wasn’t serious, it’s just weird...",normal,low,0.35,relationship,5,no,0.95
c047b6cb-0b0e-4830-8952-f1499a652455,"U: we talked about it with my family, I tried to ignore it | U: it was a bit tense, I tried to ignore it | A: I'm listening. | U: just normal stuff | A: What happened next? | U: things are fine now with my family... | A: What happened next? | U: we had a disagreement with my family",normal,low,0.35,family,5,no,0.87
9777f0ab-8c52-45a8-b86a-55a7100582b7,"U: things are fine now, I tried to ignore it | A: I'm listening. | U: it was a bit tense with my family | A: What happened next? | U: it wasn’t serious | A: What happened next? | U: we had a disagreement | A: I'm listening. | U: we talked about it with my family",normal,low,0.35,family,5,no,0.93
eb7873ff-a065-4241-af4d-2f64931cb4aa,"U: we had a disagreement with my partner, maybe I’m overthinking | A: I'm listening. | U: it was a bit tense with my partner | A: I'm listening. | U: we talked about it with my partner, I don’t know | A: What happened next? | U: it wasn’t serious with my partner, it’s just weird | A: I'm listening. | U: things are fine now with my partner, I don’t know | A: Can you explain a bit more? | U: just normal stuff, I tried to ignore it",normal,low,0.4,relationship,6,no,0.88
7dfddb1a-6794-4f82-afa8-d102fb56ebc0,"U: we talked about it | A: I'm listening. | U: just normal stuff | A: Can you explain a bit more? | U: it wasn’t serious, I’m not sure | A: Can you explain a bit more? | U: it was a bit tense | U: we had a disagreement in public",normal,low,0.35,public,5,no,0.76
52bbd167-ff8e-4a92-8079-27805fc16843,"U: it was a bit tense with my partner, I’m not sure | A: Can you explain a bit more? | U: just normal stuff... | A: What happened next? | U: we had a disagreement | A: I'm listening. | U: it wasn’t serious, I tried to ignore it",normal,low,0.3,relationship,4,no,0.9
50dd0ac7-4fb3-4d2a-9ecb-ff3eed7e5450,"U: we talked about it | A: I'm listening. | U: things are fine now, maybe i’m overthinking | A: I'm listening. | U: we had a disagreement outside, I’m not sure | A: What happened next? | U: just normal stuff outside, it’s just weird | A: What happened next? | U: it was a bit tense outside, it’s just weird | A: What happened next? | U: it wasn’t serious outside, I don’t know",normal,low,0.4,public,6,no,0.9
130ea260-da6a-4ee9-9db9-3e4315bf1ebc,"U: we had a disagreement with my family, I don’t know | U: just normal stuff | U: it was a bit tense, it’s just weird | U: things are fine now with my family, I don’t know",normal,low,0.3,family,4,no,0.76
ff1627e4-974a-44ea-8da6-00510d0e35fd,"U: just normal stuff in the house | A: Can you explain a bit more? | U: it wasn’t serious in the house | U: we talked about it, I’m not sure | A: I'm listening. | U: it was a bit tense in the house... | A: I'm listening. | U: we had a disagreement in the house | A: I'm listening. | U: things are fine now, i’m not sure",normal,low,0.4,domestic,6,no,0.89
08d7d55b-078b-4a8c-932e-955408397882,"U: we talked about it, I tried to ignore it | U: we had a disagreement with my partner... | A: What happened next? | U: it wasn’t serious with my partner, I tried to ignore it | U: just normal stuff with my partner | A: What happened next? | U: things are fine now",normal,low,0.35,relationship,5,no,0.84
09442216-17ea-4277-9183-8832ce6c16d7,"U: it wasn’t serious | U: things are fine now | A: Can you explain a bit more? | U: it was a bit tense with my partner, i tried to ignore it | U: just normal stuff | U: we had a disagreement with my partner, maybe I’m overthinking | A: I'm listening. | U: we talked about it, it’s just weird",normal,low,0.4,relationship,6,no,0.88
6b6345d6-062c-4c10-8711-bb26d27a80da,"U: things are fine now with my partner | A: Can you explain a bit more? | U: we talked about it with my partner, it’s just weird | A: Can you explain a bit more? | U: it was a bit tense with my partner | A: Can you explain a bit more? | U: just normal stuff",normal,low,0.3,relationship,4,no,0.75
3471fccf-61ca-41c9-8520-7d590637db33,"U: things are fine now, maybe I’m overthinking | A: Can you explain a bit more? | U: it wasn’t serious | U: just normal stuff | A: Can you explain a bit more? | U: we had a disagreement, I’m not sure | A: What happened next? | U: it was a bit tense, maybe i’m overthinking",normal,low,0.35,unknown,5,no,0.86
2c98dd1c-ca1e-493b-9857-4e4114aa3d66,"U: things are fine now in the house | A: Can you explain a bit more? | U: we talked about it in the house | A: What happened next? | U: it was a bit tense, i tried to ignore it",normal,low,0.25,domestic,3,no,0.77
52e9da11-ce86-4164-91c1-d0b70f2f1b8e,"U: it was a bit tense... | A: What happened next? | U: just normal stuff, it’s just weird... | U: it wasn’t serious",normal,low,0.25,unknown,3,no,0.77
1b52f94e-bad6-4a8f-b069-2233d8fbf5ea,"U: we talked about it in public, I tried to ignore it | A: I'm listening. | U: it wasn’t serious in public, i tried to ignore it | A: Can you explain a bit more? | U: it was a bit tense in public, maybe I’m overthinking | A: What happened next? | U: just normal stuff in public, it’s just weird...",normal,low,0.3,public,4,no,0.87
4f89c773-6696-4927-9048-bd541b2789f8,"U: it wasn’t serious | U: we talked about it in public, I’m not sure | A: What happened next? | U: it was a bit tense | A: I'm listening. | U: we had a disagreement, i’m not sure... | A: I'm listening. | U: things are fine now, I don’t know",normal,low,0.35,public,5,no,0.9
54592a71-1c41-472d-8509-2941054148e4,"U: it wasn’t serious | A: What happened next? | U: we had a disagreement | U: it was a bit tense, it’s just weird | U: we talked about it, I don’t know",normal,low,0.3,unknown,4,no,0.82
1b032853-d44c-478c-ae83-1b2b2a48583d,"U: we talked about it at home... | U: it was a bit tense | A: What happened next? | U: things are fine now at home | U: just normal stuff, i’m not sure",normal,low,0.3,domestic,4,no,0.86
4984e863-a6b4-41b5-a632-772bc67b5412,"U: we talked about it outside, I’m not sure | U: we had a disagreement | U: it wasn’t serious outside",normal,low,0.25,public,3,no,0.84
fb3ac7aa-92da-4fb7-bca3-2a556455f1ab,"U: things are fine now, I’m not sure | U: it wasn’t serious | A: Can you explain a bit more? | U: we had a disagreement | U: we talked about it | U: it was a bit tense",normal,low,0.35,unknown,5,no,0.93
3311f79e-06a8-49dc-8e56-c7bd4cadba38,U: it wasn’t serious | A: What happened next? | U: things are fine now | A: What happened next? | U: it was a bit tense | U: we talked about it...,normal,low,0.3,unknown,4,no,0.87
48036b8d-5556-447c-9fdd-3c431eafde14,"U: just normal stuff | U: it wasn’t serious with my family | A: What happened next? | U: it was a bit tense | A: What happened next? | U: we talked about it with my family, i don’t know",normal,low,0.3,family,4,no,0.77
7b274544-63ec-4b74-9021-ecca2651296b,"U: things are fine now, i don’t know | A: What happened next? | U: it wasn’t serious at home | A: I'm listening. | U: we had a disagreement at home | A: What happened next? | U: we talked about it at home | A: Can you explain a bit more? | U: just normal stuff at home",normal,low,0.35,domestic,5,no,0.81
337f273e-ba54-4785-b7d1-7d6c18c8e009,"U: we had a disagreement, I’m not sure | A: I'm listening. | U: things are fine now, it’s just weird | U: it wasn’t serious with my family | A: What happened next? | U: just normal stuff, I’m not sure",normal,low,0.3,family,4,no,0.85
0531f199-fd25-45af-87cc-5d7199bc6dda,"U: it was a bit tense | U: just normal stuff with my family, I don’t know | U: we had a disagreement | A: Can you explain a bit more? | U: we talked about it | A: What happened next? | U: it wasn’t serious with my family, I tried to ignore it | A: What happened next? | U: things are fine now, it’s just weird",normal,low,0.4,family,6,no,0.83
90343628-4de6-4589-83ab-2a7434c14d16,"U: we had a disagreement, I’m not sure | A: What happened next? | U: things are fine now with my partner | A: What happened next? | U: it wasn’t serious...",normal,low,0.25,relationship,3,no,0.8
6e075f2c-02cb-4259-ac5b-554a313cc248,"U: it was a bit tense, i tried to ignore it | A: Can you explain a bit more? | U: just normal stuff with my partner... | A: Can you explain a bit more? | U: things are fine now with my partner, it’s just weird",normal,low,0.25,relationship,3,no,0.87
bfc91599-b7ce-4ca4-abb1-36abe86fa6da,U: just normal stuff | U: it was a bit tense | A: Can you explain a bit more? | U: we had a disagreement,normal,low,0.25,unknown,3,no,0.9
00b2fdfd-ee03-4d1c-aa28-99d62e1c7134,"U: just normal stuff with my family | U: it was a bit tense with my family... | A: What happened next? | U: we had a disagreement with my family | A: I'm listening. | U: we talked about it | A: I'm listening. | U: things are fine now, maybe I’m overthinking",normal,low,0.35,family,5,no,0.78
882b804d-9541-4473-8736-e6fb85d5cd30,"U: things are fine now, it’s just weird | A: What happened next? | U: it was a bit tense, maybe I’m overthinking | U: it wasn’t serious | A: Can you explain a bit more? | U: we had a disagreement, I tried to ignore it | A: I'm listening. | U: we talked about it",normal,low,0.35,family,5,no,0.77
cb1354d6-9f2f-43d5-bb02-8a84fc414818,"U: just normal stuff | U: we talked about it at home | A: I'm listening. | U: we had a disagreement, I tried to ignore it | U: it wasn’t serious at home, i don’t know | A: Can you explain a bit more? | U: it was a bit tense",normal,low,0.35,domestic,5,no,0.81
6e4d44c9-45a5-44a5-b3dc-31d25baa3def,U: we had a disagreement | A: Can you explain a bit more? | U: things are fine now | A: Can you explain a bit more? | U: we talked about it with my partner... | A: What happened next? | U: it was a bit tense,normal,low,0.3,relationship,4,no,0.85
b179083f-0dc8-4893-af6a-15babaaaa3cd,"U: we talked about it, maybe i’m overthinking... | U: things are fine now with my family, maybe I’m overthinking... | U: it was a bit tense, it’s just weird | U: it wasn’t serious with my family... | A: Can you explain a bit more? | U: we had a disagreement",normal,low,0.35,family,5,no,0.86
8acaa382-3024-4e5d-ade0-21cbcae6d529,"U: just normal stuff | U: it was a bit tense, maybe I’m overthinking | A: What happened next? | U: things are fine now | A: What happened next? | U: we had a disagreement, maybe I’m overthinking | U: it wasn’t serious",normal,low,0.35,unknown,5,no,0.94
170d03d0-11f8-40bd-b879-f3c5ae5e51f1,"U: things are fine now in public | U: we talked about it | A: I'm listening. | U: it was a bit tense in public | A: What happened next? | U: it wasn’t serious, i tried to ignore it | U: just normal stuff in public | A: What happened next? | U: we had a disagreement",normal,low,0.4,public,6,no,0.95
c5fc30f2-05ba-42aa-890f-354331b92913,"U: just normal stuff outside | A: I'm listening. | U: things are fine now... | A: Can you explain a bit more? | U: it was a bit tense... | A: I'm listening. | U: it wasn’t serious, maybe I’m overthinking | A: I'm listening. | U: we had a disagreement outside",normal,low,0.35,public,5,no,0.88
986a8b13-8a15-4c4d-9121-56a1832c3cf1,"U: it wasn’t serious in public | A: I'm listening. | U: it was a bit tense | A: Can you explain a bit more? | U: things are fine now, I’m not sure | A: What happened next? | U: we talked about it | A: Can you explain a bit more? | U: just normal stuff in public | A: Can you explain a bit more? | U: we had a disagreement in public",normal,low,0.4,public,6,no,0.88
545f32f3-3209-48fc-8ee1-d8055bac7fa3,"U: it was a bit tense, maybe I’m overthinking | U: it wasn’t serious | U: we had a disagreement",normal,low,0.25,unknown,3,no,0.87
a6e2b504-1938-47f4-bb51-69ed3d01d103,"U: we talked about it with my partner | U: things are fine now | A: Can you explain a bit more? | U: just normal stuff | A: Can you explain a bit more? | U: it was a bit tense, I don’t know | A: I'm listening. | U: it wasn’t serious, maybe I’m overthinking | A: What happened next? | U: we had a disagreement, I tried to ignore it",normal,low,0.4,relationship,6,no,0.91
db0a7d89-b9d8-4331-a718-deda5d2b14e7,"U: things are fine now, maybe I’m overthinking | A: I'm listening. | U: it was a bit tense | A: What happened next? | U: it wasn’t serious, I don’t know | A: I'm listening. | U: we talked about it | A: What happened next? | U: we had a disagreement with my partner, I don’t know | A: Can you explain a bit more? | U: just normal stuff, I tried to ignore it",normal,low,0.4,relationship,6,no,0.84
fcaa8e0d-6fae-4b95-b8f1-089911ef16c3,"U: it wasn’t serious at home | A: Can you explain a bit more? | U: it was a bit tense | A: I'm listening. | U: we talked about it, it’s just weird",normal,low,0.25,domestic,3,no,0.79
32b63326-e226-44ce-9097-81d95611a963,"U: it was a bit tense, I tried to ignore it... | A: What happened next? | U: just normal stuff, it’s just weird | A: I'm listening. | U: we had a disagreement, it’s just weird | A: What happened next? | U: we talked about it | U: things are fine now, it’s just weird...",normal,low,0.35,unknown,5,no,0.87
67140eb6-d024-4014-9742-b59619459b2e,"U: it wasn’t serious, I tried to ignore it | A: Can you explain a bit more? | U: just normal stuff, it’s just weird | A: What happened next? | U: we talked about it | A: What happened next? | U: things are fine now with my family | A: Can you explain a bit more? | U: it was a bit tense with my family, maybe i’m overthinking | A: Can you explain a bit more? | U: we had a disagreement",normal,low,0.4,family,6,no,0.87
5515f7bc-75f1-45d1-a7a6-293352bb942d,U: just normal stuff | A: I'm listening. | U: we talked about it | A: Can you explain a bit more? | U: it wasn’t serious outside,normal,low,0.25,public,3,no,0.82
4ebb2de6-0319-4291-8d9a-0eb8011ca6f3,"U: we talked about it | A: Can you explain a bit more? | U: it wasn’t serious in public... | A: What happened next? | U: we had a disagreement, maybe I’m overthinking | A: Can you explain a bit more? | U: just normal stuff",normal,low,0.3,public,4,no,0.9
674d91fd-07c1-49e5-b18f-21498eebf884,"U: things are fine now | A: Can you explain a bit more? | U: it was a bit tense in public | A: What happened next? | U: we had a disagreement, maybe I’m overthinking | A: I'm listening. | U: just normal stuff, I tried to ignore it",normal,low,0.3,public,4,no,0.92
968dc44f-5d75-469b-8cfb-e99bb8fa0bf8,"U: we talked about it... | A: Can you explain a bit more? | U: it wasn’t serious at home | U: just normal stuff | A: Can you explain a bit more? | U: things are fine now, it’s just weird",normal,low,0.3,domestic,4,no,0.9
844a22cd-640e-4e7f-9cc9-71dbb123d9c7,"U: just normal stuff... | A: I'm listening. | U: it was a bit tense, it’s just weird | A: I'm listening. | U: we talked about it, i tried to ignore it",normal,low,0.25,unknown,3,no,0.76
f50a7bf9-0f45-4157-89d4-1f8a29bea75f,U: it was a bit tense... | A: I'm listening. | U: just normal stuff | A: What happened next? | U: things are fine now | A: Can you explain a bit more? | U: we talked about it,normal,low,0.3,unknown,4,no,0.93
f7c77216-c7a3-496e-ab49-5e985dc62c75,"U: we had a disagreement, I tried to ignore it | A: Can you explain a bit more? | U: we talked about it, maybe I’m overthinking | A: I'm listening. | U: it was a bit tense, I tried to ignore it... | A: What happened next? | U: it wasn’t serious",normal,low,0.3,relationship,4,no,0.89
dfb47b2f-1e47-4289-885c-4f0ba6579f8f,"U: things are fine now with my family, maybe I’m overthinking | U: it was a bit tense with my family, it’s just weird | A: I'm listening. | U: we talked about it | U: just normal stuff with my family, i tried to ignore it | A: What happened next? | U: it wasn’t serious with my family, it’s just weird | A: Can you explain a bit more? | U: we had a disagreement with my family, I tried to ignore it",normal,low,0.4,family,6,no,0.78
02627beb-8b15-4da2-9e75-e6e419f71766,"U: we had a disagreement with my partner, it’s just weird | A: Can you explain a bit more? | U: just normal stuff... | A: What happened next? | U: it wasn’t serious... | U: it was a bit tense... | A: I'm listening. | U: we talked about it, I don’t know",normal,low,0.35,relationship,5,no,0.76
05bcf5ca-90ce-4e4c-a953-8acde8b0de39,"U: it wasn’t serious, maybe I’m overthinking | U: just normal stuff in the house, it’s just weird | A: Can you explain a bit more? | U: things are fine now | U: it was a bit tense",normal,low,0.3,domestic,4,no,0.84
33f24c7d-7654-4562-9541-3aa7d9c0eb1f,U: it was a bit tense | A: What happened next? | U: we talked about it | A: I'm listening. | U: just normal stuff,normal,low,0.25,domestic,3,no,0.9
071caee7-6308-4127-8deb-6eae64a6aad4,"U: it wasn’t serious | A: What happened next? | U: just normal stuff in public... | A: What happened next? | U: we had a disagreement... | A: Can you explain a bit more? | U: we talked about it, i tried to ignore it... | A: Can you explain a bit more? | U: things are fine now in public",normal,low,0.35,public,5,no,0.79
17299043-9e2e-4ae8-b20f-adc56c2f2b7b,"U: it wasn’t serious, I tried to ignore it | A: Can you explain a bit more? | U: it was a bit tense, it’s just weird... | A: What happened next? | U: things are fine now | A: I'm listening. | U: we had a disagreement...",normal,low,0.3,relationship,4,no,0.78
d6540688-f002-4498-9482-24d93a1371dc,"U: things are fine now, i tried to ignore it | A: I'm listening. | U: just normal stuff with my partner | A: Can you explain a bit more? | U: it wasn’t serious | A: What happened next? | U: we had a disagreement | A: What happened next? | U: we talked about it with my partner, maybe I’m overthinking | A: What happened next? | U: it was a bit tense with my partner, i’m not sure",normal,low,0.4,relationship,6,no,0.81
a8d28fe8-d816-4323-a9c5-0b18d2f8139e,"U: it was a bit tense at home | A: I'm listening. | U: just normal stuff at home, I don’t know | A: I'm listening. | U: things are fine now... | A: What happened next? | U: it wasn’t serious | A: Can you explain a bit more? | U: we talked about it",normal,low,0.35,domestic,5,no,0.77
eb4c1aff-9a2e-482a-b137-0b999df12319,"U: it wasn’t serious, it’s just weird | A: What happened next? | U: things are fine now with my family | A: Can you explain a bit more? | U: we talked about it, maybe I’m overthinking",normal,low,0.25,family,3,no,0.85
017ddf80-a3d6-418d-906b-78fd8319fa6d,"U: it was a bit tense | A: What happened next? | U: we talked about it with my partner, maybe I’m overthinking... | A: Can you explain a bit more? | U: it wasn’t serious... | A: What happened next? | U: we had a disagreement...",normal,low,0.3,relationship,4,no,0.89
ec984ae2-778a-4dda-bc98-afd6d25211d5,"U: we had a disagreement with my family... | U: it was a bit tense with my family, it’s just weird | U: just normal stuff, maybe I’m overthinking | A: What happened next? | U: things are fine now... | A: What happened next? | U: we talked about it... | A: What happened next? | U: it wasn’t serious with my family",normal,low,0.4,family,6,no,0.78
f56c6382-0322-4d94-8f50-b00ef6e6052f,"U: it wasn’t serious with my family | A: What happened next? | U: we talked about it, I don’t know | A: What happened next? | U: we had a disagreement, I tried to ignore it | U: just normal stuff, I don’t know | A: What happened next? | U: it was a bit tense with my family, maybe I’m overthinking | U: things are fine now, I don’t know",normal,low,0.4,family,6,no,0.89
330c1e5b-a5c0-451d-8262-ddb2306639de,"U: it wasn’t serious, maybe i’m overthinking | A: I'm listening. | U: just normal stuff | A: What happened next? | U: things are fine now, i don’t know | A: Can you explain a bit more? | U: we talked about it | A: What happened next? | U: we had a disagreement, I don’t know",normal,low,0.35,unknown,5,no,0.84
2cfb8387-99cb-4323-b604-e18755f459ef,"U: things are fine now... | A: I'm listening. | U: we had a disagreement | U: it was a bit tense, i don’t know",normal,low,0.25,unknown,3,no,0.93
7cfda1f9-0dc0-4a34-943a-32d8fc5f19b3,U: just normal stuff | A: What happened next? | U: things are fine now | U: we had a disagreement,normal,low,0.25,relationship,3,no,0.81
f7e1c329-2d87-4b83-a295-90ae5d853809,"U: just normal stuff, I tried to ignore it... | U: we talked about it | A: Can you explain a bit more? | U: it was a bit tense with my partner | A: I'm listening. | U: we had a disagreement | A: I'm listening. | U: things are fine now",normal,low,0.35,relationship,5,no,0.92
c9b28b6f-4576-4562-8f5b-b59b32d99a2c,"U: just normal stuff... | U: things are fine now | A: Can you explain a bit more? | U: we talked about it | U: it was a bit tense, I tried to ignore it | U: we had a disagreement | A: I'm listening. | U: it wasn’t serious",normal,low,0.4,unknown,6,no,0.95
6dc4a6a7-5f4c-402b-8a09-305213fc70c7,U: we had a disagreement in the house | A: What happened next? | U: it wasn’t serious | U: we talked about it in the house | A: What happened next? | U: just normal stuff... | A: What happened next? | U: it was a bit tense | U: things are fine now in the house,normal,low,0.4,domestic,6,no,0.9
69e531b6-e2fe-4b1c-ab8f-a00f27dd274e,"U: it wasn’t serious with my partner | U: things are fine now, I don’t know | U: we talked about it with my partner, it’s just weird | A: I'm listening. | U: it was a bit tense with my partner | A: I'm listening. | U: just normal stuff with my partner",normal,low,0.35,relationship,5,no,0.93
1a8b1010-4d8a-4e77-a586-3d0fd30dda3e,"U: just normal stuff, I tried to ignore it | U: it was a bit tense, I tried to ignore it... | A: Can you explain a bit more? | U: it wasn’t serious, I don’t know | U: we talked about it, I don’t know | U: things are fine now | A: Can you explain a bit more? | U: we had a disagreement, maybe I’m overthinking",normal,low,0.4,unknown,6,no,0.79
511a90cb-7953-4e88-97df-4564e0e52ca1,"U: just normal stuff with my partner | A: I'm listening. | U: things are fine now with my partner, I’m not sure | U: we had a disagreement... | A: I'm listening. | U: it was a bit tense with my partner, it’s just weird | A: I'm listening. | U: it wasn’t serious",normal,low,0.35,relationship,5,no,0.82
d1ff80b6-7619-4f33-b731-be7961ce7bd1,"U: it wasn’t serious at home, I don’t know | U: just normal stuff | U: we had a disagreement | A: Can you explain a bit more? | U: things are fine now, i don’t know | U: it was a bit tense... | A: What happened next? | U: we talked about it, I’m not sure",normal,low,0.4,domestic,6,no,0.85
9aadb0f7-7d62-4233-a98a-338b11264528,"U: just normal stuff | A: Can you explain a bit more? | U: things are fine now, I don’t know | U: we talked about it",normal,low,0.25,unknown,3,no,0.89
877d72e7-2179-4c0f-af37-203277d863af,"U: we had a disagreement, I don’t know | A: What happened next? | U: things are fine now, I don’t know | A: Can you explain a bit more? | U: we talked about it | A: I'm listening. | U: it was a bit tense",normal,low,0.3,unknown,4,no,0.92
925f5bcf-827f-4d9e-b83b-447cd0ee4282,"U: it was a bit tense with my partner, maybe I’m overthinking | A: What happened next? | U: we talked about it, maybe i’m overthinking | U: just normal stuff, I don’t know",normal,low,0.25,relationship,3,no,0.86
606db72a-ab3b-43dc-9982-53b1357bea7c,"U: things are fine now with my partner | U: it wasn’t serious, it’s just weird | A: What happened next? | U: it was a bit tense... | A: I'm listening. | U: just normal stuff",normal,low,0.3,relationship,4,no,0.77
046aa5ce-2e6b-4ecf-bddb-0404c3ed41b7,"U: it was a bit tense in the house, I tried to ignore it | U: things are fine now | A: What happened next? | U: we had a disagreement in the house, i’m not sure | A: What happened next? | U: we talked about it | A: I'm listening. | U: it wasn’t serious, i’m not sure",normal,low,0.35,domestic,5,no,0.84
9b3fcc05-a8fc-49b2-b128-eb179b092d46,"U: it was a bit tense | A: I'm listening. | U: things are fine now, I’m not sure | A: I'm listening. | U: we talked about it, I’m not sure | A: What happened next? | U: just normal stuff, I tried to ignore it",normal,low,0.3,unknown,4,no,0.9
8be2ab24-1ead-41bc-b01f-3dbedb9b2024,"U: we had a disagreement | A: What happened next? | U: things are fine now | A: What happened next? | U: just normal stuff | A: I'm listening. | U: it was a bit tense... | A: Can you explain a bit more? | U: it wasn’t serious, maybe I’m overthinking",normal,low,0.35,unknown,5,no,0.92
c279cdd0-8a6d-4ad6-a300-5c329a416c1c,"U: we had a disagreement with my partner, i tried to ignore it | A: What happened next? | U: things are fine now | U: it wasn’t serious | A: What happened next? | U: we talked about it with my partner | U: just normal stuff...",normal,low,0.35,relationship,5,no,0.85
e2ab9416-bc3b-4bcb-844a-63914f066a62,"U: we talked about it | U: it was a bit tense... | A: What happened next? | U: we had a disagreement | A: I'm listening. | U: it wasn’t serious, maybe I’m overthinking | A: I'm listening. | U: just normal stuff",normal,low,0.35,unknown,5,no,0.76
e97fa69f-2436-49f6-b64a-2649041e3588,"U: just normal stuff, I don’t know... | A: I'm listening. | U: it wasn’t serious at home, I tried to ignore it | A: I'm listening. | U: it was a bit tense at home | A: What happened next? | U: things are fine now... | U: we talked about it at home",normal,low,0.35,domestic,5,no,0.85
b8e9c046-dfa1-4a9e-b033-418ff4b3fae4,"U: things are fine now, i tried to ignore it | A: I'm listening. | U: it wasn’t serious | A: Can you explain a bit more? | U: we talked about it | A: Can you explain a bit more? | U: just normal stuff, I don’t know... | U: we had a disagreement, maybe I’m overthinking",normal,low,0.35,unknown,5,no,0.94
9f889461-e1ed-4d47-bc21-0226a87f3913,"U: it wasn’t serious, it’s just weird | A: What happened next? | U: we talked about it... | U: things are fine now, i’m not sure",normal,low,0.25,domestic,3,no,0.9
0feadd56-3625-4d9d-b394-30564fc74a8d,U: just normal stuff | A: What happened next? | U: we talked about it | A: I'm listening. | U: it wasn’t serious,normal,low,0.25,relationship,3,no,0.75
fc888856-4125-4aa9-9a3b-f6615c3fba02,"U: it wasn’t serious, maybe I’m overthinking... | U: we had a disagreement... | U: we talked about it with my partner... | U: just normal stuff | A: What happened next? | U: it was a bit tense | A: What happened next? | U: things are fine now",normal,low,0.4,relationship,6,no,0.77
03f16404-b09b-413f-9b8f-9c8a2a756789,"U: just normal stuff, I don’t know | A: Can you explain a bit more? | U: it was a bit tense, maybe i’m overthinking | U: we had a disagreement, maybe i’m overthinking | U: it wasn’t serious, I’m not sure | U: things are fine now",normal,low,0.35,unknown,5,no,0.89
f92b8801-39c9-4e1c-b3a9-afbd5b6529bd,"U: it was a bit tense in the house... | U: just normal stuff in the house, maybe I’m overthinking | U: it wasn’t serious in the house, i tried to ignore it | A: I'm listening. | U: we had a disagreement in the house... | A: What happened next? | U: we talked about it in the house",normal,low,0.35,domestic,5,no,0.86
d6655446-f4ad-446b-ad10-2043c38807c9,"U: we had a disagreement with my partner | A: What happened next? | U: it wasn’t serious with my partner, it’s just weird | U: we talked about it | A: What happened next? | U: just normal stuff with my partner",normal,low,0.3,relationship,4,no,0.92
67f3f439-c047-4474-b52c-eed8ce652e98,"U: we talked about it | U: just normal stuff | U: we had a disagreement | A: I'm listening. | U: things are fine now... | A: I'm listening. | U: it wasn’t serious, I don’t know",normal,low,0.35,unknown,5,no,0.85
73b2f6e2-513f-4ab9-b969-a74484499f14,"U: we had a disagreement with my partner | A: Can you explain a bit more? | U: just normal stuff | U: we talked about it, maybe I’m overthinking",normal,low,0.25,relationship,3,no,0.87
85aad464-5689-4a36-80dd-f8dc331abea6,U: it wasn’t serious | U: just normal stuff | A: I'm listening. | U: things are fine now,normal,low,0.25,unknown,3,no,0.94
174fd2ef-3740-4e5e-9742-d12b0b3e7ad0,U: we had a disagreement | A: What happened next? | U: we talked about it | A: I'm listening. | U: it was a bit tense,normal,low,0.25,relationship,3,no,0.8
3a10d64e-9df3-4254-b316-47ff91d575a1,"U: things are fine now | U: we talked about it with my family, I don’t know | U: it wasn’t serious | A: What happened next? | U: we had a disagreement | U: it was a bit tense",normal,low,0.35,family,5,no,0.87
7e2268a0-702a-480a-9ff8-b26e2c3ace03,"U: it was a bit tense in public | U: it wasn’t serious in public, maybe I’m overthinking | A: Can you explain a bit more? | U: we had a disagreement in public, I tried to ignore it",normal,low,0.25,public,3,no,0.92
4c7c5178-2304-4e01-96d3-541e890d35b2,"U: we talked about it | U: it was a bit tense at home | A: What happened next? | U: just normal stuff, I don’t know | A: Can you explain a bit more? | U: things are fine now at home, it’s just weird | A: I'm listening. | U: we had a disagreement at home | A: I'm listening. | U: it wasn’t serious",normal,low,0.4,domestic,6,no,0.9
02daa81e-f7eb-469e-9488-4d1f73691329,"U: it wasn’t serious with my partner | U: we had a disagreement | A: What happened next? | U: we talked about it with my partner, it’s just weird...",normal,low,0.25,relationship,3,no,0.8
69cd7972-c9dc-4b21-aec9-53bb61d531bb,"U: it was a bit tense | A: I'm listening. | U: we had a disagreement with my partner, it’s just weird | U: things are fine now | U: it wasn’t serious | U: just normal stuff | A: I'm listening. | U: we talked about it with my partner",normal,low,0.4,relationship,6,no,0.77
d8ea89bd-e49b-45ce-b69a-fd5cb089d53c,"U: just normal stuff | U: things are fine now with my partner, maybe i’m overthinking | U: we talked about it, I don’t know | U: it was a bit tense... | A: I'm listening. | U: it wasn’t serious with my partner | A: Can you explain a bit more? | U: we had a disagreement",normal,low,0.4,relationship,6,no,0.92
869accd8-a72f-451c-943b-6c77c57483d1,"U: it was a bit tense, I don’t know... | A: What happened next? | U: things are fine now with my partner, I don’t know | A: I'm listening. | U: just normal stuff",normal,low,0.25,relationship,3,no,0.78
1ab3765e-8eca-49f3-963f-65c61e410fe5,"U: things are fine now, I don’t know | A: What happened next? | U: we had a disagreement | A: What happened next? | U: it was a bit tense, I’m not sure",normal,low,0.25,domestic,3,no,0.91
2a559a00-0f72-45b1-8ce9-ab63f2d2ef30,"U: just normal stuff with my family | A: What happened next? | U: it wasn’t serious with my family | A: Can you explain a bit more? | U: we had a disagreement with my family... | A: What happened next? | U: things are fine now with my family | A: Can you explain a bit more? | U: it was a bit tense, i’m not sure... | U: we talked about it",normal,low,0.4,family,6,no,0.84
aec26f2f-f98f-4163-a638-93021a63beae,"U: things are fine now with my family, maybe I’m overthinking... | A: What happened next? | U: we talked about it, it’s just weird | A: Can you explain a bit more? | U: just normal stuff | A: What happened next? | U: it was a bit tense | A: Can you explain a bit more? | U: it wasn’t serious",normal,low,0.35,family,5,no,0.88
a6638bbb-9317-4c5b-abcd-80bd6c120e9d,"U: we talked about it... | A: What happened next? | U: it was a bit tense, it’s just weird | A: I'm listening. | U: just normal stuff at home, I don’t know",normal,low,0.25,domestic,3,no,0.84
f5a9aa3f-6702-4722-8b27-2c36b9fa09c3,"U: things are fine now at home | U: we talked about it, I don’t know | U: we had a disagreement, it’s just weird | U: it was a bit tense at home | A: Can you explain a bit more? | U: it wasn’t serious, I don’t know | A: What happened next? | U: just normal stuff",normal,low,0.4,domestic,6,no,0.95
1d94639b-fd49-40de-aef7-97c8c075bc49,"U: just normal stuff | A: Can you explain a bit more? | U: it was a bit tense, maybe I’m overthinking | A: Can you explain a bit more? | U: we talked about it",normal,low,0.25,public,3,no,0.9
1a4ff157-e2bb-4bff-b970-d4000e281659,"U: we talked about it, it’s just weird | A: What happened next? | U: just normal stuff with my partner | A: I'm listening. | U: it wasn’t serious, it’s just weird",normal,low,0.25,relationship,3,no,0.87
eb741f96-7f85-4216-b543-328291e3b611,"U: we talked about it with my partner, maybe I’m overthinking | A: Can you explain a bit more? | U: it was a bit tense with my partner, maybe I’m overthinking | A: I'm listening. | U: it wasn’t serious | U: just normal stuff, it’s just weird",normal,low,0.3,relationship,4,no,0.79
7fc68cf7-ff32-4506-abb1-3daf6febe116,"U: it wasn’t serious... | A: Can you explain a bit more? | U: we talked about it in the house, I tried to ignore it | A: What happened next? | U: we had a disagreement in the house | A: I'm listening. | U: things are fine now, it’s just weird | A: I'm listening. | U: it was a bit tense",normal,low,0.35,domestic,5,no,0.82
891d37be-1d31-4b04-925f-d80ab4ae26eb,"U: we had a disagreement with my partner, I’m not sure... | A: Can you explain a bit more? | U: things are fine now with my partner | U: we talked about it | A: What happened next? | U: it wasn’t serious | A: I'm listening. | U: it was a bit tense with my partner",normal,low,0.35,relationship,5,no,0.81
1ff301bf-fce7-45f4-ae67-67ecf777b756,"U: it wasn’t serious, i’m not sure | U: it was a bit tense in the house | A: What happened next? | U: just normal stuff | U: things are fine now, i don’t know",normal,low,0.3,domestic,4,no,0.81
8245ca1e-dc8d-4140-93bb-0f771834d539,"U: it wasn’t serious, I tried to ignore it | A: I'm listening. | U: it was a bit tense... | A: I'm listening. | U: we had a disagreement at home",normal,low,0.25,domestic,3,no,0.76
4c328c4d-99ac-4385-a352-db5c791b8f1b,U: it was a bit tense | A: I'm listening. | U: we talked about it | U: it wasn’t serious,normal,low,0.25,domestic,3,no,0.94
4e80e93f-1ddd-48d9-9c47-02009cb0cb5e,"U: we had a disagreement, maybe I’m overthinking | A: What happened next? | U: just normal stuff, I don’t know | A: Can you explain a bit more? | U: it was a bit tense... | U: it wasn’t serious, it’s just weird | A: Can you explain a bit more? | U: things are fine now",normal,low,0.35,unknown,5,no,0.9
c330e084-c122-4de5-b5be-a959d3e7102a,U: just normal stuff in public | A: I'm listening. | U: it wasn’t serious in public | U: we talked about it in public,normal,low,0.25,public,3,no,0.85
036fa318-6a90-4060-98e5-5e609e361a91,"U: we had a disagreement in public, I’m not sure | A: I'm listening. | U: things are fine now... | A: I'm listening. | U: it wasn’t serious in public, I tried to ignore it | A: What happened next? | U: we talked about it, it’s just weird",normal,low,0.3,public,4,no,0.86
2a29dcc1-2fdf-4119-a466-f1716398da4b,"U: just normal stuff | A: What happened next? | U: it wasn’t serious | A: I'm listening. | U: we had a disagreement | A: I'm listening. | U: things are fine now... | U: it was a bit tense | A: What happened next? | U: we talked about it, maybe I’m overthinking",normal,low,0.4,unknown,6,no,0.87
f2605273-b858-49d2-a2da-f3170a0d9026,"U: it wasn’t serious | U: it was a bit tense | A: I'm listening. | U: just normal stuff with my family, I tried to ignore it | A: What happened next? | U: things are fine now with my family, it’s just weird",normal,low,0.3,family,4,no,0.84
e20deeae-4302-4f94-89ea-9e9ab3aad826,"U: it was a bit tense | A: What happened next? | U: things are fine now | A: What happened next? | U: we had a disagreement | A: Can you explain a bit more? | U: we talked about it | A: Can you explain a bit more? | U: just normal stuff | U: it wasn’t serious, I tried to ignore it",normal,low,0.4,unknown,6,no,0.92
1adc2e64-b9c2-407f-b646-5a8f023e019c,"U: things are fine now with my family | A: What happened next? | U: it was a bit tense | U: we had a disagreement with my family | A: What happened next? | U: just normal stuff with my family | A: Can you explain a bit more? | U: it wasn’t serious, I tried to ignore it",normal,low,0.35,family,5,no,0.79
bbd17130-64ba-4437-a9da-59308d7c7b1c,"U: things are fine now | A: I'm listening. | U: just normal stuff, maybe I’m overthinking | U: it wasn’t serious, maybe i’m overthinking | U: we talked about it with my partner | U: it was a bit tense with my partner, maybe I’m overthinking",normal,low,0.35,relationship,5,no,0.88
ec07ee56-5365-4a81-8f54-7313c190f2ab,"U: we talked about it, I don’t know... | A: Can you explain a bit more? | U: things are fine now | U: it was a bit tense, maybe i’m overthinking",normal,low,0.25,unknown,3,no,0.89
99100425-5f7f-4e8c-8e7e-2bb84056c9e9,"U: we talked about it | A: What happened next? | U: it was a bit tense | U: things are fine now, I’m not sure | A: Can you explain a bit more? | U: we had a disagreement in the house | A: I'm listening. | U: just normal stuff in the house, I tried to ignore it | A: I'm listening. | U: it wasn’t serious in the house",normal,low,0.4,domestic,6,no,0.79
999a47e2-277b-44a6-9c3d-b618088a6673,"U: it wasn’t serious, maybe I’m overthinking | A: Can you explain a bit more? | U: we had a disagreement, i’m not sure | A: I'm listening. | U: we talked about it, I’m not sure",normal,low,0.25,unknown,3,no,0.93
4e75dc3d-6d93-4d0d-96b4-94b8d7c51750,"U: things are fine now, it’s just weird | A: I'm listening. | U: just normal stuff, I’m not sure | A: I'm listening. | U: we talked about it, maybe i’m overthinking | A: Can you explain a bit more? | U: it wasn’t serious | U: it was a bit tense",normal,low,0.35,unknown,5,no,0.75
23a5a4cd-7863-43fd-869c-e68bf0677bbe,U: we talked about it | U: just normal stuff | A: Can you explain a bit more? | U: it was a bit tense...,normal,low,0.25,unknown,3,no,0.78
1b6bf6a0-1c06-4781-9854-045c9cf5b2a5,"U: it was a bit tense | A: Can you explain a bit more? | U: it wasn’t serious with my family... | U: we had a disagreement, maybe I’m overthinking | U: we talked about it, I don’t know | U: just normal stuff",normal,low,0.35,family,5,no,0.77
432ba5ea-1b51-4b50-8e89-49d747dd6f00,"U: things are fine now with my family | A: I'm listening. | U: just normal stuff | A: I'm listening. | U: it wasn’t serious | U: we talked about it, I’m not sure | A: I'm listening. | U: we had a disagreement | A: I'm listening. | U: it was a bit tense with my family, I tried to ignore it...",normal,low,0.4,family,6,no,0.93
b7d3261f-2f2e-4ef2-a86a-b1ced8151e1f,"U: things are fine now in the house, maybe I’m overthinking | U: it was a bit tense in the house | A: Can you explain a bit more? | U: we talked about it in the house | A: What happened next? | U: we had a disagreement in the house, I tried to ignore it | U: just normal stuff",normal,low,0.35,domestic,5,no,0.81
9205429e-6a16-4686-aa2c-96389aa75072,"U: it was a bit tense | A: What happened next? | U: we talked about it, I tried to ignore it... | A: Can you explain a bit more? | U: things are fine now | A: Can you explain a bit more? | U: we had a disagreement, I tried to ignore it | A: Can you explain a bit more? | U: it wasn’t serious, i’m not sure",normal,low,0.35,domestic,5,no,0.77
b2c8cf5c-d43a-43ca-8cf3-1ec72b8c1ca2,"U: just normal stuff, I don’t know | A: Can you explain a bit more? | U: we talked about it... | A: I'm listening. | U: we had a disagreement",normal,low,0.25,unknown,3,no,0.9
f72d8f8b-9936-49c2-a876-cad561aafaba,U: it was a bit tense | A: I'm listening. | U: just normal stuff | U: it wasn’t serious,normal,low,0.25,domestic,3,no,0.8
dd32f3aa-4119-4621-8a6c-c1f8ef05cb71,"U: we talked about it, it’s just weird | A: Can you explain a bit more? | U: it was a bit tense | U: just normal stuff, maybe I’m overthinking",normal,low,0.25,unknown,3,no,0.78
2a4f0c19-5ae1-4ab6-8ec3-4bcec2155753,"U: just normal stuff, i’m not sure | A: I'm listening. | U: things are fine now with my partner... | U: it was a bit tense | U: we talked about it, it’s just weird | A: Can you explain a bit more? | U: it wasn’t serious, I’m not sure",normal,low,0.35,relationship,5,no,0.84
54579b8b-0063-4800-99fc-c082b414fd99,"U: it was a bit tense, I don’t know | A: I'm listening. | U: we had a disagreement | A: Can you explain a bit more? | U: it wasn’t serious at home | A: I'm listening. | U: we talked about it | A: What happened next? | U: things are fine now at home | U: just normal stuff",normal,low,0.4,domestic,6,no,0.82
c21e10de-d6b5-4a33-a4a9-7311a8c18c3e,"U: we talked about it outside, I’m not sure | U: it was a bit tense outside | A: Can you explain a bit more? | U: just normal stuff outside",normal,low,0.25,public,3,no,0.82
928854eb-367d-4e18-bc0e-45468e29152b,"U: things are fine now, I’m not sure... | U: it was a bit tense | A: I'm listening. | U: we talked about it | U: just normal stuff | A: Can you explain a bit more? | U: we had a disagreement | A: What happened next? | U: it wasn’t serious",normal,low,0.4,unknown,6,no,0.83
336855a9-0c29-4fbd-86a1-8c67b9dab75f,"U: it wasn’t serious, I’m not sure | A: I'm listening. | U: just normal stuff... | A: I'm listening. | U: we had a disagreement | A: What happened next? | U: things are fine now | A: What happened next? | U: we talked about it, it’s just weird",normal,low,0.35,unknown,5,no,0.8
a3af867a-361f-45d0-90c4-9d5eeccdbb81,"U: we talked about it | A: What happened next? | U: things are fine now, I tried to ignore it | A: Can you explain a bit more? | U: we had a disagreement | A: Can you explain a bit more? | U: just normal stuff | U: it wasn’t serious, I tried to ignore it... | U: it was a bit tense",normal,low,0.4,unknown,6,no,0.88
fadec61c-f4e3-46f8-924e-d74102527bb5,"U: it was a bit tense | U: it wasn’t serious | U: we had a disagreement with my family | A: I'm listening. | U: just normal stuff, maybe I’m overthinking... | U: we talked about it, I’m not sure | A: Can you explain a bit more? | U: things are fine now",normal,low,0.4,family,6,no,0.9
81e9278f-e841-4522-862f-8c0f38b2d07b,"U: just normal stuff | A: I'm listening. | U: it was a bit tense in the house, maybe I’m overthinking... | A: I'm listening. | U: it wasn’t serious in the house | U: things are fine now, I don’t know | U: we had a disagreement",normal,low,0.35,domestic,5,no,0.81
13719aa4-7515-478a-ac85-cd2e73d6879e,"U: just normal stuff, it’s just weird | A: What happened next? | U: it was a bit tense with my family, it’s just weird | U: it wasn’t serious, maybe I’m overthinking | A: I'm listening. | U: we talked about it with my family, i tried to ignore it",normal,low,0.3,family,4,no,0.76
4866094b-60b2-40af-93ce-bcd5d8521f1e,"U: it wasn’t serious | U: just normal stuff, maybe I’m overthinking | U: it was a bit tense in the house | A: I'm listening. | U: things are fine now",normal,low,0.3,domestic,4,no,0.86
91ea19fa-d371-46a8-8793-7ccfd405112a,"U: we had a disagreement, I’m not sure | A: I'm listening. | U: we talked about it, it’s just weird | A: I'm listening. | U: it wasn’t serious | U: it was a bit tense | A: What happened next? | U: just normal stuff, it’s just weird | A: I'm listening. | U: things are fine now, I tried to ignore it",normal,low,0.4,unknown,6,no,0.88
ca068fb5-e0e5-4176-af31-fad7170f2a6e,"U: it wasn’t serious with my family | A: Can you explain a bit more? | U: it was a bit tense | A: Can you explain a bit more? | U: we talked about it with my family | A: I'm listening. | U: things are fine now | U: we had a disagreement, maybe i’m overthinking",normal,low,0.35,family,5,no,0.82
8317422b-4281-4591-8190-620f705b385e,"U: we had a disagreement, I don’t know | U: just normal stuff with my partner, maybe I’m overthinking | A: I'm listening. | U: it was a bit tense with my partner",normal,low,0.25,relationship,3,no,0.84
af9a0424-2221-4eb1-90c9-d095f4893170,"U: just normal stuff with my partner, it’s just weird | A: I'm listening. | U: things are fine now | U: we talked about it with my partner",normal,low,0.25,relationship,3,no,0.86
f4025b90-b2ac-4912-a406-db17e28f9889,"U: we talked about it | U: it wasn’t serious, i’m not sure | A: I'm listening. | U: it was a bit tense, I don’t know... | A: I'm listening. | U: things are fine now | A: Can you explain a bit more? | U: just normal stuff with my family...",normal,low,0.35,family,5,no,0.77
fd3391e1-fe47-4351-94ff-c6e4ceb6a08b,"U: it wasn’t serious | A: Can you explain a bit more? | U: things are fine now | A: Can you explain a bit more? | U: just normal stuff | U: we talked about it, i tried to ignore it",normal,low,0.3,relationship,4,no,0.91
f308c4b8-086c-4ffd-807a-3ee5c4b4165a,"U: we had a disagreement with my family, I’m not sure | A: I'm listening. | U: it was a bit tense | A: Can you explain a bit more? | U: it wasn’t serious with my family, i don’t know | A: I'm listening. | U: things are fine now with my family",normal,low,0.3,family,4,no,0.94
20291ec8-d3b0-4ad7-b756-70c4d3da4468,U: we had a disagreement in the house | U: it wasn’t serious | A: I'm listening. | U: we talked about it...,normal,low,0.25,domestic,3,no,0.79
c4eb5407-c1b6-4699-8a6a-09837215452c,"U: it wasn’t serious | A: Can you explain a bit more? | U: we talked about it, maybe I’m overthinking | A: I'm listening. | U: just normal stuff with my family | U: things are fine now | U: we had a disagreement, maybe I’m overthinking | U: it was a bit tense with my family, I’m not sure",normal,low,0.4,family,6,no,0.84
c690ceb9-d5e6-4380-9013-992a1c693158,"U: just normal stuff, I don’t know... | A: Can you explain a bit more? | U: it wasn’t serious | A: Can you explain a bit more? | U: we had a disagreement, i’m not sure... | A: I'm listening. | U: it was a bit tense, i tried to ignore it | U: things are fine now with my partner | A: I'm listening. | U: we talked about it, maybe I’m overthinking",normal,low,0.4,relationship,6,no,0.81
c16c3b80-d9dc-4d98-8a53-fbf42dbad8e7,"U: it wasn’t serious, I tried to ignore it | U: we had a disagreement with my family, I don’t know | A: What happened next? | U: we talked about it | A: What happened next? | U: it was a bit tense with my family | U: things are fine now",normal,low,0.35,family,5,no,0.88
c9c5e72d-c801-42e8-a59b-34e94d5212bf,"U: we had a disagreement, I tried to ignore it | A: Can you explain a bit more? | U: things are fine now | A: Can you explain a bit more? | U: just normal stuff | U: we talked about it, i don’t know | A: I'm listening. | U: it was a bit tense",normal,low,0.35,unknown,5,no,0.86
c1e9ec26-17c2-4f62-a636-4f6ac4b7e870,"U: just normal stuff | A: What happened next? | U: it was a bit tense, I’m not sure | A: Can you explain a bit more? | U: things are fine now in public, I’m not sure | A: I'm listening. | U: it wasn’t serious | A: I'm listening. | U: we talked about it | A: I'm listening. | U: we had a disagreement, I tried to ignore it",normal,low,0.4,public,6,no,0.84
e4a2417f-4f39-4a2b-9498-e5bc76dc3b1c,U: things are fine now | A: What happened next? | U: just normal stuff in the house... | U: it was a bit tense | U: we had a disagreement in the house | U: we talked about it,normal,low,0.35,domestic,5,no,0.84
dd6fb8e9-a7cd-4ee3-a939-a93b6cc4163f,"U: it was a bit tense, maybe I’m overthinking | A: Can you explain a bit more? | U: things are fine now, I tried to ignore it | U: we talked about it | A: Can you explain a bit more? | U: we had a disagreement at home | U: it wasn’t serious | A: I'm listening. | U: just normal stuff",normal,low,0.4,domestic,6,no,0.84
a595c8fb-19fc-4297-81d0-2a6fc86e9599,"U: things are fine now | A: Can you explain a bit more? | U: it wasn’t serious, I’m not sure | A: Can you explain a bit more? | U: we had a disagreement...",normal,low,0.25,public,3,no,0.92
19c0d947-743c-44b3-8332-ec704fbd8008,"U: things are fine now, it’s just weird... | U: just normal stuff at home | A: What happened next? | U: it wasn’t serious | A: I'm listening. | U: it was a bit tense, I’m not sure | A: I'm listening. | U: we had a disagreement, I don’t know",normal,low,0.35,domestic,5,no,0.88
d1a797ca-3bc0-462d-9624-18b3d86256bc,"U: we talked about it, I don’t know | A: What happened next? | U: it was a bit tense in the house, I’m not sure | U: it wasn’t serious, I don’t know...",normal,low,0.25,domestic,3,no,0.78
eb03724d-d89a-4da3-92d4-b0fe922c0ed4,U: it wasn’t serious with my partner... | U: it was a bit tense with my partner | A: Can you explain a bit more? | U: we talked about it with my partner...,normal,low,0.25,relationship,3,no,0.77
b1322688-6a8f-4bc6-8cee-89e212a4b027,"U: just normal stuff... | A: What happened next? | U: it wasn’t serious, it’s just weird | U: things are fine now in public, I’m not sure | U: we talked about it",normal,low,0.3,public,4,no,0.9
7ad560b2-b87b-43e7-a87b-a3c7ffebb8f8,"U: it was a bit tense at home... | A: Can you explain a bit more? | U: things are fine now at home, I tried to ignore it | U: we talked about it, I don’t know",normal,low,0.25,domestic,3,no,0.78
90073dc4-79d8-495b-a826-598d4fcb5d21,"U: we talked about it | U: things are fine now... | U: it was a bit tense | A: What happened next? | U: just normal stuff, maybe I’m overthinking",normal,low,0.3,relationship,4,no,0.88
e091012e-5220-46c6-bdb6-feeb634fe477,"U: things are fine now outside, maybe I’m overthinking | A: Can you explain a bit more? | U: we talked about it | A: Can you explain a bit more? | U: we had a disagreement, it’s just weird",normal,low,0.25,public,3,no,0.95
32768651-dea6-4041-bd9e-493c39dafbe8,"U: things are fine now | U: just normal stuff | A: I'm listening. | U: it was a bit tense in public, i don’t know | U: it wasn’t serious | A: What happened next? | U: we talked about it | A: What happened next? | U: we had a disagreement in public",normal,low,0.4,public,6,no,0.9
1b47a0f7-6ff9-456d-af8a-378f8e90a299,"U: we talked about it with my partner | A: I'm listening. | U: things are fine now | A: What happened next? | U: just normal stuff with my partner... | A: Can you explain a bit more? | U: we had a disagreement... | U: it was a bit tense with my partner, it’s just weird | U: it wasn’t serious, I tried to ignore it",normal,low,0.4,relationship,6,no,0.77
e6dc2b69-131a-4e8d-b3c1-e405945245b8,"U: things are fine now with my partner, I tried to ignore it | A: What happened next? | U: we talked about it | A: What happened next? | U: we had a disagreement, I’m not sure | A: What happened next? | U: it was a bit tense, it’s just weird... | A: I'm listening. | U: just normal stuff with my partner... | A: What happened next? | U: it wasn’t serious, I’m not sure",normal,low,0.4,relationship,6,no,0.76
e4ab4e2e-5503-48f5-854a-cba5ceb588a5,"U: just normal stuff in the house... | A: I'm listening. | U: we talked about it | A: What happened next? | U: things are fine now | A: What happened next? | U: we had a disagreement | U: it wasn’t serious, maybe I’m overthinking... | A: Can you explain a bit more? | U: it was a bit tense",normal,low,0.4,domestic,6,no,0.81
863ff951-f333-4e38-b1f9-509baab0bfb2,U: we had a disagreement | U: just normal stuff at home | U: it wasn’t serious at home | U: we talked about it at home...,normal,low,0.3,domestic,4,no,0.85
3408e001-11c6-47f5-9be4-139399433b97,"U: things are fine now... | A: Can you explain a bit more? | U: it was a bit tense | A: Can you explain a bit more? | U: it wasn’t serious... | A: Can you explain a bit more? | U: just normal stuff, it’s just weird",normal,low,0.3,relationship,4,no,0.85
e66c935a-561e-4a84-8d6c-d38854df5e62,"U: things are fine now, I tried to ignore it | U: just normal stuff with my family | A: What happened next? | U: it was a bit tense, I don’t know | A: I'm listening. | U: we had a disagreement with my family, it’s just weird | U: it wasn’t serious with my family, maybe I’m overthinking | A: What happened next? | U: we talked about it",normal,low,0.4,family,6,no,0.79
4e0567bc-5ac3-4a43-8d08-8482f9564f09,"U: just normal stuff | U: we had a disagreement outside | U: it was a bit tense | U: things are fine now | A: What happened next? | U: we talked about it, I’m not sure",normal,low,0.35,public,5,no,0.81
d43bb867-beb8-4834-946e-7a1d0eb6c40f,"U: we talked about it, it’s just weird | U: we had a disagreement, I tried to ignore it | A: What happened next? | U: things are fine now | A: What happened next? | U: it wasn’t serious, maybe I’m overthinking... | A: I'm listening. | U: just normal stuff | A: I'm listening. | U: it was a bit tense",normal,low,0.4,unknown,6,no,0.77
d95cbeb9-4a3c-421a-bc5b-9f62c5c2d506,"U: we had a disagreement | U: we talked about it in public, it’s just weird | A: What happened next? | U: it was a bit tense... | A: What happened next? | U: things are fine now in public | A: What happened next? | U: just normal stuff in public",normal,low,0.35,public,5,no,0.86
5173691f-3688-481b-b49e-9165a6ee9167,"U: it was a bit tense, maybe I’m overthinking | A: Can you explain a bit more? | U: we talked about it | A: I'm listening. | U: we had a disagreement | U: just normal stuff, I’m not sure...",normal,low,0.3,unknown,4,no,0.85
428248d0-0ba9-4d1e-ab75-01b63185de50,"U: it wasn’t serious with my family | A: Can you explain a bit more? | U: we talked about it, maybe i’m overthinking | A: Can you explain a bit more? | U: we had a disagreement with my family, it’s just weird... | A: I'm listening. | U: things are fine now | A: Can you explain a bit more? | U: it was a bit tense with my family... | U: just normal stuff with my family",normal,low,0.4,family,6,no,0.8
add426c5-ab78-4ed0-9329-0d7fd45d8551,"U: it wasn’t serious, it’s just weird... | U: things are fine now in public | U: just normal stuff, maybe I’m overthinking | A: Can you explain a bit more? | U: we talked about it in public, maybe i’m overthinking",normal,low,0.3,public,4,no,0.8
282b5ea9-c3e4-461b-ab34-81b378fed01d,U: it was a bit tense | A: Can you explain a bit more? | U: we talked about it... | U: just normal stuff | A: What happened next? | U: things are fine now with my partner | A: Can you explain a bit more? | U: it wasn’t serious | A: Can you explain a bit more? | U: we had a disagreement,normal,low,0.4,relationship,6,no,0.93
5188d270-fdaf-482e-a57f-f8ddb66ab810,"U: just normal stuff with my partner | A: What happened next? | U: it was a bit tense | A: What happened next? | U: we had a disagreement | A: I'm listening. | U: we talked about it, maybe i’m overthinking",normal,low,0.3,relationship,4,no,0.81
6231086b-4f54-4de6-98e8-aef5ea038ecf,"U: it wasn’t serious outside | A: What happened next? | U: things are fine now | A: What happened next? | U: it was a bit tense, I tried to ignore it | A: I'm listening. | U: we had a disagreement",normal,low,0.3,public,4,no,0.86
351ee97a-07b6-4b3c-9ef0-6b98a03c6a4e,"U: we talked about it with my family, I don’t know | A: Can you explain a bit more? | U: we had a disagreement, it’s just weird | A: Can you explain a bit more? | U: it was a bit tense, it’s just weird | A: What happened next? | U: it wasn’t serious | A: What happened next? | U: things are fine now with my family... | U: just normal stuff, I tried to ignore it",normal,low,0.4,family,6,no,0.82
155406c0-7d40-41a8-a186-abcb8b3eb9a4,"U: just normal stuff with my family, I don’t know... | A: Can you explain a bit more? | U: it wasn’t serious with my family | A: What happened next? | U: it was a bit tense with my family | A: What happened next? | U: we had a disagreement with my family, it’s just weird | A: Can you explain a bit more? | U: things are fine now with my family",normal,low,0.35,family,5,no,0.94
61a812ff-8f4d-4dc0-b904-7c91e8388e10,"U: just normal stuff | A: What happened next? | U: it was a bit tense in the house | U: things are fine now in the house, I don’t know | A: What happened next? | U: we talked about it | U: we had a disagreement | A: Can you explain a bit more? | U: it wasn’t serious",normal,low,0.4,domestic,6,no,0.88
8aa0e2d1-1c17-451a-b15b-4d97a36a9038,"U: things are fine now with my partner | A: Can you explain a bit more? | U: it wasn’t serious | A: What happened next? | U: we talked about it with my partner, I don’t know",normal,low,0.25,relationship,3,no,0.94
051b2ccd-e66c-4b01-8d1c-6404f565a747,"U: things are fine now, it’s just weird | A: What happened next? | U: it was a bit tense with my family | A: I'm listening. | U: we talked about it with my family | A: Can you explain a bit more? | U: just normal stuff with my family, I’m not sure | A: I'm listening. | U: we had a disagreement...",normal,low,0.35,family,5,no,0.82
6cc01571-d491-41ce-a2ad-8dbcac042f72,"U: we had a disagreement | U: things are fine now in public, maybe I’m overthinking | A: Can you explain a bit more? | U: it was a bit tense",normal,low,0.25,public,3,no,0.83
b10afde7-6421-4dac-bc42-ef18cff46a58,U: just normal stuff in public | A: Can you explain a bit more? | U: it was a bit tense | U: we talked about it | A: What happened next? | U: it wasn’t serious | A: I'm listening. | U: things are fine now | U: we had a disagreement,normal,low,0.4,public,6,no,0.78
1033224e-3e4e-468f-81a3-3dc6b57eb752,"U: just normal stuff | A: Can you explain a bit more? | U: it wasn’t serious | A: What happened next? | U: we talked about it | U: things are fine now | A: Can you explain a bit more? | U: we had a disagreement | A: Can you explain a bit more? | U: it was a bit tense, i tried to ignore it...",normal,low,0.4,unknown,6,no,0.77
d9908fa4-06dd-477c-8ab8-20c9120b33a8,"U: just normal stuff at home | A: I'm listening. | U: it wasn’t serious | A: I'm listening. | U: it was a bit tense | A: What happened next? | U: we talked about it at home, I’m not sure",normal,low,0.3,domestic,4,no,0.85
5d20137a-2a0f-440a-8ef5-3b6dcaa6f7cf,"U: it wasn’t serious, maybe I’m overthinking | A: I'm listening. | U: we talked about it, I’m not sure | A: What happened next? | U: it was a bit tense, i tried to ignore it | U: we had a disagreement, I tried to ignore it | U: just normal stuff, i tried to ignore it",normal,low,0.35,unknown,5,no,0.81
3b0130b1-8bd4-49b8-9b38-517bf31ae95b,"U: it wasn’t serious in public | A: I'm listening. | U: we talked about it | A: What happened next? | U: it was a bit tense in public, I tried to ignore it... | A: What happened next? | U: just normal stuff | U: things are fine now in public",normal,low,0.35,public,5,no,0.83
2f6f0052-a085-476d-a5c5-c4ed17357628,"U: it wasn’t serious, I don’t know | U: we had a disagreement, I don’t know | U: it was a bit tense | A: I'm listening. | U: things are fine now in public, I’m not sure | A: What happened next? | U: we talked about it | U: just normal stuff in public",normal,low,0.4,public,6,no,0.94
da5eaac4-ea22-44cd-8815-1cdaf6d2c343,"U: things are fine now... | A: What happened next? | U: it was a bit tense with my family, i don’t know | A: What happened next? | U: it wasn’t serious",normal,low,0.25,family,3,no,0.9
70e25e27-ef01-49ea-b486-be509f1112df,"U: it wasn’t serious | U: just normal stuff, i don’t know | A: I'm listening. | U: we had a disagreement | A: Can you explain a bit more? | U: it was a bit tense at home | U: things are fine now, i don’t know",normal,low,0.35,domestic,5,no,0.92
18fc3eae-602f-470e-bef7-c876776bbed5,"U: it was a bit tense, I tried to ignore it | A: What happened next? | U: things are fine now | A: What happened next? | U: we talked about it with my family, maybe I’m overthinking... | A: I'm listening. | U: we had a disagreement... | U: it wasn’t serious | A: I'm listening. | U: just normal stuff...",normal,low,0.4,family,6,no,0.92
ffee314d-24fc-4878-9e38-673e90b9bcf8,"U: it wasn’t serious with my family | U: we had a disagreement with my family | A: I'm listening. | U: it was a bit tense, I don’t know",normal,low,0.25,family,3,no,0.89
22eae99b-fbbd-42d7-aa79-7396323ee1b2,"U: we talked about it, maybe I’m overthinking | A: Can you explain a bit more? | U: it wasn’t serious | U: it was a bit tense | A: Can you explain a bit more? | U: we had a disagreement | A: Can you explain a bit more? | U: just normal stuff",normal,low,0.35,unknown,5,no,0.89
e2063133-085e-4514-9afd-ea3d38024a57,"U: just normal stuff | A: What happened next? | U: things are fine now with my partner | U: it wasn’t serious, I don’t know | A: What happened next? | U: we had a disagreement",normal,low,0.3,relationship,4,no,0.95
26a7d94f-f1f1-4a12-927b-2046a915e457,"U: just normal stuff with my family | A: Can you explain a bit more? | U: it was a bit tense with my family, I don’t know | U: we talked about it, maybe I’m overthinking | A: Can you explain a bit more? | U: things are fine now with my family, it’s just weird...",normal,low,0.3,family,4,no,0.84
24012c91-9320-4f4f-9d4b-2f3fe2b9fe6c,"U: things are fine now with my family, I don’t know | U: just normal stuff, I don’t know | U: we talked about it with my family, it’s just weird | A: Can you explain a bit more? | U: it was a bit tense with my family | A: I'm listening. | U: we had a disagreement...",normal,low,0.35,family,5,no,0.92
632a4554-e55b-4a35-b377-12fb09f3c541,"U: just normal stuff... | A: I'm listening. | U: we had a disagreement with my family | A: Can you explain a bit more? | U: things are fine now, I’m not sure | U: it wasn’t serious",normal,low,0.3,family,4,no,0.81
021677b9-ebaa-4de2-8736-559adaef177e,"U: things are fine now with my family... | U: it was a bit tense... | A: Can you explain a bit more? | U: it wasn’t serious with my family, it’s just weird | A: Can you explain a bit more? | U: we had a disagreement, maybe I’m overthinking",normal,low,0.3,family,4,no,0.94
4840198d-d940-4e0f-9979-7766e1799e7a,"U: it wasn’t serious, i don’t know | U: we talked about it | U: things are fine now",normal,low,0.25,unknown,3,no,0.83
b59d0115-f9f2-4ee9-9e78-7b55ca1494e6,"U: we talked about it | U: it was a bit tense | U: things are fine now in the house, it’s just weird",normal,low,0.25,domestic,3,no,0.77
76b30647-a142-4bcf-b50d-23d1b404e988,"U: things are fine now | A: Can you explain a bit more? | U: it was a bit tense | A: I'm listening. | U: just normal stuff with my partner | A: Can you explain a bit more? | U: we talked about it with my partner, I tried to ignore it... | A: Can you explain a bit more? | U: we had a disagreement, it’s just weird... | A: Can you explain a bit more? | U: it wasn’t serious, it’s just weird",normal,low,0.4,relationship,6,no,0.82
996b8ac7-433e-4bf9-9d4a-4ce42312605e,U: it was a bit tense | A: What happened next? | U: it wasn’t serious | U: just normal stuff,normal,low,0.25,unknown,3,no,0.92
25164be8-e7da-4d6f-92ae-7d3284eb9ba3,"U: just normal stuff in public... | U: things are fine now in public, I’m not sure | A: I'm listening. | U: we talked about it in public",normal,low,0.25,public,3,no,0.81
56b80a9d-d161-4b26-874e-e8ec62eece86,"U: it was a bit tense | U: just normal stuff with my family, i’m not sure | A: Can you explain a bit more? | U: things are fine now, maybe I’m overthinking... | A: What happened next? | U: we talked about it with my family | A: I'm listening. | U: we had a disagreement with my family | A: Can you explain a bit more? | U: it wasn’t serious...",normal,low,0.4,family,6,no,0.88
419be07e-1ca4-4cdf-b9ae-1e493f9e0513,"U: we talked about it | A: Can you explain a bit more? | U: just normal stuff | A: Can you explain a bit more? | U: it wasn’t serious with my partner | A: I'm listening. | U: things are fine now | U: it was a bit tense, it’s just weird",normal,low,0.35,relationship,5,no,0.91
e405e7c1-2c42-4add-ae62-fea1b9f23da4,"U: it was a bit tense in the house | A: What happened next? | U: it wasn’t serious, maybe i’m overthinking | A: What happened next? | U: things are fine now | U: we had a disagreement in the house, maybe I’m overthinking | A: Can you explain a bit more? | U: just normal stuff in the house",normal,low,0.35,domestic,5,no,0.82
a5bcdda5-c436-4458-b873-d4a3a6207bae,U: just normal stuff with my partner | A: I'm listening. | U: things are fine now... | A: I'm listening. | U: we talked about it,normal,low,0.25,relationship,3,no,0.82
746f3ee6-2788-430e-81dd-736ea2eb4a63,"U: it wasn’t serious in the house | U: we had a disagreement in the house | A: Can you explain a bit more? | U: just normal stuff, I don’t know",normal,low,0.25,domestic,3,no,0.77
c1b6b352-3245-4892-9b46-c0f7c1915c1b,"U: just normal stuff, I tried to ignore it... | A: What happened next? | U: things are fine now, I tried to ignore it | U: it was a bit tense, maybe I’m overthinking",normal,low,0.25,unknown,3,no,0.9
ee3e6b08-a253-4eb6-adfa-7816d7e90b81,"U: it was a bit tense, I’m not sure | A: What happened next? | U: we talked about it, I tried to ignore it | U: things are fine now | U: it wasn’t serious with my family | A: What happened next? | U: just normal stuff with my family, it’s just weird | A: Can you explain a bit more? | U: we had a disagreement with my family, i don’t know...",normal,low,0.4,family,6,no,0.93
45e6520c-592a-4d20-aa03-5daddff6aa44,"U: just normal stuff | U: it was a bit tense | A: I'm listening. | U: it wasn’t serious, I’m not sure | U: things are fine now | U: we talked about it with my partner",normal,low,0.35,relationship,5,no,0.86
a7bc0c0d-572b-46ee-9f98-726e9107e049,"U: it wasn’t serious, I tried to ignore it | A: What happened next? | U: just normal stuff at home, I don’t know | A: Can you explain a bit more? | U: it was a bit tense | U: things are fine now... | A: I'm listening. | U: we talked about it, I don’t know... | A: I'm listening. | U: we had a disagreement, maybe i’m overthinking",normal,low,0.4,domestic,6,no,0.94
6f6e8bc6-3a8e-4fbc-83b8-8d38bdf501be,"U: it was a bit tense with my family | A: Can you explain a bit more? | U: we talked about it with my family | U: we had a disagreement | A: Can you explain a bit more? | U: it wasn’t serious, it’s just weird",normal,low,0.3,family,4,no,0.82
f1e21c6b-18f5-4b12-911b-1d15e6cfbf29,"U: it was a bit tense, it’s just weird | A: I'm listening. | U: we had a disagreement with my family, I don’t know | A: Can you explain a bit more? | U: it wasn’t serious | A: What happened next? | U: we talked about it with my family, I’m not sure",normal,low,0.3,family,4,no,0.91
192c4a4f-4e88-4b3e-8d92-41a98644a6c6,"U: it was a bit tense, maybe I’m overthinking | U: it wasn’t serious | U: we talked about it with my family | A: What happened next? | U: things are fine now",normal,low,0.3,family,4,no,0.8
ec60242f-583c-48e7-b8d9-96daf59e1367,"U: it was a bit tense, I tried to ignore it | A: I'm listening. | U: it wasn’t serious | U: just normal stuff, I don’t know | A: Can you explain a bit more? | U: things are fine now, I tried to ignore it | U: we had a disagreement... | U: we talked about it, I tried to ignore it",normal,low,0.4,unknown,6,no,0.79
6375c2f3-59f3-40e9-afc1-18210b5f97bc,"U: we had a disagreement, maybe I’m overthinking | A: I'm listening. | U: just normal stuff | A: Can you explain a bit more? | U: it was a bit tense, i don’t know | A: What happened next? | U: it wasn’t serious... | A: I'm listening. | U: things are fine now with my family | U: we talked about it, I’m not sure",normal,low,0.4,family,6,no,0.86
1ec65cc3-e9dc-49d5-b291-29ceb4c7d08b,"U: we had a disagreement | A: I'm listening. | U: it wasn’t serious | A: Can you explain a bit more? | U: it was a bit tense with my partner, I’m not sure... | U: we talked about it... | A: Can you explain a bit more? | U: just normal stuff with my partner",normal,low,0.35,relationship,5,no,0.81
c0c129a1-cf2d-49ba-b007-f56d89c35d2a,"U: it was a bit tense, I don’t know... | U: it wasn’t serious | A: Can you explain a bit more? | U: we had a disagreement with my partner, i tried to ignore it | A: What happened next? | U: we talked about it",normal,low,0.3,relationship,4,no,0.91
ef2f4154-5328-4ee8-a546-853e6b257948,"U: things are fine now with my family | U: it wasn’t serious with my family, i tried to ignore it | A: I'm listening. | U: we talked about it with my family | A: What happened next? | U: it was a bit tense with my family",normal,low,0.3,family,4,no,0.79
2f864297-d095-4171-8f8a-fedfb451a7ec,"U: we talked about it | A: What happened next? | U: it was a bit tense, it’s just weird | U: we had a disagreement",normal,low,0.25,unknown,3,no,0.9
0c686bfc-ebc3-4abc-a03e-f74c22a0c664,"U: we had a disagreement... | A: Can you explain a bit more? | U: things are fine now with my partner | A: I'm listening. | U: just normal stuff | A: What happened next? | U: it wasn’t serious with my partner... | A: Can you explain a bit more? | U: we talked about it, maybe I’m overthinking",normal,low,0.35,relationship,5,no,0.94
c5da1dc3-709d-472e-9139-3d650588a529,U: things are fine now | A: Can you explain a bit more? | U: we talked about it with my family | A: What happened next? | U: just normal stuff... | A: Can you explain a bit more? | U: it wasn’t serious | U: it was a bit tense,normal,low,0.35,family,5,no,0.91
30fc1044-1229-4401-a78d-09d8c106da8c,"U: we had a disagreement at home | A: What happened next? | U: we talked about it | U: it was a bit tense at home, maybe I’m overthinking... | A: I'm listening. | U: just normal stuff | A: What happened next? | U: it wasn’t serious, I’m not sure",normal,low,0.35,domestic,5,no,0.86
f3c92d52-d543-466e-9b47-dec2730b79d6,"U: just normal stuff with my family, I don’t know | A: Can you explain a bit more? | U: we talked about it, I tried to ignore it... | A: What happened next? | U: we had a disagreement with my family... | U: it wasn’t serious with my family | A: What happened next? | U: things are fine now with my family, it’s just weird",normal,low,0.35,family,5,no,0.82
f63ec3fa-fe53-43e3-b888-ef2dc01ba48f,"U: things are fine now in public | A: What happened next? | U: we talked about it in public, i’m not sure | A: I'm listening. | U: it was a bit tense in public... | A: What happened next? | U: we had a disagreement, I’m not sure...",normal,low,0.3,public,4,no,0.82
68a4987a-2b8c-4c37-a7d1-d8c411cd4093,"U: we talked about it | U: we had a disagreement with my partner | A: Can you explain a bit more? | U: things are fine now with my partner, maybe i’m overthinking | A: What happened next? | U: it was a bit tense, I don’t know...",normal,low,0.3,relationship,4,no,0.82
42416615-b8a7-4a04-b606-da2a79bd8d54,"U: it wasn’t serious outside | A: I'm listening. | U: it was a bit tense, I tried to ignore it | A: Can you explain a bit more? | U: just normal stuff | U: things are fine now | A: What happened next? | U: we had a disagreement",normal,low,0.35,public,5,no,0.82
3c1d766b-93cb-4375-8cad-13173ff6a799,U: it was a bit tense at home | A: I'm listening. | U: things are fine now | A: I'm listening. | U: we had a disagreement | A: I'm listening. | U: it wasn’t serious | U: we talked about it,normal,low,0.35,domestic,5,no,0.77
ae4aceb6-08e9-498a-a7eb-41abaacbb7dd,"U: it wasn’t serious in public... | U: things are fine now, I’m not sure | U: we talked about it in public, I’m not sure | A: I'm listening. | U: it was a bit tense...",normal,low,0.3,public,4,no,0.83
39fecc76-fb55-4c1f-91e8-94af009c5caa,"U: we talked about it in public, I tried to ignore it... | U: it wasn’t serious in public | A: Can you explain a bit more? | U: just normal stuff in public... | A: Can you explain a bit more? | U: it was a bit tense... | A: Can you explain a bit more? | U: things are fine now | A: Can you explain a bit more? | U: we had a disagreement",normal,low,0.4,public,6,no,0.86
0c798902-6526-438b-ae96-4183b72ac69a,"U: we talked about it with my partner... | A: What happened next? | U: we had a disagreement, it’s just weird... | A: I'm listening. | U: just normal stuff | U: things are fine now, it’s just weird | U: it wasn’t serious with my partner",normal,low,0.35,relationship,5,no,0.85
7b7e33b6-2721-4579-b2cc-2a5c19b71c67,"U: we talked about it, I don’t know... | U: it was a bit tense, I tried to ignore it | U: just normal stuff with my family",normal,low,0.25,family,3,no,0.87
a37c87cc-ba78-4b8a-9ea2-fbc12aee4fbd,"U: we had a disagreement | A: What happened next? | U: just normal stuff, I don’t know | A: I'm listening. | U: we talked about it",normal,low,0.25,unknown,3,no,0.87
55795ae7-965f-4779-8437-8e7a47f0edd1,U: things are fine now at home | A: What happened next? | U: it was a bit tense at home | A: What happened next? | U: we talked about it at home,normal,low,0.25,domestic,3,no,0.84
400ecf8d-0553-463e-9fd5-a0788052d7d8,"U: it was a bit tense | U: just normal stuff | A: What happened next? | U: it wasn’t serious, I’m not sure",normal,low,0.25,public,3,no,0.89
aca5b798-4b77-4ab4-bbbd-55a727b77e92,"U: we had a disagreement | U: we talked about it, maybe I’m overthinking | U: just normal stuff | A: Can you explain a bit more? | U: it was a bit tense, I don’t know",normal,low,0.3,public,4,no,0.83
0ba2d4bc-83fa-48df-864b-037176cf8b13,"U: just normal stuff... | U: it was a bit tense outside | U: we had a disagreement... | A: What happened next? | U: it wasn’t serious, maybe i’m overthinking | A: What happened next? | U: things are fine now outside | A: Can you explain a bit more? | U: we talked about it outside",normal,low,0.4,public,6,no,0.9
2701e58b-d191-4918-af7a-90c6f26da9f3,"U: we had a disagreement, i’m not sure | A: What happened next? | U: it was a bit tense, I don’t know | A: Can you explain a bit more? | U: it wasn’t serious with my family | A: I'm listening. | U: we talked about it | A: I'm listening. | U: just normal stuff with my family",normal,low,0.35,family,5,no,0.84
8cff8e86-22b5-45bb-9f31-cf4e93dd1db6,"U: we had a disagreement outside | U: just normal stuff | A: I'm listening. | U: we talked about it outside, maybe I’m overthinking | A: I'm listening. | U: it was a bit tense | A: What happened next? | U: it wasn’t serious outside, i’m not sure...",normal,low,0.35,public,5,no,0.76
87fec398-c476-4c85-b643-10eae6fb13c3,"U: we had a disagreement | A: Can you explain a bit more? | U: things are fine now outside | U: just normal stuff | U: it wasn’t serious | A: Can you explain a bit more? | U: it was a bit tense, I tried to ignore it",normal,low,0.35,public,5,no,0.85
c2596cec-921c-429b-b4cb-ea4943602b68,"U: it wasn’t serious with my family | U: things are fine now | A: What happened next? | U: we had a disagreement | A: What happened next? | U: just normal stuff with my family, maybe I’m overthinking | A: I'm listening. | U: we talked about it",normal,low,0.35,family,5,no,0.77
bebb6940-1774-44fe-b6ee-cf79ff319761,"U: it wasn’t serious, it’s just weird | A: Can you explain a bit more? | U: things are fine now | A: Can you explain a bit more? | U: just normal stuff, I tried to ignore it | A: I'm listening. | U: it was a bit tense...",normal,low,0.3,unknown,4,no,0.76
63e996e5-18e2-4d33-b853-1e884d113ff6,"U: things are fine now in the house, I tried to ignore it | U: just normal stuff | A: Can you explain a bit more? | U: we talked about it in the house | A: What happened next? | U: it was a bit tense",normal,low,0.3,domestic,4,no,0.86
84750477-d703-4a53-9878-bfc05ba4ef3a,"U: it was a bit tense, maybe i’m overthinking | U: things are fine now at home, I tried to ignore it | U: we talked about it...",normal,low,0.25,domestic,3,no,0.88
6525b48c-eaad-4abc-a873-ae2b5f33b517,"U: it was a bit tense in public | A: I'm listening. | U: we had a disagreement | A: What happened next? | U: just normal stuff, I’m not sure | A: I'm listening. | U: we talked about it | A: Can you explain a bit more? | U: it wasn’t serious",normal,low,0.35,public,5,no,0.94
7d261a25-f35d-43f1-8a2b-66c4c37dfd4c,"U: it wasn’t serious, I don’t know | A: What happened next? | U: we had a disagreement, i tried to ignore it | A: Can you explain a bit more? | U: it was a bit tense... | A: What happened next? | U: just normal stuff | A: Can you explain a bit more? | U: things are fine now",normal,low,0.35,unknown,5,no,0.91
2c1baf7d-74c0-496d-bf15-fee02731566a,"U: it wasn’t serious... | A: I'm listening. | U: just normal stuff | U: it was a bit tense, I tried to ignore it | U: we had a disagreement, I’m not sure",normal,low,0.3,family,4,no,0.84
68732bca-cf6d-4bfc-a5a3-f46304bd06d3,"U: it wasn’t serious with my family, maybe I’m overthinking | A: What happened next? | U: we had a disagreement, it’s just weird... | A: Can you explain a bit more? | U: just normal stuff with my family, it’s just weird",normal,low,0.25,family,3,no,0.81
80b97b5f-2bce-42b6-a062-6ae1e69ecd4e,"U: we had a disagreement | A: I'm listening. | U: we talked about it, I tried to ignore it | A: Can you explain a bit more? | U: things are fine now",normal,low,0.25,unknown,3,no,0.94
48d74fc2-fb94-4379-8d65-0bcffae49bd1,"U: we talked about it, I’m not sure... | U: we had a disagreement, it’s just weird... | A: Can you explain a bit more? | U: things are fine now, I’m not sure | U: it wasn’t serious in public, I tried to ignore it",normal,low,0.3,public,4,no,0.93
9c08fd6b-22dd-48a5-9ddb-b91ffbec2c39,"U: we talked about it | A: What happened next? | U: it was a bit tense | U: we had a disagreement, I tried to ignore it | A: Can you explain a bit more? | U: just normal stuff | A: I'm listening. | U: things are fine now, maybe i’m overthinking",normal,low,0.35,unknown,5,no,0.89
4b6a8486-1bb5-4f56-ac47-839f1c209a92,"U: just normal stuff, it’s just weird | U: things are fine now, it’s just weird | A: What happened next? | U: it was a bit tense... | A: Can you explain a bit more? | U: we had a disagreement | U: it wasn’t serious, i tried to ignore it",normal,low,0.35,public,5,no,0.93
b45703e8-f06f-46c5-bfc1-9657068ef9d1,"U: we had a disagreement | A: What happened next? | U: things are fine now | A: I'm listening. | U: we talked about it... | U: it was a bit tense, maybe I’m overthinking",normal,low,0.3,unknown,4,no,0.88
05eb8215-afdf-4f9f-aba8-b145e946dd2c,"U: we talked about it | A: What happened next? | U: it wasn’t serious with my partner | A: I'm listening. | U: just normal stuff with my partner, maybe I’m overthinking",normal,low,0.25,relationship,3,no,0.76
a9d373aa-e01f-4b11-a9c1-2463bf49c821,"U: it was a bit tense, i don’t know | A: What happened next? | U: just normal stuff in public, maybe I’m overthinking... | A: Can you explain a bit more? | U: things are fine now... | U: we had a disagreement | A: Can you explain a bit more? | U: we talked about it in public",normal,low,0.35,public,5,no,0.94
e3c2c14d-fe7c-4f18-923a-3d0d773ad0a9,"U: things are fine now | U: it wasn’t serious at home | A: I'm listening. | U: just normal stuff | A: I'm listening. | U: we talked about it | A: Can you explain a bit more? | U: it was a bit tense at home, I’m not sure | A: What happened next? | U: we had a disagreement, i don’t know",normal,low,0.4,domestic,6,no,0.86
e88ce4b1-ed42-45d7-a21d-62335ed28797,"U: we had a disagreement, maybe I’m overthinking | U: it was a bit tense | A: What happened next? | U: it wasn’t serious | A: I'm listening. | U: things are fine now | U: we talked about it | A: What happened next? | U: just normal stuff, i’m not sure",normal,low,0.4,unknown,6,no,0.79
22435448-e58d-4e05-94f1-7726be03c08b,"U: we talked about it, I tried to ignore it | A: I'm listening. | U: just normal stuff | A: Can you explain a bit more? | U: things are fine now in public, it’s just weird...",normal,low,0.25,public,3,no,0.83
8354a956-0e26-4f15-8a6f-c9a1874f692f,"U: it wasn’t serious | A: I'm listening. | U: just normal stuff with my family, I tried to ignore it | A: I'm listening. | U: we had a disagreement | A: Can you explain a bit more? | U: we talked about it... | A: Can you explain a bit more? | U: it was a bit tense with my family | A: Can you explain a bit more? | U: things are fine now, I don’t know",normal,low,0.4,family,6,no,0.84
479fec1c-7184-4d91-8338-f41a27423dba,"U: things are fine now, I tried to ignore it... | A: I'm listening. | U: it wasn’t serious, maybe I’m overthinking | A: What happened next? | U: just normal stuff | U: we talked about it",normal,low,0.3,unknown,4,no,0.87
cd68ff04-4222-4865-a9f9-87679805fcb2,"U: we had a disagreement, I don’t know | A: What happened next? | U: it wasn’t serious | U: we talked about it | U: just normal stuff | A: What happened next? | U: it was a bit tense | A: I'm listening. | U: things are fine now",normal,low,0.4,unknown,6,no,0.89
666b1513-1a9d-4057-931a-0b5009262bf3,"U: just normal stuff... | A: Can you explain a bit more? | U: it was a bit tense, I’m not sure | U: things are fine now... | A: What happened next? | U: we had a disagreement | A: I'm listening. | U: it wasn’t serious | A: I'm listening. | U: we talked about it in public",normal,low,0.4,public,6,no,0.91
e646907a-90fe-41a6-871a-f3c22e56827a,"U: just normal stuff with my family | A: Can you explain a bit more? | U: we talked about it, I’m not sure | A: I'm listening. | U: things are fine now with my family, maybe I’m overthinking | A: I'm listening. | U: it was a bit tense with my family | U: it wasn’t serious",normal,low,0.35,family,5,no,0.78
b779528f-7fa5-4f9c-80d1-e9d1671be7b2,"U: it wasn’t serious, it’s just weird | U: it was a bit tense | U: we talked about it, it’s just weird",normal,low,0.25,family,3,no,0.86
300f418f-e831-40cd-9383-6c93c9220f54,"U: it was a bit tense at home | A: What happened next? | U: it wasn’t serious | U: we had a disagreement, I’m not sure",normal,low,0.25,domestic,3,no,0.87
22306029-f421-4c39-aa75-0ea6facc9e2a,"U: it was a bit tense | U: it wasn’t serious | U: we had a disagreement, maybe I’m overthinking | U: just normal stuff",normal,low,0.3,unknown,4,no,0.84
3c455567-ab19-4333-816f-46919b55bce0,"U: just normal stuff, maybe I’m overthinking | A: I'm listening. | U: we talked about it, I don’t know | U: we had a disagreement, maybe I’m overthinking...",normal,low,0.25,unknown,3,no,0.77
a52add10-d87b-4147-b9a7-de33be428fb7,"U: it wasn’t serious, it’s just weird | A: Can you explain a bit more? | U: we had a disagreement | A: I'm listening. | U: it was a bit tense with my family | A: What happened next? | U: just normal stuff with my family... | A: Can you explain a bit more? | U: things are fine now...",normal,low,0.35,family,5,no,0.75
11e472d4-327e-44db-ad85-eb228d30b540,U: we had a disagreement at home | A: I'm listening. | U: just normal stuff at home | A: I'm listening. | U: things are fine now at home,normal,low,0.25,domestic,3,no,0.95
b7ddf321-0f32-4442-b2d6-25e294aeb5c8,"U: we talked about it, maybe I’m overthinking | A: I'm listening. | U: it was a bit tense | U: just normal stuff at home",normal,low,0.25,domestic,3,no,0.82
8834b201-780a-4c26-ac7e-51f330a3feae,"U: just normal stuff, I don’t know... | A: I'm listening. | U: things are fine now with my family, it’s just weird | A: What happened next? | U: it was a bit tense with my family, maybe i’m overthinking | U: we had a disagreement with my family",normal,low,0.3,family,4,no,0.91
80e447f5-d34c-4dd7-9cdc-9d7a936090d4,"U: we talked about it with my family, I don’t know | U: things are fine now | A: I'm listening. | U: it wasn’t serious | U: we had a disagreement, I tried to ignore it | A: I'm listening. | U: just normal stuff",normal,low,0.35,family,5,no,0.87
3a7615a2-34dd-4aea-9a96-7d85db2ec657,"U: we had a disagreement, I don’t know | A: I'm listening. | U: things are fine now, it’s just weird | A: What happened next? | U: it wasn’t serious, maybe I’m overthinking",normal,low,0.25,relationship,3,no,0.9
33693fd1-ac4f-4236-874f-84a6d10e6272,"U: it wasn’t serious, I tried to ignore it | U: we had a disagreement... | A: What happened next? | U: we talked about it, i don’t know | U: just normal stuff in public, I’m not sure | U: it was a bit tense | A: What happened next? | U: things are fine now...",normal,low,0.4,public,6,no,0.85
130c2c5b-738f-4171-9697-1b99c986b7fb,"U: we had a disagreement, I’m not sure... | U: it was a bit tense, maybe I’m overthinking | U: we talked about it, I’m not sure | A: What happened next? | U: it wasn’t serious, i don’t know | A: Can you explain a bit more? | U: just normal stuff | A: I'm listening. | U: things are fine now, maybe I’m overthinking",normal,low,0.4,unknown,6,no,0.76
482077d1-5573-4901-aec3-a06cafc17e67,"U: things are fine now, it’s just weird | U: it was a bit tense, maybe i’m overthinking... | A: Can you explain a bit more? | U: we talked about it, I tried to ignore it",normal,low,0.25,unknown,3,no,0.79
13e4c67a-08ab-46de-8f9b-c82eb9f0ad15,"U: it was a bit tense, i tried to ignore it | A: I'm listening. | U: we talked about it with my family, I tried to ignore it | A: I'm listening. | U: things are fine now | A: Can you explain a bit more? | U: we had a disagreement with my family | A: What happened next? | U: it wasn’t serious with my family",normal,low,0.35,family,5,no,0.91
fc8c61b8-f08a-412f-afb5-533681907a0c,"U: things are fine now, maybe I’m overthinking | A: Can you explain a bit more? | U: just normal stuff, maybe I’m overthinking | A: What happened next? | U: we had a disagreement, maybe i’m overthinking | U: it wasn’t serious | A: I'm listening. | U: we talked about it in the house | A: Can you explain a bit more? | U: it was a bit tense in the house, I don’t know",normal,low,0.4,domestic,6,no,0.89
476488ac-6328-406f-8a40-1eeb65c79833,"U: it wasn’t serious in public | U: just normal stuff, it’s just weird | U: we talked about it",normal,low,0.25,public,3,no,0.91
ee59b2a8-ba42-48cb-a413-40eaf0ccd08d,"U: we had a disagreement in the house, I’m not sure | A: Can you explain a bit more? | U: things are fine now, I tried to ignore it | A: I'm listening. | U: we talked about it, maybe i’m overthinking | A: I'm listening. | U: it wasn’t serious | A: What happened next? | U: just normal stuff in the house, I tried to ignore it | A: I'm listening. | U: it was a bit tense in the house",normal,low,0.4,domestic,6,no,0.93
06838c5b-523b-4b5c-a0d1-7da2df2b910e,"U: things are fine now, I tried to ignore it... | A: I'm listening. | U: we talked about it at home | U: it wasn’t serious, I tried to ignore it",normal,low,0.25,domestic,3,no,0.93
941ab7b1-a863-42b4-a6c3-2a4b08f868cf,"U: things are fine now, it’s just weird | A: Can you explain a bit more? | U: we talked about it | U: we had a disagreement...",normal,low,0.25,unknown,3,no,0.9
e6cc35fe-6856-4bba-b1e3-ea906f6a8acf,"U: things are fine now | A: I'm listening. | U: we had a disagreement outside, i tried to ignore it | U: it wasn’t serious",normal,low,0.25,public,3,no,0.79
5986a55d-aebc-4297-8b60-b4c85d1ee839,"U: we had a disagreement with my family | A: I'm listening. | U: things are fine now, I don’t know... | A: What happened next? | U: it wasn’t serious, I’m not sure... | U: it was a bit tense with my family | A: Can you explain a bit more? | U: we talked about it",normal,low,0.35,family,5,no,0.85
44c574d2-668f-4d72-8fe3-163b4f24952b,"U: it wasn’t serious, I’m not sure | U: things are fine now | U: just normal stuff, I’m not sure... | A: What happened next? | U: we had a disagreement at home",normal,low,0.3,domestic,4,no,0.76
c837a5fb-6993-48b1-ad3a-91431d327095,"U: just normal stuff with my partner, I tried to ignore it | U: it was a bit tense | A: What happened next? | U: things are fine now | U: we talked about it, I tried to ignore it | A: I'm listening. | U: we had a disagreement",normal,low,0.35,relationship,5,no,0.88
97a8f0a0-8bc6-4b4b-ba56-38e6ef24badd,"U: just normal stuff with my partner | A: Can you explain a bit more? | U: things are fine now with my partner | A: I'm listening. | U: we had a disagreement | A: I'm listening. | U: it wasn’t serious with my partner, I don’t know | A: I'm listening. | U: it was a bit tense with my partner, it’s just weird...",normal,low,0.35,relationship,5,no,0.94
43bb7877-a292-4366-8fac-ef83524806ff,"U: we talked about it... | U: it wasn’t serious, it’s just weird | A: What happened next? | U: we had a disagreement, it’s just weird... | A: Can you explain a bit more? | U: things are fine now | A: I'm listening. | U: just normal stuff...",normal,low,0.35,relationship,5,no,0.86
beaa9937-f687-4a7d-ab68-0168e5cef8bd,"U: we talked about it | A: Can you explain a bit more? | U: it wasn’t serious | A: Can you explain a bit more? | U: we had a disagreement in public | A: I'm listening. | U: things are fine now, I’m not sure... | A: Can you explain a bit more? | U: it was a bit tense, i don’t know | A: I'm listening. | U: just normal stuff in public, I tried to ignore it...",normal,low,0.4,public,6,no,0.77
57a11cf2-4106-4f4b-a4f5-6b58efcc2570,"U: things are fine now with my family, I don’t know | U: just normal stuff with my family | A: What happened next? | U: we talked about it | U: it was a bit tense",normal,low,0.3,family,4,no,0.94
4c04abc0-77df-4cea-86b8-99ed25b2ba6f,"U: things are fine now with my partner | A: What happened next? | U: we had a disagreement with my partner | U: just normal stuff, I don’t know | U: it was a bit tense, I tried to ignore it",normal,low,0.3,relationship,4,no,0.87
7816646c-3bf4-4a1c-b835-95a04b3c8162,"U: things are fine now in public | U: just normal stuff | A: Can you explain a bit more? | U: we had a disagreement, maybe I’m overthinking | A: What happened next? | U: it was a bit tense... | A: Can you explain a bit more? | U: we talked about it, I’m not sure",normal,low,0.35,public,5,no,0.87
b564a364-a769-45e2-a057-19c6c3935262,"U: just normal stuff | U: things are fine now | A: What happened next? | U: it wasn’t serious, I tried to ignore it | A: I'm listening. | U: we talked about it | U: we had a disagreement",normal,low,0.35,unknown,5,no,0.79
0b404572-11de-4142-a792-27ccb3e695b9,"U: things are fine now, maybe I’m overthinking | A: I'm listening. | U: just normal stuff, I don’t know | A: Can you explain a bit more? | U: it wasn’t serious in the house, i’m not sure | U: it was a bit tense",normal,low,0.3,domestic,4,no,0.94
e3f4e430-a58a-439d-bc03-56dac85cc2fe,"U: we talked about it, I tried to ignore it | A: Can you explain a bit more? | U: it wasn’t serious with my family, I tried to ignore it... | A: I'm listening. | U: just normal stuff | U: things are fine now with my family | A: Can you explain a bit more? | U: we had a disagreement, maybe I’m overthinking",normal,low,0.35,family,5,no,0.88
a6732966-f155-4349-9146-ff7874dfd6a0,"U: it wasn’t serious, I’m not sure | A: What happened next? | U: things are fine now in the house... | U: we had a disagreement in the house | A: Can you explain a bit more? | U: we talked about it, it’s just weird",normal,low,0.3,domestic,4,no,0.83
543607d8-24c3-4efe-adef-033f565e4f45,"U: just normal stuff | U: it was a bit tense | U: we talked about it | A: I'm listening. | U: it wasn’t serious, i don’t know | U: things are fine now, maybe I’m overthinking",normal,low,0.35,unknown,5,no,0.77
17ae0b70-f011-43d0-ab7a-c4c68c37dd9e,"U: it was a bit tense with my partner, I tried to ignore it | A: What happened next? | U: we had a disagreement with my partner, maybe i’m overthinking | A: Can you explain a bit more? | U: it wasn’t serious with my partner | A: What happened next? | U: we talked about it with my partner | U: things are fine now, I’m not sure",normal,low,0.35,relationship,5,no,0.95
20e5c885-3683-446b-ae32-460275e5e9df,"U: we talked about it, it’s just weird | A: I'm listening. | U: just normal stuff, I’m not sure | U: things are fine now, I tried to ignore it | A: Can you explain a bit more? | U: we had a disagreement | A: Can you explain a bit more? | U: it wasn’t serious",normal,low,0.35,family,5,no,0.85
576aa2c3-7439-42be-b873-d7fd1e25b595,"U: we had a disagreement, I’m not sure | U: just normal stuff | U: it was a bit tense, I tried to ignore it | A: Can you explain a bit more? | U: it wasn’t serious | U: we talked about it | A: Can you explain a bit more? | U: things are fine now with my family, I don’t know",normal,low,0.4,family,6,no,0.77
e8a2665d-3a21-4cc5-a593-7b6467219ed9,"U: it was a bit tense, it’s just weird | A: What happened next? | U: it wasn’t serious at home, I don’t know... | A: Can you explain a bit more? | U: just normal stuff",normal,low,0.25,domestic,3,no,0.76
63daabbe-8eb2-436e-abb2-7475d8901716,"U: we talked about it in public, maybe i’m overthinking... | A: I'm listening. | U: things are fine now | A: Can you explain a bit more? | U: we had a disagreement, maybe I’m overthinking...",normal,low,0.25,public,3,no,0.94
6c143d21-274f-478e-b35a-511731c4d97e,"U: we talked about it | A: Can you explain a bit more? | U: it was a bit tense with my family... | A: I'm listening. | U: it wasn’t serious with my family, I tried to ignore it | A: Can you explain a bit more? | U: we had a disagreement | A: What happened next? | U: just normal stuff with my family, maybe I’m overthinking | A: What happened next? | U: things are fine now, it’s just weird",normal,low,0.4,family,6,no,0.86
195284cc-6319-4302-9f5b-c004b54642e8,"U: it was a bit tense | A: What happened next? | U: it wasn’t serious, I tried to ignore it | U: just normal stuff | A: I'm listening. | U: things are fine now | A: I'm listening. | U: we had a disagreement",normal,low,0.35,relationship,5,no,0.95
41157975-bd36-485d-964f-990724485410,"U: it was a bit tense | A: What happened next? | U: we talked about it with my partner | A: Can you explain a bit more? | U: things are fine now with my partner, maybe I’m overthinking | A: I'm listening. | U: it wasn’t serious, I don’t know | A: I'm listening. | U: just normal stuff...",normal,low,0.35,relationship,5,no,0.82
48ae755c-0c23-4650-8f29-50d6cdfc7f4c,"U: we had a disagreement | A: Can you explain a bit more? | U: just normal stuff | A: What happened next? | U: things are fine now, I’m not sure | U: it wasn’t serious | A: What happened next? | U: we talked about it, I tried to ignore it | U: it was a bit tense",normal,low,0.4,family,6,no,0.79
03c4a80b-8749-4088-b601-e87390a02b3d,"U: it was a bit tense | U: things are fine now, I don’t know | U: it wasn’t serious, it’s just weird... | A: I'm listening. | U: just normal stuff | A: What happened next? | U: we had a disagreement | A: I'm listening. | U: we talked about it",normal,low,0.4,unknown,6,no,0.84
c2cec0c3-6d37-4561-83ef-ad19c33a945e,"U: it was a bit tense with my family, i don’t know | A: What happened next? | U: it wasn’t serious with my family, I’m not sure | A: I'm listening. | U: things are fine now | A: Can you explain a bit more? | U: we had a disagreement with my family... | U: just normal stuff... | A: What happened next? | U: we talked about it",normal,low,0.4,family,6,no,0.77
76f54668-2e38-4aee-9461-5f8a594cea78,"U: it was a bit tense in public | A: What happened next? | U: it wasn’t serious in public, maybe I’m overthinking | A: What happened next? | U: we talked about it | A: Can you explain a bit more? | U: things are fine now, it’s just weird | A: Can you explain a bit more? | U: just normal stuff, it’s just weird | A: Can you explain a bit more? | U: we had a disagreement, i’m not sure",normal,low,0.4,public,6,no,0.94
cbaad217-5e27-48e8-af2f-2fbc87e8fbcc,U: we had a disagreement with my partner | A: What happened next? | U: things are fine now with my partner | A: I'm listening. | U: it was a bit tense,normal,low,0.25,relationship,3,no,0.92
d90a538f-fea7-4e78-b7bb-1e557069c8ab,"U: it was a bit tense, it’s just weird | U: we had a disagreement in the house | A: I'm listening. | U: things are fine now",normal,low,0.25,domestic,3,no,0.81
a752def3-5ea4-479f-b580-a05072c01f5d,"U: we had a disagreement with my partner... | U: we talked about it with my partner | U: things are fine now with my partner, maybe i’m overthinking",normal,low,0.25,relationship,3,no,0.76
0f130201-138d-40c0-85e2-3def73034a68,"U: things are fine now... | A: Can you explain a bit more? | U: it was a bit tense, I tried to ignore it | A: Can you explain a bit more? | U: we talked about it | A: What happened next? | U: it wasn’t serious | U: just normal stuff, I’m not sure...",normal,low,0.35,unknown,5,no,0.85
17103530-f4a4-4b95-ad69-5d3ec57e30f8,"U: just normal stuff with my partner | A: What happened next? | U: things are fine now with my partner, I don’t know | A: What happened next? | U: it was a bit tense | U: we talked about it with my partner...",normal,low,0.3,relationship,4,no,0.85
ac29428e-c9a0-423c-a981-cc6d96a82f26,"U: we had a disagreement outside, it’s just weird... | A: What happened next? | U: we talked about it outside | A: What happened next? | U: just normal stuff | A: What happened next? | U: it was a bit tense outside | A: I'm listening. | U: it wasn’t serious",normal,low,0.35,public,5,no,0.84
773743c9-6530-4378-8c59-336e99c6ff41,"U: things are fine now, it’s just weird | A: Can you explain a bit more? | U: it wasn’t serious, I don’t know... | A: I'm listening. | U: we talked about it | U: it was a bit tense, I don’t know | U: just normal stuff | A: What happened next? | U: we had a disagreement...",normal,low,0.4,family,6,no,0.75
a8cccec4-a1b0-4ceb-914e-69a5db7f6048,"U: it was a bit tense, I’m not sure | A: What happened next? | U: things are fine now, I don’t know... | A: What happened next? | U: we had a disagreement in public, maybe I’m overthinking | A: Can you explain a bit more? | U: just normal stuff | U: it wasn’t serious, it’s just weird",normal,low,0.35,public,5,no,0.86
b65715cf-9e24-4751-a8be-f6cf6c7095ca,"U: we had a disagreement in public... | U: it was a bit tense in public | U: it wasn’t serious in public | A: Can you explain a bit more? | U: things are fine now in public... | A: What happened next? | U: we talked about it, i tried to ignore it",normal,low,0.35,public,5,no,0.78
ec8a311d-c13c-4260-a07f-85ea154e2c57,"U: things are fine now at home | A: What happened next? | U: we talked about it, it’s just weird | A: I'm listening. | U: it was a bit tense at home",normal,low,0.25,domestic,3,no,0.93
31821d7c-68df-428d-bab7-41eb311f4c7b,"U: we had a disagreement, I tried to ignore it | A: What happened next? | U: we talked about it with my family, I don’t know... | A: Can you explain a bit more? | U: it was a bit tense with my family...",normal,low,0.25,family,3,no,0.84
cf5bfa9e-4911-43ea-95e3-395b774fc06c,"U: things are fine now | A: Can you explain a bit more? | U: it wasn’t serious | A: Can you explain a bit more? | U: we had a disagreement, i don’t know | A: What happened next? | U: just normal stuff at home, it’s just weird...",normal,low,0.3,domestic,4,no,0.91
79450a55-fa77-4960-890a-989244b00d0e,"U: it was a bit tense in public, I tried to ignore it | U: things are fine now | U: we talked about it in public, it’s just weird | U: just normal stuff in public",normal,low,0.3,public,4,no,0.82
dabaed53-403d-449a-8cb6-987918429999,"U: things are fine now outside | A: I'm listening. | U: we talked about it outside | A: What happened next? | U: it wasn’t serious, I’m not sure | A: What happened next? | U: it was a bit tense outside | A: What happened next? | U: we had a disagreement, i’m not sure | U: just normal stuff",normal,low,0.4,public,6,no,0.9
fefc183f-5212-4cdf-b2f9-a247960e7872,"U: things are fine now at home | U: it was a bit tense at home | A: Can you explain a bit more? | U: we talked about it at home, I tried to ignore it | A: I'm listening. | U: we had a disagreement | A: What happened next? | U: just normal stuff, I tried to ignore it...",normal,low,0.35,domestic,5,no,0.9
15c45e45-cbd4-4e9c-af3d-ea7cc95161a3,"U: just normal stuff with my family | A: Can you explain a bit more? | U: it wasn’t serious with my family, it’s just weird... | A: I'm listening. | U: we talked about it | A: Can you explain a bit more? | U: we had a disagreement with my family, it’s just weird",normal,low,0.3,family,4,no,0.87
60fc8460-1bf0-4454-b64d-656b39c0bf16,"U: things are fine now | U: it wasn’t serious | U: we had a disagreement | U: it was a bit tense, i tried to ignore it | A: Can you explain a bit more? | U: just normal stuff | A: What happened next? | U: we talked about it",normal,low,0.4,unknown,6,no,0.8
97c43afb-5c91-4dd0-a07d-31a3f284b772,"U: we talked about it... | A: Can you explain a bit more? | U: just normal stuff, it’s just weird | A: Can you explain a bit more? | U: we had a disagreement, I don’t know | U: things are fine now, it’s just weird",normal,low,0.3,unknown,4,no,0.79
2b1c6b9c-62ab-4c9e-a4a4-cc9e024b9d21,U: we talked about it at home | U: it wasn’t serious | A: What happened next? | U: just normal stuff at home | A: I'm listening. | U: it was a bit tense at home | A: What happened next? | U: we had a disagreement,normal,low,0.35,domestic,5,no,0.93
536f2a0d-51e8-42d8-a454-4f37d83cdd1e,"U: just normal stuff in the house, I’m not sure... | A: Can you explain a bit more? | U: it wasn’t serious in the house | A: Can you explain a bit more? | U: it was a bit tense... | A: What happened next? | U: we had a disagreement in the house",normal,low,0.3,domestic,4,no,0.9
43233255-cac3-4086-b51f-c9c8c14476d2,"U: just normal stuff with my partner... | A: I'm listening. | U: we talked about it with my partner... | A: Can you explain a bit more? | U: things are fine now with my partner | U: we had a disagreement, I tried to ignore it | A: Can you explain a bit more? | U: it wasn’t serious | U: it was a bit tense",normal,low,0.4,relationship,6,no,0.76
92d002ab-59b2-429d-aa71-21a4465e67b2,U: we had a disagreement in public | A: Can you explain a bit more? | U: it was a bit tense | A: What happened next? | U: it wasn’t serious,normal,low,0.25,public,3,no,0.76
e46f8062-6b72-41ea-90b1-83114a421ebd,"U: we had a disagreement, I don’t know | A: What happened next? | U: it was a bit tense at home... | A: I'm listening. | U: it wasn’t serious, I don’t know | A: Can you explain a bit more? | U: we talked about it at home | A: I'm listening. | U: just normal stuff at home... | U: things are fine now at home, i tried to ignore it",normal,low,0.4,domestic,6,no,0.92
463d27c2-4d75-4c52-8a68-1b7b4b82a2be,"U: it wasn’t serious | U: we had a disagreement, i’m not sure | U: we talked about it | U: just normal stuff",normal,low,0.3,relationship,4,no,0.93
4e9ed16e-8a23-4215-85be-6a8ac8064103,U: we talked about it with my partner... | A: Can you explain a bit more? | U: it was a bit tense with my partner | U: it wasn’t serious | A: Can you explain a bit more? | U: things are fine now | U: we had a disagreement with my partner | A: What happened next? | U: just normal stuff,normal,low,0.4,relationship,6,no,0.95
59172ae3-6448-4366-ac40-926c9ce2e521,U: it wasn’t serious... | U: just normal stuff | A: I'm listening. | U: it was a bit tense with my partner | A: What happened next? | U: we had a disagreement...,normal,low,0.3,relationship,4,no,0.95
df526b9d-c2ce-4b1c-a7c7-6c1b9d8f48e3,"U: it was a bit tense with my family, it’s just weird | A: Can you explain a bit more? | U: we talked about it with my family | U: things are fine now with my family, I’m not sure | A: What happened next? | U: it wasn’t serious | A: What happened next? | U: we had a disagreement with my family, I don’t know | A: Can you explain a bit more? | U: just normal stuff",normal,low,0.4,family,6,no,0.77
9e5f4b91-1a52-44cf-ae8b-3b224df30fa0,"U: it wasn’t serious, i don’t know | A: I'm listening. | U: we talked about it | A: What happened next? | U: just normal stuff",normal,low,0.25,unknown,3,no,0.88
061b2102-ba71-4f1f-b9a0-d189ccd1456d,"U: we had a disagreement... | A: Can you explain a bit more? | U: it was a bit tense, I tried to ignore it | A: I'm listening. | U: things are fine now | A: Can you explain a bit more? | U: we talked about it | U: just normal stuff, I’m not sure...",normal,low,0.35,unknown,5,no,0.9
5b642eda-9997-46ae-889e-e31e5ec86a4d,"U: things are fine now with my family, I don’t know | U: it was a bit tense... | A: I'm listening. | U: we had a disagreement with my family | A: I'm listening. | U: it wasn’t serious | A: Can you explain a bit more? | U: just normal stuff with my family | A: Can you explain a bit more? | U: we talked about it, i tried to ignore it...",normal,low,0.4,family,6,no,0.85
ddb44876-0f5e-4e25-a17c-0198885fc6e0,"U: we had a disagreement, I don’t know | A: I'm listening. | U: it was a bit tense | U: just normal stuff in the house... | U: we talked about it | U: things are fine now, i tried to ignore it | A: Can you explain a bit more? | U: it wasn’t serious",normal,low,0.4,domestic,6,no,0.85
bcd2ab83-e9dc-456c-b0ce-74781d9ce1bb,"U: just normal stuff, maybe i’m overthinking... | A: I'm listening. | U: it was a bit tense | A: What happened next? | U: we had a disagreement with my family | U: it wasn’t serious, i tried to ignore it | A: Can you explain a bit more? | U: we talked about it with my family | U: things are fine now",normal,low,0.4,family,6,no,0.85
0e13d7c8-3e4b-4597-a45c-c6676bac9cc7,"U: it wasn’t serious, I tried to ignore it | A: What happened next? | U: we had a disagreement, I don’t know | U: it was a bit tense",normal,low,0.25,domestic,3,no,0.75
626a075e-ce16-4fab-85df-1fa237694794,"U: it wasn’t serious | A: Can you explain a bit more? | U: we talked about it, maybe i’m overthinking | A: I'm listening. | U: we had a disagreement | A: I'm listening. | U: things are fine now, it’s just weird",normal,low,0.3,public,4,no,0.89
295bb28e-3e04-4f05-ad07-178d7c0929d4,"U: we had a disagreement, I’m not sure... | U: it was a bit tense, I’m not sure... | U: just normal stuff, maybe I’m overthinking | U: it wasn’t serious in the house, i’m not sure | U: we talked about it | A: Can you explain a bit more? | U: things are fine now, maybe I’m overthinking",normal,low,0.4,domestic,6,no,0.83
7e0013e3-ade7-44cd-ad43-33f1050f8945,"U: we had a disagreement, it’s just weird... | A: What happened next? | U: we talked about it... | A: What happened next? | U: it was a bit tense, I tried to ignore it | U: it wasn’t serious, I don’t know",normal,low,0.3,unknown,4,no,0.89
64ee694f-467d-4590-a2d3-8b3ca71c2103,"U: it wasn’t serious | A: I'm listening. | U: we had a disagreement in public, i tried to ignore it | A: What happened next? | U: we talked about it in public | A: I'm listening. | U: things are fine now in public",normal,low,0.3,public,4,no,0.82
08946d99-4542-436e-aad5-88e04f3f3ad3,"U: we talked about it, maybe I’m overthinking | U: just normal stuff outside, I’m not sure | A: What happened next? | U: things are fine now | A: Can you explain a bit more? | U: it wasn’t serious outside | A: I'm listening. | U: it was a bit tense, I tried to ignore it | A: I'm listening. | U: we had a disagreement, maybe I’m overthinking...",normal,low,0.4,public,6,no,0.81
5512f2fc-9236-4501-a6d2-dad0b20e150a,U: it was a bit tense | A: What happened next? | U: things are fine now | U: we talked about it,normal,low,0.25,unknown,3,no,0.75
cc386b4a-bb21-4e9b-b706-6c6a0e478804,"U: things are fine now, maybe I’m overthinking | U: it was a bit tense, I don’t know... | A: Can you explain a bit more? | U: we talked about it",normal,low,0.25,unknown,3,no,0.83
85e9f15b-6c18-4906-aeef-853acf2bb7d9,"U: it was a bit tense... | A: What happened next? | U: just normal stuff, maybe I’m overthinking | U: things are fine now with my family, it’s just weird | A: I'm listening. | U: we had a disagreement with my family",normal,low,0.3,family,4,no,0.88
7670af31-bd4e-40a7-b25d-0b3cb30b1e1a,"U: just normal stuff with my partner | A: What happened next? | U: it was a bit tense | A: What happened next? | U: it wasn’t serious, it’s just weird | A: What happened next? | U: we had a disagreement with my partner, I don’t know",normal,low,0.3,relationship,4,no,0.79
630e7191-4e6b-4fc0-bfde-1dee044dc8c5,"U: we had a disagreement, I don’t know | A: Can you explain a bit more? | U: things are fine now, it’s just weird | A: Can you explain a bit more? | U: just normal stuff, I don’t know",normal,low,0.25,unknown,3,no,0.8
d26ee604-d5c9-4781-8e53-7ddcb40827d9,"U: just normal stuff | U: it was a bit tense, I don’t know | U: we had a disagreement, maybe I’m overthinking | A: What happened next? | U: it wasn’t serious | A: What happened next? | U: we talked about it, it’s just weird",normal,low,0.35,unknown,5,no,0.92
867ae63c-0394-4353-80cf-326c92b7b533,"U: things are fine now, I don’t know | U: it was a bit tense, I don’t know | U: we had a disagreement | A: I'm listening. | U: just normal stuff | U: it wasn’t serious... | A: I'm listening. | U: we talked about it, I’m not sure...",normal,low,0.4,unknown,6,no,0.79
952f0eda-4d92-4267-8455-bc22153ac1d3,"U: we talked about it, I tried to ignore it | U: we had a disagreement, I tried to ignore it | A: Can you explain a bit more? | U: it was a bit tense",normal,low,0.25,family,3,no,0.79
51f1ed37-de0e-42f2-a2c1-c197253e1f4c,"U: just normal stuff | U: we had a disagreement, maybe I’m overthinking | U: it wasn’t serious | A: I'm listening. | U: things are fine now, i’m not sure | A: Can you explain a bit more? | U: we talked about it | A: Can you explain a bit more? | U: it was a bit tense",normal,low,0.4,unknown,6,no,0.94
9eeb168e-7a64-44a8-a97b-713982bbad9e,U: just normal stuff... | A: I'm listening. | U: it was a bit tense with my partner | U: we had a disagreement... | A: What happened next? | U: things are fine now,normal,low,0.3,relationship,4,no,0.93
f3391076-54e9-40bc-9b6f-e0e5f25410f1,"U: we talked about it in public | A: Can you explain a bit more? | U: it was a bit tense in public, i tried to ignore it | A: What happened next? | U: things are fine now in public | A: I'm listening. | U: we had a disagreement, I don’t know | A: What happened next? | U: it wasn’t serious in public",normal,low,0.35,public,5,no,0.75
d19d10c9-efd8-4b9b-b55e-a7defb3b2662,"U: just normal stuff, it’s just weird | A: Can you explain a bit more? | U: things are fine now outside, I don’t know | A: What happened next? | U: we had a disagreement | A: What happened next? | U: we talked about it | A: Can you explain a bit more? | U: it wasn’t serious | U: it was a bit tense, i don’t know...",normal,low,0.4,public,6,no,0.86
1367d7e3-86e5-485f-8fa9-16fc894457c6,"U: it was a bit tense, maybe I’m overthinking | A: I'm listening. | U: just normal stuff, I’m not sure | U: we talked about it",normal,low,0.25,unknown,3,no,0.92
eee60a9f-ae9e-46bb-beed-efc89c8a6770,"U: it was a bit tense, it’s just weird | A: I'm listening. | U: it wasn’t serious... | A: I'm listening. | U: we had a disagreement",normal,low,0.25,domestic,3,no,0.89
abdd7b50-8597-46ae-99cd-8f5351a3b68c,"U: things are fine now | U: we talked about it | A: I'm listening. | U: it wasn’t serious... | A: Can you explain a bit more? | U: just normal stuff | A: I'm listening. | U: we had a disagreement, i don’t know... | A: I'm listening. | U: it was a bit tense",normal,low,0.4,unknown,6,no,0.76
9e7b5a2c-cb6d-4ddd-8d61-81a6ef2ef463,"U: just normal stuff at home, it’s just weird | U: we talked about it | A: I'm listening. | U: it was a bit tense at home, I tried to ignore it | U: we had a disagreement, maybe I’m overthinking | A: I'm listening. | U: things are fine now, i tried to ignore it",normal,low,0.35,domestic,5,no,0.8
960684d7-8368-4832-866a-ac3dc6026693,"U: it was a bit tense with my family, I don’t know | A: What happened next? | U: things are fine now... | A: I'm listening. | U: just normal stuff | A: Can you explain a bit more? | U: we had a disagreement with my family | A: Can you explain a bit more? | U: we talked about it with my family | A: What happened next? | U: it wasn’t serious",normal,low,0.4,family,6,no,0.88
699d05ce-d0ef-4b93-b4b7-361656d72457,"U: we talked about it in public, maybe I’m overthinking... | A: I'm listening. | U: things are fine now in public | A: Can you explain a bit more? | U: we had a disagreement in public | A: I'm listening. | U: just normal stuff",normal,low,0.3,public,4,no,0.8
a2f564b5-af94-49b4-bc10-6cae68a45332,"U: we had a disagreement | U: it wasn’t serious | A: What happened next? | U: just normal stuff with my partner | A: What happened next? | U: things are fine now, I don’t know | A: What happened next? | U: it was a bit tense with my partner | A: Can you explain a bit more? | U: we talked about it with my partner",normal,low,0.4,relationship,6,no,0.88
e853710a-bda2-4240-a27a-dd5f36601f16,"U: it wasn’t serious, it’s just weird | U: we had a disagreement, it’s just weird... | A: What happened next? | U: we talked about it with my family, i’m not sure | A: Can you explain a bit more? | U: it was a bit tense",normal,low,0.3,family,4,no,0.94
baa564c2-af10-4366-b85d-a90a68f986d7,"U: it was a bit tense, I don’t know | A: What happened next? | U: it wasn’t serious | A: I'm listening. | U: just normal stuff with my partner | U: things are fine now with my partner, i don’t know | A: What happened next? | U: we talked about it, I don’t know | U: we had a disagreement",normal,low,0.4,relationship,6,no,0.93
0c21cbde-4f88-4be9-9380-05602ef4140d,"U: it wasn’t serious | A: What happened next? | U: we had a disagreement, i’m not sure | A: I'm listening. | U: just normal stuff, I don’t know",normal,low,0.25,unknown,3,no,0.76
9582920f-d2b4-4977-af24-7edd0a6b2ca5,"U: just normal stuff, i tried to ignore it... | U: we had a disagreement... | U: we talked about it | A: I'm listening. | U: things are fine now, maybe I’m overthinking",normal,low,0.3,domestic,4,no,0.82
58c70af6-9bf9-41d7-ab95-64821a4782ff,"U: things are fine now | U: we had a disagreement | A: Can you explain a bit more? | U: we talked about it | A: Can you explain a bit more? | U: it was a bit tense... | A: I'm listening. | U: it wasn’t serious, I’m not sure | U: just normal stuff, maybe I’m overthinking",normal,low,0.4,family,6,no,0.83
925f5421-9432-4083-8d6b-2fa12646b61f,"U: just normal stuff, it’s just weird | U: we talked about it | A: What happened next? | U: it was a bit tense, maybe I’m overthinking | A: Can you explain a bit more? | U: it wasn’t serious | A: Can you explain a bit more? | U: we had a disagreement, I’m not sure | A: I'm listening. | U: things are fine now, i don’t know",normal,low,0.4,unknown,6,no,0.88
ff4c07c9-7c79-482c-84fa-d53bc3206e5e,"U: just normal stuff... | U: it was a bit tense with my family, I don’t know | A: Can you explain a bit more? | U: things are fine now | A: Can you explain a bit more? | U: we had a disagreement, it’s just weird | A: Can you explain a bit more? | U: it wasn’t serious | U: we talked about it",normal,low,0.4,family,6,no,0.88
321efad6-0c13-46e7-b413-bf7e209b7ae1,"U: things are fine now with my family | A: Can you explain a bit more? | U: just normal stuff with my family | U: it wasn’t serious | A: I'm listening. | U: we had a disagreement, I tried to ignore it | A: Can you explain a bit more? | U: we talked about it, I don’t know",normal,low,0.35,family,5,no,0.79
4b9ed13f-07b0-46d8-a9d7-8b398895c719,"U: things are fine now | A: Can you explain a bit more? | U: just normal stuff | A: Can you explain a bit more? | U: it wasn’t serious, I’m not sure | A: What happened next? | U: we talked about it with my partner, i don’t know | A: What happened next? | U: we had a disagreement with my partner, maybe I’m overthinking | A: I'm listening. | U: it was a bit tense",normal,low,0.4,relationship,6,no,0.76
e3b3dfbd-35eb-4c67-948a-29b1c5fa1927,"U: we talked about it | A: Can you explain a bit more? | U: it wasn’t serious, I don’t know | A: I'm listening. | U: it was a bit tense, maybe I’m overthinking | A: Can you explain a bit more? | U: we had a disagreement, maybe I’m overthinking...",normal,low,0.3,unknown,4,no,0.93
839a06d2-1834-4179-9cfa-439d4a5ccc38,"U: we had a disagreement with my partner | A: What happened next? | U: it wasn’t serious with my partner | A: Can you explain a bit more? | U: we talked about it with my partner | A: What happened next? | U: things are fine now, it’s just weird",normal,low,0.3,relationship,4,no,0.95
81367038-9307-46b4-9cd8-b22c5217788d,"U: it was a bit tense, it’s just weird | A: What happened next? | U: it wasn’t serious with my partner | U: we had a disagreement | A: Can you explain a bit more? | U: just normal stuff",normal,low,0.3,relationship,4,no,0.95
b6194dcc-e4e1-41fc-8423-850df8354ef2,"U: just normal stuff | A: Can you explain a bit more? | U: we had a disagreement, I’m not sure | A: Can you explain a bit more? | U: it wasn’t serious, it’s just weird",normal,low,0.25,domestic,3,no,0.79
a21bd21d-ef0e-4def-8477-d336878de6ce,"U: we talked about it with my partner, I don’t know | A: What happened next? | U: it was a bit tense, i’m not sure | U: we had a disagreement | A: I'm listening. | U: things are fine now | A: Can you explain a bit more? | U: just normal stuff...",normal,low,0.35,relationship,5,no,0.79
d5e80da2-9c72-459e-8566-fe7e9bc1b9de,"U: we talked about it, I don’t know | A: I'm listening. | U: we had a disagreement, I’m not sure | A: What happened next? | U: things are fine now",normal,low,0.25,public,3,no,0.94
f7966c61-a51e-4def-8fc3-18e500772ab8,"U: just normal stuff with my partner | U: we talked about it with my partner, I tried to ignore it | A: What happened next? | U: it was a bit tense with my partner | A: What happened next? | U: things are fine now | A: I'm listening. | U: we had a disagreement with my partner | A: Can you explain a bit more? | U: it wasn’t serious with my partner, I tried to ignore it",normal,low,0.4,relationship,6,no,0.82
5a23685b-6818-4da0-8dd1-9f28304061cc,"U: we talked about it... | U: it was a bit tense | U: we had a disagreement, I’m not sure | A: I'm listening. | U: things are fine now | U: it wasn’t serious",normal,low,0.35,unknown,5,no,0.93
ea4357b9-6cd2-4203-a330-9eb38f09a317,U: things are fine now... | U: just normal stuff | U: it was a bit tense | U: it wasn’t serious in public | A: I'm listening. | U: we talked about it in public | A: What happened next? | U: we had a disagreement in public,normal,low,0.4,public,6,no,0.76
87167eba-4ce0-4569-894f-ba08aabb7651,"U: just normal stuff, I tried to ignore it | U: it was a bit tense | U: we had a disagreement outside, i don’t know",normal,low,0.25,public,3,no,0.86
c34aa02f-5c78-4e43-91ec-8d6aa7c3f2c7,"U: things are fine now with my family | U: we talked about it with my family | A: I'm listening. | U: just normal stuff... | A: What happened next? | U: it was a bit tense, I don’t know | U: it wasn’t serious with my family",normal,low,0.35,family,5,no,0.87
4de9e11f-eca6-4c5f-bb2b-30a00707563b,"U: it was a bit tense, I don’t know | A: What happened next? | U: we had a disagreement outside, it’s just weird... | A: Can you explain a bit more? | U: just normal stuff, I don’t know | A: What happened next? | U: it wasn’t serious",normal,low,0.3,public,4,no,0.79
033e4558-3bc0-40f7-8e3c-c9b58551df5b,"U: we had a disagreement, I’m not sure | A: What happened next? | U: it was a bit tense in public, I tried to ignore it | U: it wasn’t serious in public",normal,low,0.25,public,3,no,0.91
62e3af8d-8857-478a-971a-1a8a5ca64f76,"U: things are fine now in public, I’m not sure | A: I'm listening. | U: just normal stuff in public, I’m not sure | A: Can you explain a bit more? | U: it wasn’t serious | A: I'm listening. | U: we talked about it in public, I don’t know... | A: Can you explain a bit more? | U: it was a bit tense in public... | U: we had a disagreement...",normal,low,0.4,public,6,no,0.94
24b4a844-e96f-4c22-83b4-6593397daea5,U: things are fine now | U: it was a bit tense | A: I'm listening. | U: we had a disagreement | A: I'm listening. | U: we talked about it at home,normal,low,0.3,domestic,4,no,0.81
db406736-2231-4185-b5fe-e3f2e36a5958,"U: we had a disagreement, I’m not sure | U: it was a bit tense, maybe I’m overthinking | U: just normal stuff | A: Can you explain a bit more? | U: we talked about it, I don’t know | U: it wasn’t serious",normal,low,0.35,public,5,no,0.75
091e476e-34e2-4866-b7cb-58b2627d0ba7,"U: it wasn’t serious, I don’t know | A: What happened next? | U: just normal stuff... | U: it was a bit tense with my partner, it’s just weird | U: we had a disagreement | A: Can you explain a bit more? | U: we talked about it with my partner, I don’t know | A: What happened next? | U: things are fine now with my partner",normal,low,0.4,relationship,6,no,0.85
b5aafc9e-003c-4850-bbd5-12b69d9c5539,"U: just normal stuff with my partner | U: it was a bit tense | A: I'm listening. | U: we talked about it, I’m not sure | A: Can you explain a bit more? | U: we had a disagreement | A: I'm listening. | U: it wasn’t serious with my partner, it’s just weird",normal,low,0.35,relationship,5,no,0.94
32ca4adf-604c-412f-8bcc-ed909ddca38d,U: just normal stuff with my family... | U: it wasn’t serious | A: Can you explain a bit more? | U: we talked about it | A: What happened next? | U: we had a disagreement with my family,normal,low,0.3,family,4,no,0.88
8ea48822-997c-449f-b465-48e019fa288c,"U: it wasn’t serious, I’m not sure | A: Can you explain a bit more? | U: we had a disagreement | A: What happened next? | U: just normal stuff",normal,low,0.25,unknown,3,no,0.93
93bf6458-4e86-40f0-9474-a388d83874f8,"U: just normal stuff | A: I'm listening. | U: we had a disagreement | A: Can you explain a bit more? | U: it wasn’t serious, I don’t know... | U: things are fine now at home, it’s just weird | A: Can you explain a bit more? | U: it was a bit tense at home",normal,low,0.35,domestic,5,no,0.92
b9b22b6a-6795-48a8-b0a2-0818ca3a3ce9,"U: things are fine now with my partner, I tried to ignore it | A: I'm listening. | U: it was a bit tense, it’s just weird | U: we talked about it",normal,low,0.25,relationship,3,no,0.91
17d1beb5-bfef-4004-9d9a-7a4f7daa95d6,"U: it was a bit tense, maybe I’m overthinking | U: it wasn’t serious... | A: I'm listening. | U: we talked about it, I don’t know | U: just normal stuff | A: Can you explain a bit more? | U: we had a disagreement",normal,low,0.35,family,5,no,0.78
ee61c3f1-1dba-43b7-bc63-1682f820e565,"U: it was a bit tense, maybe I’m overthinking... | A: What happened next? | U: we talked about it, it’s just weird | A: Can you explain a bit more? | U: we had a disagreement, maybe i’m overthinking",normal,low,0.25,domestic,3,no,0.91
7f3189fc-e294-4138-a1ae-804b2d3ba237,"U: just normal stuff... | A: I'm listening. | U: we talked about it, I’m not sure | A: Can you explain a bit more? | U: it was a bit tense in the house | U: things are fine now... | A: I'm listening. | U: we had a disagreement in the house",normal,low,0.35,domestic,5,no,0.76
5c180c3f-2723-4be7-8f0f-371820f97ac8,"U: it wasn’t serious with my partner, maybe i’m overthinking | A: I'm listening. | U: it was a bit tense with my partner... | A: I'm listening. | U: just normal stuff, i don’t know | A: Can you explain a bit more? | U: we had a disagreement, it’s just weird...",normal,low,0.3,relationship,4,no,0.93
687aa966-3702-44a7-bb79-d512291c8ce9,"U: things are fine now in public, it’s just weird | U: it was a bit tense in public, I tried to ignore it | A: Can you explain a bit more? | U: we talked about it | A: Can you explain a bit more? | U: it wasn’t serious",normal,low,0.3,public,4,no,0.84
76be9961-7e15-469c-90d3-71b0a1872add,U: just normal stuff | U: we had a disagreement with my family | A: What happened next? | U: things are fine now with my family | A: What happened next? | U: it was a bit tense with my family | A: What happened next? | U: it wasn’t serious...,normal,low,0.35,family,5,no,0.86
7e338738-532b-498a-8def-c59260bd85ce,"U: it was a bit tense with my partner | U: we talked about it with my partner | U: it wasn’t serious with my partner, I tried to ignore it",normal,low,0.25,relationship,3,no,0.86
9036fd88-5042-44e7-8f65-c0ce9686c13b,"U: it wasn’t serious, i’m not sure | A: Can you explain a bit more? | U: it was a bit tense, I tried to ignore it | A: Can you explain a bit more? | U: just normal stuff | A: Can you explain a bit more? | U: we talked about it | A: I'm listening. | U: we had a disagreement | A: Can you explain a bit more? | U: things are fine now",normal,low,0.4,family,6,no,0.88
8d7473c9-b054-4972-9062-30d71dbf298a,"U: we had a disagreement, it’s just weird... | A: I'm listening. | U: things are fine now, maybe I’m overthinking... | A: I'm listening. | U: it wasn’t serious, maybe I’m overthinking",normal,low,0.25,family,3,no,0.82
17498298-d8fe-4199-8458-556e931f2cc5,"U: things are fine now with my partner... | A: I'm listening. | U: it was a bit tense with my partner, maybe I’m overthinking | U: it wasn’t serious, I don’t know | A: I'm listening. | U: we talked about it | A: I'm listening. | U: we had a disagreement with my partner | A: I'm listening. | U: just normal stuff",normal,low,0.4,relationship,6,no,0.83
6e2de4a1-3d90-4b91-98ad-02dc9dbbadfd,U: it was a bit tense in the house | A: Can you explain a bit more? | U: we had a disagreement | U: we talked about it | U: just normal stuff | A: What happened next? | U: it wasn’t serious,normal,low,0.35,domestic,5,no,0.91
efc12dc1-eb68-42cf-905f-d704bc1e0650,"U: things are fine now, I tried to ignore it | U: we talked about it | U: we had a disagreement | U: it wasn’t serious",normal,low,0.3,family,4,no,0.93
0e62ff9a-c2c8-422a-a971-615881936109,"U: things are fine now at home | A: I'm listening. | U: just normal stuff | U: it was a bit tense at home, maybe i’m overthinking | A: I'm listening. | U: we talked about it at home | A: What happened next? | U: it wasn’t serious at home",normal,low,0.35,domestic,5,no,0.83
5d8345da-6a2f-40dc-9bb5-35e9c00a01c8,"U: we had a disagreement, it’s just weird | A: Can you explain a bit more? | U: it was a bit tense outside | A: Can you explain a bit more? | U: we talked about it... | A: What happened next? | U: it wasn’t serious, I don’t know",normal,low,0.3,public,4,no,0.82
b5355921-0371-422a-a3e1-99f9e3e24be1,"U: we talked about it in the house, maybe I’m overthinking | A: Can you explain a bit more? | U: we had a disagreement in the house | U: it was a bit tense, maybe I’m overthinking | A: I'm listening. | U: it wasn’t serious, I tried to ignore it | A: I'm listening. | U: just normal stuff in the house...",normal,low,0.35,domestic,5,no,0.76
03d4a6c6-401f-4c01-8bcf-01c1113c8ef4,"U: it wasn’t serious with my partner | A: I'm listening. | U: things are fine now | A: What happened next? | U: just normal stuff with my partner | A: I'm listening. | U: we talked about it with my partner, I don’t know",normal,low,0.3,relationship,4,no,0.92
6a260586-a80d-4dc1-9237-769de848207f,"U: we talked about it | A: I'm listening. | U: we had a disagreement in the house | A: What happened next? | U: it was a bit tense | A: I'm listening. | U: just normal stuff, I’m not sure | A: I'm listening. | U: things are fine now | U: it wasn’t serious in the house, i’m not sure",normal,low,0.4,domestic,6,no,0.77
05b9c553-d6f3-4b09-83d6-6b0cc887f46e,"U: we had a disagreement, it’s just weird | A: What happened next? | U: just normal stuff in the house, maybe I’m overthinking | A: What happened next? | U: things are fine now | A: Can you explain a bit more? | U: we talked about it, it’s just weird | U: it was a bit tense...",normal,low,0.35,domestic,5,no,0.77
db42d429-6411-430b-9b66-8583084a4612,"U: we talked about it, I don’t know | U: just normal stuff | U: we had a disagreement, maybe i’m overthinking | U: things are fine now | U: it was a bit tense | A: What happened next? | U: it wasn’t serious, I don’t know",normal,low,0.4,unknown,6,no,0.82
05ccb826-e0f3-4d20-bc9d-0f309ccd0846,"U: things are fine now | A: What happened next? | U: it wasn’t serious, it’s just weird | A: Can you explain a bit more? | U: just normal stuff, maybe I’m overthinking",normal,low,0.25,unknown,3,no,0.75
1f24aab0-4e30-4f35-a354-0764cf4c7750,"U: we talked about it... | A: I'm listening. | U: it was a bit tense, I tried to ignore it | A: Can you explain a bit more? | U: it wasn’t serious in the house, it’s just weird | A: I'm listening. | U: just normal stuff | A: I'm listening. | U: we had a disagreement... | A: What happened next? | U: things are fine now in the house",normal,low,0.4,domestic,6,no,0.94
01b3e8ce-dba1-4702-ab26-063ff7e1e16f,"U: it was a bit tense | A: Can you explain a bit more? | U: things are fine now | U: we talked about it, I tried to ignore it",normal,low,0.25,unknown,3,no,0.85
919a4564-926e-4c6a-a937-69a3da66aac3,U: we had a disagreement | A: Can you explain a bit more? | U: we talked about it | A: I'm listening. | U: things are fine now... | A: What happened next? | U: it wasn’t serious | A: What happened next? | U: it was a bit tense with my partner,normal,low,0.35,relationship,5,no,0.81
f548e66e-f31a-4a3b-a626-416788ece9b1,"U: we talked about it | A: Can you explain a bit more? | U: it wasn’t serious, i don’t know | A: I'm listening. | U: just normal stuff with my partner...",normal,low,0.25,relationship,3,no,0.8
c7caad2b-377e-407f-b8ce-1d204095231b,"U: just normal stuff with my partner, it’s just weird | A: Can you explain a bit more? | U: we talked about it | U: things are fine now with my partner, i don’t know...",normal,low,0.25,relationship,3,no,0.89
1a0231ab-2f96-49bf-a6b1-9a255a7d83e2,"U: it wasn’t serious with my family, maybe i’m overthinking | U: we had a disagreement, it’s just weird | A: Can you explain a bit more? | U: things are fine now, I’m not sure | U: it was a bit tense, I’m not sure | A: Can you explain a bit more? | U: we talked about it, I don’t know | A: I'm listening. | U: just normal stuff",normal,low,0.4,family,6,no,0.94
be435277-76b0-486f-b618-4045e26489f9,"U: things are fine now outside, I tried to ignore it | U: we had a disagreement, I don’t know | A: I'm listening. | U: it was a bit tense",normal,low,0.25,public,3,no,0.92
d6383957-0388-44dc-9091-a0f3867b279c,"U: we had a disagreement with my family, i tried to ignore it | U: it was a bit tense | U: just normal stuff with my family | U: we talked about it with my family, I don’t know | U: things are fine now with my family, I tried to ignore it...",normal,low,0.35,family,5,no,0.88
570d190a-0c2f-4221-88e7-fdfedbc59858,"U: just normal stuff | A: I'm listening. | U: we talked about it with my family... | A: What happened next? | U: it wasn’t serious, i’m not sure | A: I'm listening. | U: we had a disagreement with my family | A: What happened next? | U: it was a bit tense, it’s just weird",normal,low,0.35,family,5,no,0.81
07d5794e-b06b-44e9-ae85-5dc4f96f4613,"U: just normal stuff | A: Can you explain a bit more? | U: it was a bit tense, i’m not sure... | U: it wasn’t serious, maybe I’m overthinking",normal,low,0.25,unknown,3,no,0.86
6d914b2b-b3a7-4c68-9186-6cc3e7df9b7c,"U: we talked about it | A: I'm listening. | U: it was a bit tense... | A: I'm listening. | U: we had a disagreement, maybe i’m overthinking... | A: What happened next? | U: just normal stuff, I don’t know... | U: things are fine now | A: What happened next? | U: it wasn’t serious in public",normal,low,0.4,public,6,no,0.94
c1faf8ac-d543-48ce-bf9e-796b24892156,"U: we had a disagreement, maybe I’m overthinking | U: just normal stuff with my partner | A: What happened next? | U: we talked about it with my partner",normal,low,0.25,relationship,3,no,0.81
9a55756d-4cf9-44da-b4a0-47158e511a5b,"U: just normal stuff... | A: I'm listening. | U: it wasn’t serious, maybe I’m overthinking | U: things are fine now | A: What happened next? | U: we had a disagreement | U: we talked about it | A: I'm listening. | U: it was a bit tense",normal,low,0.4,unknown,6,no,0.86
5f1707b7-d951-4960-802d-9fbe69330306,"U: we talked about it | U: we had a disagreement | A: I'm listening. | U: things are fine now with my family | A: I'm listening. | U: it wasn’t serious with my family | A: What happened next? | U: just normal stuff, I don’t know",normal,low,0.35,family,5,no,0.81
ec05fb40-0823-441f-a34b-6386f8ef379f,"U: it was a bit tense, maybe I’m overthinking | A: What happened next? | U: it wasn’t serious, I’m not sure | U: things are fine now | A: What happened next? | U: just normal stuff | U: we had a disagreement in the house",normal,low,0.35,domestic,5,no,0.91
66d12421-0d53-4e7c-a962-b75d77e6aabc,"U: just normal stuff with my family, it’s just weird | A: Can you explain a bit more? | U: things are fine now with my family | A: Can you explain a bit more? | U: it wasn’t serious with my family, i tried to ignore it | A: Can you explain a bit more? | U: we had a disagreement, I’m not sure",normal,low,0.3,family,4,no,0.75
728aebb6-9646-42e9-93e7-9643e5608205,"U: it wasn’t serious, maybe I’m overthinking... | A: I'm listening. | U: things are fine now, I’m not sure | A: Can you explain a bit more? | U: we talked about it, it’s just weird",normal,low,0.25,public,3,no,0.87
a53452da-0aa9-4258-bc8e-27719445e90f,"U: we had a disagreement, I don’t know | U: things are fine now | A: I'm listening. | U: just normal stuff in public | A: What happened next? | U: we talked about it in public, I tried to ignore it | A: Can you explain a bit more? | U: it wasn’t serious, I’m not sure | U: it was a bit tense, maybe I’m overthinking",normal,low,0.4,public,6,no,0.85
3afb7960-4cb0-4c2e-8090-c1bad3ea4d3e,U: we had a disagreement... | A: What happened next? | U: we talked about it | U: things are fine now,normal,low,0.25,family,3,no,0.8
3891b33b-f77e-40e8-bad6-afecf65299ac,"U: just normal stuff, I don’t know | A: I'm listening. | U: it wasn’t serious | A: What happened next? | U: we talked about it with my family, I tried to ignore it... | A: I'm listening. | U: we had a disagreement with my family, i don’t know | A: What happened next? | U: things are fine now, I tried to ignore it | A: Can you explain a bit more? | U: it was a bit tense",normal,low,0.4,family,6,no,0.9
e55b65f4-9418-473a-9f4b-fd3a00322461,"U: just normal stuff | A: What happened next? | U: it wasn’t serious... | A: I'm listening. | U: we had a disagreement... | A: What happened next? | U: we talked about it, I tried to ignore it",normal,low,0.3,unknown,4,no,0.9
0dd1a3b8-5a2a-4629-9b96-80e2291e90fa,"U: just normal stuff in public, I tried to ignore it | A: I'm listening. | U: we talked about it | A: Can you explain a bit more? | U: we had a disagreement, I’m not sure | A: What happened next? | U: things are fine now in public, I tried to ignore it | A: Can you explain a bit more? | U: it was a bit tense, maybe I’m overthinking",normal,low,0.35,public,5,no,0.87
1294f266-1bd8-4072-b8c1-4217519f21f9,"U: it wasn’t serious outside | A: Can you explain a bit more? | U: just normal stuff outside, I tried to ignore it | A: Can you explain a bit more? | U: it was a bit tense, I tried to ignore it... | U: things are fine now, I don’t know... | A: What happened next? | U: we talked about it outside",normal,low,0.35,public,5,no,0.83
006f2289-7d70-4ac2-91b9-b26017901366,U: we talked about it | A: What happened next? | U: things are fine now with my family | A: I'm listening. | U: just normal stuff,normal,low,0.25,family,3,no,0.89
0d62416e-c271-45a1-a9f0-4aab3f2fa7a2,"U: things are fine now, I’m not sure | A: I'm listening. | U: we had a disagreement, I’m not sure | U: it wasn’t serious | U: it was a bit tense",normal,low,0.3,family,4,no,0.9
928879fe-8329-48d9-971b-5ff78c1d8019,"U: things are fine now | A: Can you explain a bit more? | U: it was a bit tense in the house | U: we talked about it, maybe I’m overthinking | A: Can you explain a bit more? | U: it wasn’t serious, I don’t know... | A: I'm listening. | U: we had a disagreement",normal,low,0.35,domestic,5,no,0.81
df6e13c3-b6a6-4668-8e75-2e1efe3cb51d,"U: it was a bit tense | A: I'm listening. | U: we talked about it with my partner... | A: Can you explain a bit more? | U: things are fine now with my partner... | A: What happened next? | U: just normal stuff, i tried to ignore it | A: What happened next? | U: it wasn’t serious | A: Can you explain a bit more? | U: we had a disagreement",normal,low,0.4,relationship,6,no,0.81
fe7cb1d5-5603-47f7-a4ff-dd160454dc2d,"U: it wasn’t serious, maybe I’m overthinking | A: What happened next? | U: just normal stuff with my family | U: it was a bit tense, I don’t know... | A: Can you explain a bit more? | U: things are fine now, maybe I’m overthinking | U: we talked about it, I don’t know | A: Can you explain a bit more? | U: we had a disagreement",normal,low,0.4,family,6,no,0.84
4d98704d-2311-4f88-a5bd-2d66b40139f3,"U: it wasn’t serious, it’s just weird | A: I'm listening. | U: things are fine now at home | A: Can you explain a bit more? | U: we talked about it | U: it was a bit tense at home",normal,low,0.3,domestic,4,no,0.84
a4fd53ce-d456-4981-98c9-48b7091ef406,"U: just normal stuff | A: What happened next? | U: it wasn’t serious... | U: we had a disagreement outside | A: Can you explain a bit more? | U: it was a bit tense, it’s just weird... | A: Can you explain a bit more? | U: things are fine now, I tried to ignore it | U: we talked about it",normal,low,0.4,public,6,no,0.76
cb3f5b88-6d7a-4a2c-a306-b260a25563fd,"U: we talked about it outside, it’s just weird | A: I'm listening. | U: just normal stuff... | A: What happened next? | U: things are fine now, I tried to ignore it | A: What happened next? | U: it was a bit tense | A: Can you explain a bit more? | U: we had a disagreement",normal,low,0.35,public,5,no,0.83
09bae119-d574-4f64-9a06-cd62c43b10d7,"U: it was a bit tense | A: Can you explain a bit more? | U: we had a disagreement | A: What happened next? | U: things are fine now outside, I don’t know | U: just normal stuff, I tried to ignore it | A: I'm listening. | U: we talked about it...",normal,low,0.35,public,5,no,0.82
6b79671a-9a4e-4a73-9776-81f1550a9957,U: just normal stuff with my family | A: I'm listening. | U: it wasn’t serious... | A: What happened next? | U: we had a disagreement | U: we talked about it...,normal,low,0.3,family,4,no,0.76
980a28f1-4ac4-4c3e-96ce-79fe487e964b,"U: we had a disagreement in public | A: I'm listening. | U: things are fine now in public... | A: Can you explain a bit more? | U: we talked about it in public | A: What happened next? | U: it was a bit tense, I tried to ignore it | A: I'm listening. | U: it wasn’t serious in public, I don’t know",normal,low,0.35,public,5,no,0.75
817ff610-d351-466e-a7f8-7e7da2db7bef,"U: just normal stuff with my partner | A: Can you explain a bit more? | U: things are fine now | A: I'm listening. | U: we had a disagreement, I don’t know... | U: it was a bit tense | U: we talked about it, i don’t know | U: it wasn’t serious, maybe i’m overthinking...",normal,low,0.4,relationship,6,no,0.75
b369d4c6-8247-44f6-9759-c3108c256b58,"U: we talked about it | A: What happened next? | U: just normal stuff | A: I'm listening. | U: it was a bit tense with my family... | U: it wasn’t serious with my family, I don’t know | A: I'm listening. | U: things are fine now with my family",normal,low,0.35,family,5,no,0.93
57ad02a2-1aef-4359-bb3b-c08852a2d8da,"U: just normal stuff | U: it was a bit tense | A: I'm listening. | U: things are fine now, maybe I’m overthinking | U: we had a disagreement | A: Can you explain a bit more? | U: it wasn’t serious | A: Can you explain a bit more? | U: we talked about it, it’s just weird",normal,low,0.4,relationship,6,no,0.92
dffa5f76-10dc-4659-a824-68aa757a1446,"U: it wasn’t serious with my partner | A: I'm listening. | U: it was a bit tense with my partner | A: What happened next? | U: just normal stuff, it’s just weird",normal,low,0.25,relationship,3,no,0.9
0b96fc82-b6cc-4b16-9df1-82dc4f890542,U: it was a bit tense | A: Can you explain a bit more? | U: we talked about it | A: Can you explain a bit more? | U: just normal stuff... | A: Can you explain a bit more? | U: we had a disagreement,normal,low,0.3,unknown,4,no,0.82
da5573f1-157c-46e6-9e87-5bc4e9df9b72,"U: it was a bit tense | U: it wasn’t serious outside, I’m not sure | A: I'm listening. | U: just normal stuff outside, it’s just weird | U: we talked about it | U: we had a disagreement",normal,low,0.35,public,5,no,0.9
581d13f1-e8cb-4727-9b27-0a49729d2a6a,"U: we talked about it, I don’t know | A: What happened next? | U: it wasn’t serious, I don’t know | A: I'm listening. | U: things are fine now, I’m not sure | A: Can you explain a bit more? | U: just normal stuff, I don’t know",normal,low,0.3,relationship,4,no,0.76
3a814aae-e08d-4f53-a2c8-67492725a678,"U: it wasn’t serious, i’m not sure | A: What happened next? | U: things are fine now | A: I'm listening. | U: we had a disagreement in public, it’s just weird | A: Can you explain a bit more? | U: just normal stuff in public | A: Can you explain a bit more? | U: it was a bit tense in public, I’m not sure... | A: Can you explain a bit more? | U: we talked about it in public, it’s just weird",normal,low,0.4,public,6,no,0.75
428c49a0-f9a7-4f19-8be0-844bf08a1dfe,"U: just normal stuff with my partner | A: Can you explain a bit more? | U: we had a disagreement, maybe i’m overthinking | U: it wasn’t serious",normal,low,0.25,relationship,3,no,0.8
f0f81e98-c843-4ac8-8415-c0645cf5f4a0,"U: we talked about it | A: I'm listening. | U: it was a bit tense with my family, I’m not sure | A: I'm listening. | U: just normal stuff | A: I'm listening. | U: we had a disagreement, maybe I’m overthinking... | A: What happened next? | U: things are fine now, I don’t know",normal,low,0.35,family,5,no,0.85
1e860114-d670-47a9-a92f-a32fda7333ce,"U: it was a bit tense | U: it wasn’t serious... | A: What happened next? | U: just normal stuff with my partner, maybe I’m overthinking...",normal,low,0.25,relationship,3,no,0.93
80ae46cc-c4b1-4eef-abaa-d35dc8319bbe,"U: we had a disagreement, maybe I’m overthinking | A: What happened next? | U: just normal stuff | A: What happened next? | U: things are fine now, i tried to ignore it",normal,low,0.25,unknown,3,no,0.92
a37b880f-a3d0-49a0-9585-4996cd7575c8,"U: it wasn’t serious in public, I don’t know | A: I'm listening. | U: things are fine now in public | A: What happened next? | U: we had a disagreement in public, maybe I’m overthinking | A: I'm listening. | U: just normal stuff | A: I'm listening. | U: it was a bit tense, I tried to ignore it",normal,low,0.35,public,5,no,0.76
c24831bb-97a8-444d-b5a0-fba18e3dc9f0,"U: we talked about it in the house... | A: I'm listening. | U: things are fine now in the house... | U: we had a disagreement in the house | U: just normal stuff in the house | A: What happened next? | U: it was a bit tense, i don’t know | U: it wasn’t serious in the house",normal,low,0.4,domestic,6,no,0.87
439b3b3c-fde0-4591-892b-a787bff861cd,"U: things are fine now | U: it was a bit tense, it’s just weird | A: I'm listening. | U: we had a disagreement at home, i’m not sure | A: What happened next? | U: we talked about it",normal,low,0.3,domestic,4,no,0.85
06c6225e-ce7f-4cc9-aee5-fd44826d7e0a,"U: we had a disagreement with my family | U: things are fine now | A: Can you explain a bit more? | U: just normal stuff with my family | A: I'm listening. | U: it was a bit tense, i’m not sure | A: Can you explain a bit more? | U: we talked about it",normal,low,0.35,family,5,no,0.89
05703705-f944-4911-a367-cdbe16c65b15,U: it wasn’t serious | A: I'm listening. | U: we talked about it | A: I'm listening. | U: things are fine now...,normal,low,0.25,unknown,3,no,0.9
fbcc98d4-a0ad-4535-a207-4dcd470ed900,"U: we had a disagreement with my partner, I’m not sure | A: What happened next? | U: it wasn’t serious | A: What happened next? | U: things are fine now | A: I'm listening. | U: it was a bit tense | U: just normal stuff, i’m not sure | U: we talked about it, I tried to ignore it",normal,low,0.4,relationship,6,no,0.86
007984b3-80d8-49be-8550-864769bf90e0,U: just normal stuff | A: What happened next? | U: we talked about it | A: Can you explain a bit more? | U: things are fine now... | U: it wasn’t serious,normal,low,0.3,public,4,no,0.83
a9b012ab-4971-4a33-bad6-2527c724b225,"U: just normal stuff outside, maybe I’m overthinking | A: I'm listening. | U: it was a bit tense | A: I'm listening. | U: things are fine now... | A: What happened next? | U: it wasn’t serious, I’m not sure | A: I'm listening. | U: we had a disagreement outside",normal,low,0.35,public,5,no,0.84
b87d6d2d-48dd-43b8-a4b1-51e92d3842de,"U: we talked about it | A: I'm listening. | U: things are fine now, it’s just weird | U: it was a bit tense, i don’t know",normal,low,0.25,unknown,3,no,0.94
5b444271-1186-4e8f-9b5e-b90a8f8ba1e6,"U: we talked about it | U: we had a disagreement | A: What happened next? | U: it wasn’t serious with my partner | A: I'm listening. | U: things are fine now, it’s just weird... | U: it was a bit tense with my partner, I don’t know | A: Can you explain a bit more? | U: just normal stuff with my partner",normal,low,0.4,relationship,6,no,0.94
2180f17e-af0a-4d16-935e-a8c9b8b3427b,"U: things are fine now | A: I'm listening. | U: it wasn’t serious | A: Can you explain a bit more? | U: we had a disagreement | A: Can you explain a bit more? | U: we talked about it... | U: just normal stuff | U: it was a bit tense, it’s just weird",normal,low,0.4,unknown,6,no,0.82
d66cf54c-841b-47dc-b1ff-8cf9e3810868,"U: we talked about it with my family, I don’t know | A: Can you explain a bit more? | U: it wasn’t serious with my family | A: Can you explain a bit more? | U: things are fine now, I tried to ignore it | A: I'm listening. | U: we had a disagreement | A: I'm listening. | U: it was a bit tense | A: I'm listening. | U: just normal stuff...",normal,low,0.4,family,6,no,0.93
bfeafbe1-3b98-4f99-af31-82e78f0754c6,"U: we had a disagreement, it’s just weird... | U: we talked about it | A: I'm listening. | U: it wasn’t serious",normal,low,0.25,relationship,3,no,0.82
868a4126-bb11-4bb4-bc63-fd40c61d3943,"U: we talked about it | U: things are fine now | A: What happened next? | U: just normal stuff, i tried to ignore it | A: I'm listening. | U: it was a bit tense with my partner",normal,low,0.3,relationship,4,no,0.94
e0066d4b-bb4a-4212-bdd4-3b7939da152f,"U: it wasn’t serious outside, I don’t know | A: I'm listening. | U: things are fine now... | U: we had a disagreement, maybe i’m overthinking",normal,low,0.25,public,3,no,0.88
b338f71b-c289-45c8-9c9a-2d664de67b55,"U: we had a disagreement | A: I'm listening. | U: just normal stuff, I don’t know... | A: Can you explain a bit more? | U: things are fine now, i tried to ignore it | U: it wasn’t serious... | A: I'm listening. | U: it was a bit tense, it’s just weird",normal,low,0.35,unknown,5,no,0.94
ed4b25cd-2ba2-40e6-a618-558807d0bcc1,"U: we talked about it | A: What happened next? | U: just normal stuff in the house, I’m not sure | A: What happened next? | U: it wasn’t serious in the house, maybe I’m overthinking | A: I'm listening. | U: things are fine now in the house, it’s just weird",normal,low,0.3,domestic,4,no,0.8
b9c76ea0-190e-476e-b982-e1d5218c3285,"U: we had a disagreement, i’m not sure | A: Can you explain a bit more? | U: it wasn’t serious, i don’t know | A: What happened next? | U: we talked about it | A: I'm listening. | U: just normal stuff, it’s just weird",normal,low,0.3,unknown,4,no,0.8
34b01258-a417-4368-b987-74426aae8e67,U: just normal stuff | U: it wasn’t serious | A: Can you explain a bit more? | U: things are fine now,normal,low,0.25,domestic,3,no,0.84
f5ffe592-cecf-494d-b2c7-0f81755d92be,"U: things are fine now... | U: we had a disagreement in the house | A: Can you explain a bit more? | U: we talked about it | A: Can you explain a bit more? | U: it was a bit tense, I’m not sure | U: just normal stuff, I tried to ignore it | U: it wasn’t serious in the house, maybe i’m overthinking",normal,low,0.4,domestic,6,no,0.95
a8a0cb66-b6d1-4921-a7e4-c5390a98fa7a,"U: just normal stuff | A: What happened next? | U: it was a bit tense in the house, I don’t know | U: things are fine now, i tried to ignore it | U: we had a disagreement, i’m not sure",normal,low,0.3,domestic,4,no,0.9
ae2f5260-1e90-462d-ab9c-18ff74c1ea76,"U: we talked about it | U: we had a disagreement, maybe i’m overthinking | U: just normal stuff",normal,low,0.25,public,3,no,0.81
1c543d63-c053-4a6c-96c3-d96339b9a68f,"U: just normal stuff, maybe I’m overthinking | U: things are fine now | A: Can you explain a bit more? | U: it was a bit tense | U: we talked about it, I tried to ignore it",normal,low,0.3,relationship,4,no,0.82
6030c3a3-6638-4bbd-a804-bdd9f65207c0,"U: it was a bit tense, i don’t know | U: things are fine now, maybe I’m overthinking | A: What happened next? | U: we talked about it | A: What happened next? | U: it wasn’t serious | U: just normal stuff | A: Can you explain a bit more? | U: we had a disagreement with my partner, it’s just weird",normal,low,0.4,relationship,6,no,0.76
a3d78e7d-4bec-4b7c-9c0e-bb8cb807e86e,"U: things are fine now, I don’t know | A: What happened next? | U: just normal stuff, it’s just weird | A: I'm listening. | U: we had a disagreement at home",normal,low,0.25,domestic,3,no,0.9
89a9f043-4e46-47d2-ac2f-d2e71cd71743,"U: just normal stuff, maybe I’m overthinking | A: What happened next? | U: things are fine now | A: I'm listening. | U: we had a disagreement | A: Can you explain a bit more? | U: we talked about it",normal,low,0.3,unknown,4,no,0.76
7ed2aa48-9295-450c-ae1a-0fcb12e1aa4c,"U: we had a disagreement with my partner | A: Can you explain a bit more? | U: it wasn’t serious, maybe I’m overthinking | A: Can you explain a bit more? | U: we talked about it with my partner",normal,low,0.25,relationship,3,no,0.86
70231386-67fd-482f-9ccd-92c6c649b5c3,"U: things are fine now, maybe I’m overthinking | A: What happened next? | U: we had a disagreement | A: Can you explain a bit more? | U: just normal stuff...",normal,low,0.25,unknown,3,no,0.79
c0f97645-5e05-48a2-bca4-4f0f03583e43,"U: we talked about it, it’s just weird | A: Can you explain a bit more? | U: things are fine now, maybe i’m overthinking... | A: I'm listening. | U: just normal stuff, it’s just weird | A: I'm listening. | U: it wasn’t serious, I don’t know | A: Can you explain a bit more? | U: it was a bit tense, I don’t know | U: we had a disagreement",normal,low,0.4,domestic,6,no,0.79
b4c43e4b-7191-4d10-87b2-eb4cd1e9dbf2,"U: we talked about it with my partner | A: Can you explain a bit more? | U: just normal stuff with my partner | A: I'm listening. | U: it was a bit tense with my partner, maybe I’m overthinking... | A: I'm listening. | U: we had a disagreement | A: I'm listening. | U: things are fine now",normal,low,0.35,relationship,5,no,0.79
7d2d2caf-d7f9-4ddf-9329-c7deefbd480d,"U: things are fine now, i’m not sure | U: it was a bit tense | A: What happened next? | U: just normal stuff, maybe I’m overthinking | A: Can you explain a bit more? | U: we talked about it, I’m not sure",normal,low,0.3,family,4,no,0.89
db11b5bf-7557-40ec-a58c-de7d41eb9103,"U: it was a bit tense, it’s just weird | A: I'm listening. | U: we talked about it | A: I'm listening. | U: we had a disagreement, maybe I’m overthinking | A: What happened next? | U: things are fine now...",normal,low,0.3,relationship,4,no,0.76
db2bed3b-c1c8-4f6e-a805-10450173154a,"U: we had a disagreement, maybe I’m overthinking | A: What happened next? | U: it wasn’t serious | A: What happened next? | U: it was a bit tense in the house | A: I'm listening. | U: we talked about it...",normal,low,0.3,domestic,4,no,0.95
a14aecb6-b69a-49ec-a327-8932857bfaaa,"U: just normal stuff, maybe I’m overthinking | A: I'm listening. | U: it was a bit tense at home | A: I'm listening. | U: things are fine now, maybe I’m overthinking",normal,low,0.25,domestic,3,no,0.75
0415f138-340d-4615-89ae-0447b4510b48,"U: we had a disagreement, I’m not sure | A: What happened next? | U: things are fine now with my family | U: it was a bit tense with my family... | A: I'm listening. | U: it wasn’t serious with my family... | A: I'm listening. | U: just normal stuff, I tried to ignore it",normal,low,0.35,family,5,no,0.88
5ad9979b-7b6b-4093-b9df-9da4e689a890,"U: it wasn’t serious, it’s just weird | A: I'm listening. | U: we talked about it outside, maybe i’m overthinking | A: What happened next? | U: just normal stuff",normal,low,0.25,public,3,no,0.89
3f87abd9-bcc4-4c05-969f-e30f6257e864,"U: we had a disagreement | A: I'm listening. | U: it wasn’t serious in the house | A: What happened next? | U: things are fine now, maybe I’m overthinking",normal,low,0.25,domestic,3,no,0.77
1ff8dc8f-241e-4429-9b78-fe08cd05c1e2,"U: we had a disagreement, it’s just weird | U: things are fine now, it’s just weird | A: What happened next? | U: we talked about it in public",normal,low,0.25,public,3,no,0.88
dd9a19d3-2929-4546-a14c-64f41e08fda2,"U: it was a bit tense, maybe I’m overthinking | A: I'm listening. | U: things are fine now | A: Can you explain a bit more? | U: we had a disagreement, I don’t know...",normal,low,0.25,public,3,no,0.93
3b384020-5358-4a53-a39b-704fbe41c116,"U: things are fine now in the house, I tried to ignore it | A: I'm listening. | U: we talked about it in the house | A: I'm listening. | U: just normal stuff... | A: Can you explain a bit more? | U: we had a disagreement in the house, it’s just weird",normal,low,0.3,domestic,4,no,0.91
a6d3e7c9-a9b4-4b3c-8043-e81c5c4dc450,"U: just normal stuff | A: I'm listening. | U: it was a bit tense | U: it wasn’t serious | A: What happened next? | U: things are fine now at home... | A: Can you explain a bit more? | U: we talked about it | A: Can you explain a bit more? | U: we had a disagreement, I tried to ignore it",normal,low,0.4,domestic,6,no,0.89
fb5db8cd-e986-49d5-a8ed-57667a744c15,"U: we talked about it | A: I'm listening. | U: it was a bit tense | A: What happened next? | U: things are fine now, i tried to ignore it | A: What happened next? | U: just normal stuff, I tried to ignore it... | A: Can you explain a bit more? | U: it wasn’t serious",normal,low,0.35,unknown,5,no,0.83
5fbe42e4-9626-4960-ad5a-b0487d015035,"U: we talked about it | A: I'm listening. | U: it was a bit tense, I tried to ignore it | U: it wasn’t serious, I’m not sure",normal,low,0.25,unknown,3,no,0.75
e62da815-de65-481a-bec4-cb227b665460,"U: we talked about it | A: What happened next? | U: it was a bit tense, it’s just weird | A: What happened next? | U: we had a disagreement outside",normal,low,0.25,public,3,no,0.87
f27db07c-e971-4667-b521-74fcf492f78c,"U: we talked about it | U: things are fine now | A: What happened next? | U: we had a disagreement | A: Can you explain a bit more? | U: just normal stuff, I’m not sure | A: I'm listening. | U: it was a bit tense",normal,low,0.35,unknown,5,no,0.87
86af84b3-16aa-434b-acd9-3d57d93c4e50,"U: just normal stuff, I tried to ignore it | A: I'm listening. | U: it wasn’t serious, I’m not sure | U: we talked about it... | U: we had a disagreement, I’m not sure | A: What happened next? | U: it was a bit tense | A: Can you explain a bit more? | U: things are fine now",normal,low,0.4,unknown,6,no,0.75
1c151bd8-5d1a-45d0-919d-2bc7be954357,"U: it wasn’t serious, I tried to ignore it | A: Can you explain a bit more? | U: just normal stuff... | U: it was a bit tense",normal,low,0.25,family,3,no,0.8
6be28e00-317f-4caa-8f43-1327a68f8a5c,"U: we had a disagreement | A: Can you explain a bit more? | U: just normal stuff, maybe I’m overthinking | A: I'm listening. | U: it was a bit tense... | A: Can you explain a bit more? | U: it wasn’t serious",normal,low,0.3,unknown,4,no,0.81
a77acb3a-7e58-4450-b5ae-e49bdc4b2de7,U: it wasn’t serious | U: just normal stuff | A: What happened next? | U: we talked about it | U: it was a bit tense with my family,normal,low,0.3,family,4,no,0.78
a2a8c8a5-147f-4e0b-94d8-3324ab8be5a0,"U: we had a disagreement, i’m not sure | A: What happened next? | U: we talked about it, I’m not sure | A: I'm listening. | U: just normal stuff, it’s just weird | A: I'm listening. | U: it was a bit tense, I tried to ignore it | A: Can you explain a bit more? | U: it wasn’t serious outside...",normal,low,0.35,public,5,no,0.9
bbe68d35-6dcb-47fa-ac29-2e713416ca30,"U: it wasn’t serious, i don’t know | A: Can you explain a bit more? | U: it was a bit tense with my partner | A: What happened next? | U: we talked about it, maybe I’m overthinking | A: Can you explain a bit more? | U: we had a disagreement, I don’t know | A: I'm listening. | U: just normal stuff with my partner, i’m not sure",normal,low,0.35,relationship,5,no,0.87
1bb909a9-148c-4579-a5ea-ab4b67ceb644,"U: we talked about it with my partner | A: I'm listening. | U: we had a disagreement with my partner... | A: What happened next? | U: it was a bit tense with my partner | U: just normal stuff with my partner | U: things are fine now, I don’t know",normal,low,0.35,relationship,5,no,0.75
3629dd2c-ac01-483c-9f88-44d3ac1b7577,"U: it was a bit tense | U: things are fine now... | U: we had a disagreement, I tried to ignore it | A: What happened next? | U: it wasn’t serious, it’s just weird | A: What happened next? | U: just normal stuff | A: What happened next? | U: we talked about it, I’m not sure...",normal,low,0.4,public,6,no,0.82
2a9fa1b7-4e9c-4725-a747-9506edc8506a,"U: we talked about it with my partner, i don’t know | U: just normal stuff, i don’t know | A: I'm listening. | U: it wasn’t serious with my partner, it’s just weird | U: it was a bit tense",normal,low,0.3,relationship,4,no,0.88
67ada199-0390-4243-8552-abf92134e1d9,"U: just normal stuff | A: I'm listening. | U: it wasn’t serious... | U: we had a disagreement with my partner | A: What happened next? | U: we talked about it with my partner, maybe i’m overthinking | U: things are fine now with my partner, i tried to ignore it... | A: Can you explain a bit more? | U: it was a bit tense with my partner",normal,low,0.4,relationship,6,no,0.84
896ce7da-cdbe-4cda-9482-2f9c67bfaaeb,"U: it wasn’t serious | U: just normal stuff in the house, I tried to ignore it | A: I'm listening. | U: it was a bit tense | A: What happened next? | U: things are fine now, it’s just weird | A: What happened next? | U: we had a disagreement...",normal,low,0.35,domestic,5,no,0.81
10904e9f-aaf8-4c62-8382-66bc8b325644,"U: things are fine now | A: I'm listening. | U: we had a disagreement | U: just normal stuff at home, maybe I’m overthinking",normal,low,0.25,domestic,3,no,0.77
50739282-793f-4ab1-b8f2-8bef850a0b30,"U: things are fine now in public | U: it was a bit tense, maybe I’m overthinking... | U: it wasn’t serious, I don’t know | A: What happened next? | U: we talked about it, I don’t know | U: we had a disagreement in public",normal,low,0.35,public,5,no,0.77
02e89ead-da6c-481b-92fe-b97bb6b8c133,U: things are fine now | A: I'm listening. | U: it was a bit tense | A: What happened next? | U: we had a disagreement outside,normal,low,0.25,public,3,no,0.84
e6b6692a-9660-4cd6-933e-65d35150dcc1,"U: we had a disagreement... | A: Can you explain a bit more? | U: it was a bit tense | U: just normal stuff with my partner, maybe I’m overthinking | U: it wasn’t serious | U: we talked about it with my partner",normal,low,0.35,relationship,5,no,0.91
5d8db87d-1ec4-4a3b-aa2c-aac50906aade,"U: things are fine now in the house | A: I'm listening. | U: we had a disagreement in the house | A: I'm listening. | U: it was a bit tense in the house... | U: it wasn’t serious, it’s just weird... | U: just normal stuff, I tried to ignore it | A: Can you explain a bit more? | U: we talked about it, it’s just weird",normal,low,0.4,domestic,6,no,0.83
4c99570a-109a-4381-9364-7ff86932ad78,"U: things are fine now | A: I'm listening. | U: we talked about it, it’s just weird | U: just normal stuff, I tried to ignore it | A: Can you explain a bit more? | U: it was a bit tense with my family | A: I'm listening. | U: we had a disagreement, I don’t know",normal,low,0.35,family,5,no,0.9
28000e43-fd99-49e5-b92e-4f4115e2cbd6,"U: we talked about it in public | U: things are fine now in public | A: What happened next? | U: we had a disagreement, maybe I’m overthinking | A: I'm listening. | U: just normal stuff, maybe i’m overthinking | A: Can you explain a bit more? | U: it wasn’t serious, i tried to ignore it... | U: it was a bit tense, I’m not sure...",normal,low,0.4,public,6,no,0.85
e8ff8942-feea-48a8-a4ec-272929fbe818,"U: it was a bit tense in the house | U: we talked about it | A: I'm listening. | U: we had a disagreement, it’s just weird | A: Can you explain a bit more? | U: things are fine now in the house, I tried to ignore it | A: I'm listening. | U: just normal stuff... | A: What happened next? | U: it wasn’t serious in the house, I don’t know",normal,low,0.4,domestic,6,no,0.92
5809cf82-e5e6-4f88-987a-03ca7a80b01d,U: it was a bit tense | A: What happened next? | U: it wasn’t serious in public | A: I'm listening. | U: things are fine now in public | A: What happened next? | U: just normal stuff in public | U: we talked about it | U: we had a disagreement in public,normal,low,0.4,public,6,no,0.85
f6cc6a8f-9b87-42f3-ae22-5f3c5c297d2b,"U: just normal stuff | A: What happened next? | U: we talked about it outside | A: I'm listening. | U: things are fine now | A: What happened next? | U: it was a bit tense outside, maybe I’m overthinking | A: What happened next? | U: we had a disagreement, maybe I’m overthinking... | U: it wasn’t serious outside, I’m not sure",normal,low,0.4,public,6,no,0.91
dcd6db70-3a93-4433-9f58-07ac89e75e60,"U: we had a disagreement | U: just normal stuff, it’s just weird | A: What happened next? | U: things are fine now with my partner | U: we talked about it with my partner... | A: Can you explain a bit more? | U: it was a bit tense | A: Can you explain a bit more? | U: it wasn’t serious with my partner",normal,low,0.4,relationship,6,no,0.85
53a70495-4609-4b71-91ab-419768f23cf9,"U: it was a bit tense, I tried to ignore it | U: it wasn’t serious, i tried to ignore it | A: I'm listening. | U: we had a disagreement with my partner",normal,low,0.25,relationship,3,no,0.78
695229ba-e781-4d58-afbb-3bbfac690847,"U: just normal stuff, I don’t know | A: I'm listening. | U: it wasn’t serious, it’s just weird | U: we had a disagreement | U: it was a bit tense | A: Can you explain a bit more? | U: we talked about it, it’s just weird... | U: things are fine now, I tried to ignore it",normal,low,0.4,unknown,6,no,0.75
29539ce3-c8b5-4015-8b34-8beafb99261e,"U: it wasn’t serious | A: I'm listening. | U: we had a disagreement | A: What happened next? | U: things are fine now | A: What happened next? | U: just normal stuff with my family, i tried to ignore it | A: What happened next? | U: it was a bit tense with my family",normal,low,0.35,family,5,no,0.8
cc56b121-0209-44e5-9956-35bc377870d2,"U: it wasn’t serious with my family | U: it was a bit tense with my family, maybe I’m overthinking | U: we talked about it, I don’t know | A: I'm listening. | U: things are fine now, it’s just weird | A: I'm listening. | U: just normal stuff with my family",normal,low,0.35,family,5,no,0.93
dde7f3b0-3786-4e1b-aa01-355767008744,U: it wasn’t serious | A: Can you explain a bit more? | U: it was a bit tense... | U: things are fine now outside,normal,low,0.25,public,3,no,0.81
2aa5e4e6-9f38-498b-bba3-eafd7fc1524d,"U: it was a bit tense, maybe I’m overthinking | U: we had a disagreement | A: What happened next? | U: it wasn’t serious",normal,low,0.25,unknown,3,no,0.76
d249bb2e-4695-414c-a0a9-00aeb2a83998,"U: just normal stuff | U: we talked about it | A: I'm listening. | U: it was a bit tense, i tried to ignore it | A: Can you explain a bit more? | U: we had a disagreement, i’m not sure | U: things are fine now with my family...",normal,low,0.35,family,5,no,0.8
7bdbe086-65ef-4fc1-a94e-6ab6c870b3f7,"U: it was a bit tense, I don’t know | U: we talked about it | A: What happened next? | U: it wasn’t serious | U: we had a disagreement... | U: just normal stuff | A: What happened next? | U: things are fine now, it’s just weird",normal,low,0.4,unknown,6,no,0.82
074e56cc-15de-4ad0-a009-46c98c3c83dd,"U: we had a disagreement... | A: Can you explain a bit more? | U: things are fine now in public, it’s just weird... | U: it was a bit tense, I don’t know | U: it wasn’t serious in public, I tried to ignore it",normal,low,0.3,public,4,no,0.92
779713a5-da08-4283-9fc3-58a58ce74e8c,"U: it wasn’t serious... | A: What happened next? | U: we talked about it, maybe i’m overthinking | A: I'm listening. | U: we had a disagreement | A: What happened next? | U: it was a bit tense | A: I'm listening. | U: things are fine now at home",normal,low,0.35,domestic,5,no,0.83
a4940966-c722-4b87-b779-7f3bfc2e3d30,"U: it wasn’t serious in the house | A: I'm listening. | U: it was a bit tense in the house, maybe I’m overthinking | U: just normal stuff in the house, I don’t know | A: I'm listening. | U: things are fine now in the house, I’m not sure",normal,low,0.3,domestic,4,no,0.94
1e4e791b-ffb1-41d5-89c6-b0fca52817b2,"U: things are fine now, I tried to ignore it | U: we had a disagreement in public, I’m not sure | A: What happened next? | U: it wasn’t serious, it’s just weird... | U: just normal stuff...",normal,low,0.3,public,4,no,0.9
0fa70707-df43-43da-bdc4-373de40bc73d,"U: just normal stuff, I don’t know | A: What happened next? | U: it was a bit tense... | U: we talked about it, I tried to ignore it | A: Can you explain a bit more? | U: it wasn’t serious | A: I'm listening. | U: things are fine now, I’m not sure | U: we had a disagreement, I don’t know",normal,low,0.4,unknown,6,no,0.76
340e1238-116b-46c7-b403-90d373797228,U: things are fine now | A: I'm listening. | U: just normal stuff | A: What happened next? | U: we had a disagreement... | A: What happened next? | U: it wasn’t serious...,normal,low,0.3,domestic,4,no,0.8
ac3b6244-ad06-44f1-9042-1a3d7887bf22,"U: we had a disagreement, maybe I’m overthinking | A: I'm listening. | U: just normal stuff | A: I'm listening. | U: it was a bit tense with my partner | A: What happened next? | U: things are fine now with my partner, it’s just weird | U: we talked about it, I don’t know",normal,low,0.35,relationship,5,no,0.79
e0a2d0b6-3379-451f-bb0d-f47687203275,"U: we had a disagreement, it’s just weird | A: Can you explain a bit more? | U: it wasn’t serious... | A: I'm listening. | U: things are fine now in the house, i tried to ignore it | U: we talked about it, I tried to ignore it | A: Can you explain a bit more? | U: just normal stuff",normal,low,0.35,domestic,5,no,0.84
04e66657-04c7-4e14-bc61-f8140503462f,"U: we talked about it in public | U: we had a disagreement in public, i tried to ignore it | A: Can you explain a bit more? | U: it was a bit tense in public, i tried to ignore it | A: Can you explain a bit more? | U: it wasn’t serious in public, it’s just weird",normal,low,0.3,public,4,no,0.82
f33af0c4-c659-4e25-a5ce-b739e89d9274,"U: we had a disagreement | U: just normal stuff, I’m not sure... | U: we talked about it at home | A: I'm listening. | U: it was a bit tense",normal,low,0.3,domestic,4,no,0.84
91e512a9-c83e-473b-abbe-81f99f89383e,"U: it wasn’t serious | A: I'm listening. | U: it was a bit tense | A: Can you explain a bit more? | U: we talked about it in the house, I tried to ignore it | A: I'm listening. | U: things are fine now | A: What happened next? | U: just normal stuff",normal,low,0.35,domestic,5,no,0.76
7ff25e46-db01-473a-9f55-971749227712,"U: it was a bit tense with my family, I don’t know | A: I'm listening. | U: things are fine now with my family | A: What happened next? | U: we talked about it | A: Can you explain a bit more? | U: we had a disagreement",normal,low,0.3,family,4,no,0.9
4a7db4b4-889b-4383-97f7-8d65607bce13,"U: we had a disagreement in the house | A: Can you explain a bit more? | U: we talked about it | U: it was a bit tense in the house, i don’t know... | A: What happened next? | U: it wasn’t serious, I’m not sure",normal,low,0.3,domestic,4,no,0.9
40cee8e5-c543-4b4c-859c-3d6432ff814a,"U: just normal stuff | U: we talked about it, I tried to ignore it | A: What happened next? | U: it wasn’t serious",normal,low,0.25,unknown,3,no,0.82
0665d575-6179-4076-b29f-275411c910fb,"U: things are fine now | A: What happened next? | U: just normal stuff | A: I'm listening. | U: it was a bit tense | A: What happened next? | U: we had a disagreement, i tried to ignore it | U: it wasn’t serious...",normal,low,0.35,unknown,5,no,0.76
962dbf9a-31c0-43b5-8bf2-73cc4da7e62b,"U: we talked about it, i’m not sure | A: I'm listening. | U: it wasn’t serious, I don’t know... | A: Can you explain a bit more? | U: just normal stuff, I don’t know | A: I'm listening. | U: it was a bit tense, I’m not sure",normal,low,0.3,unknown,4,no,0.77
b2f22691-3848-46bf-923a-b0e74ffd95d1,"U: it was a bit tense | U: we had a disagreement, it’s just weird | A: I'm listening. | U: we talked about it | A: I'm listening. | U: things are fine now in the house | A: I'm listening. | U: it wasn’t serious...",normal,low,0.35,domestic,5,no,0.95
7f215b84-4bd6-4e5e-853e-3ec4bd09c7e8,"U: it wasn’t serious | A: What happened next? | U: we had a disagreement with my partner | A: What happened next? | U: things are fine now with my partner, it’s just weird | A: I'm listening. | U: it was a bit tense, I’m not sure... | A: I'm listening. | U: we talked about it | A: What happened next? | U: just normal stuff with my partner",normal,low,0.4,relationship,6,no,0.76
754fce73-3ddc-4f73-ae10-fa1efcdcba30,"U: it wasn’t serious, it’s just weird | A: What happened next? | U: we talked about it | A: I'm listening. | U: things are fine now with my family",normal,low,0.25,family,3,no,0.81
64e4ca54-5726-4cd9-8fcd-4b632afbb0ba,"U: it was a bit tense, maybe I’m overthinking | A: Can you explain a bit more? | U: we talked about it | A: Can you explain a bit more? | U: things are fine now, I don’t know...",normal,low,0.25,unknown,3,no,0.79
783eb758-970c-4342-aa0f-be5b1552d673,"U: things are fine now, I’m not sure | A: I'm listening. | U: it wasn’t serious, I’m not sure | A: I'm listening. | U: it was a bit tense, it’s just weird",normal,low,0.25,domestic,3,no,0.75
ffddfb89-3c80-40b3-ac60-a1c7a7bf163b,"U: things are fine now... | A: Can you explain a bit more? | U: just normal stuff, I’m not sure | A: What happened next? | U: it wasn’t serious, I’m not sure | A: What happened next? | U: we talked about it | A: I'm listening. | U: we had a disagreement | A: I'm listening. | U: it was a bit tense, maybe i’m overthinking",normal,low,0.4,unknown,6,no,0.79
db7652ad-c190-4f8a-9ba4-a74393ddb168,"U: just normal stuff, it’s just weird | A: Can you explain a bit more? | U: it wasn’t serious in public | A: I'm listening. | U: we had a disagreement, maybe i’m overthinking",normal,low,0.25,public,3,no,0.9
8a207fa1-8c76-4005-9c40-416a8f4f0982,U: we had a disagreement | A: I'm listening. | U: it wasn’t serious | A: I'm listening. | U: it was a bit tense with my family | A: What happened next? | U: just normal stuff... | U: things are fine now | A: Can you explain a bit more? | U: we talked about it with my family,normal,low,0.4,family,6,no,0.85
7e00ce10-cb81-494e-84d4-188cafe19595,"U: it wasn’t serious, i tried to ignore it | U: it was a bit tense, maybe I’m overthinking... | A: Can you explain a bit more? | U: we had a disagreement... | U: things are fine now",normal,low,0.3,unknown,4,no,0.89
ba60a9a8-ff0a-4ac9-8727-7d63819e3a5c,"U: we talked about it, maybe I’m overthinking | U: just normal stuff, I don’t know | A: What happened next? | U: it wasn’t serious | A: Can you explain a bit more? | U: we had a disagreement with my partner | A: What happened next? | U: things are fine now",normal,low,0.35,relationship,5,no,0.78
1128ce2c-e2e4-4762-a474-9fa6b3762b65,"U: we talked about it | A: I'm listening. | U: just normal stuff... | U: we had a disagreement at home, maybe i’m overthinking | U: it wasn’t serious, maybe I’m overthinking... | A: Can you explain a bit more? | U: it was a bit tense at home... | A: What happened next? | U: things are fine now",normal,low,0.4,domestic,6,no,0.84
37a204c0-d0ff-467e-8c2e-f23ca6714ee9,"U: it was a bit tense | U: we had a disagreement, i don’t know | A: Can you explain a bit more? | U: it wasn’t serious | A: I'm listening. | U: just normal stuff | U: things are fine now, maybe I’m overthinking",normal,low,0.35,unknown,5,no,0.91
b88bb73d-a3b0-424c-9b94-f9d47e748354,"U: it was a bit tense, I don’t know | U: we talked about it, I don’t know | A: I'm listening. | U: things are fine now | A: What happened next? | U: we had a disagreement | A: I'm listening. | U: just normal stuff, maybe i’m overthinking",normal,low,0.35,unknown,5,no,0.89
347f1c51-be4f-4bc3-9fb4-8666e742e4fe,"U: things are fine now | A: What happened next? | U: we had a disagreement, I don’t know | U: just normal stuff | A: I'm listening. | U: we talked about it, i tried to ignore it... | A: Can you explain a bit more? | U: it wasn’t serious with my partner, it’s just weird",normal,low,0.35,relationship,5,no,0.93
627fd99c-0746-4358-8f03-89848afa48cb,"U: we had a disagreement, I don’t know... | A: Can you explain a bit more? | U: it wasn’t serious... | A: Can you explain a bit more? | U: just normal stuff | A: Can you explain a bit more? | U: we talked about it... | U: things are fine now, it’s just weird... | A: I'm listening. | U: it was a bit tense, I tried to ignore it",normal,low,0.4,unknown,6,no,0.75
4e79cbf5-3246-4aa5-bb66-7766ec3a63d2,"U: it was a bit tense with my family, I’m not sure | A: Can you explain a bit more? | U: we had a disagreement with my family, maybe i’m overthinking | A: What happened next? | U: it wasn’t serious with my family | A: I'm listening. | U: just normal stuff... | A: Can you explain a bit more? | U: things are fine now with my family... | A: What happened next? | U: we talked about it with my family",normal,low,0.4,family,6,no,0.89
f93a7147-87bd-4694-b96d-e86ae9c72248,"U: we had a disagreement at home, maybe i’m overthinking | A: What happened next? | U: it wasn’t serious | A: What happened next? | U: we talked about it | A: I'm listening. | U: it was a bit tense, it’s just weird | A: Can you explain a bit more? | U: things are fine now at home | A: Can you explain a bit more? | U: just normal stuff...",normal,low,0.4,domestic,6,no,0.9
188678f4-c26f-4e1d-a420-5f8adfc3f10a,"U: we talked about it | A: Can you explain a bit more? | U: we had a disagreement with my partner | U: it wasn’t serious | A: Can you explain a bit more? | U: just normal stuff, I tried to ignore it | A: Can you explain a bit more? | U: it was a bit tense, it’s just weird",normal,low,0.35,relationship,5,no,0.81
7831f38a-715e-4557-b5d2-005f19171f1f,U: it wasn’t serious | A: Can you explain a bit more? | U: things are fine now | U: we had a disagreement | A: What happened next? | U: just normal stuff | A: Can you explain a bit more? | U: it was a bit tense | A: What happened next? | U: we talked about it,normal,low,0.4,public,6,no,0.82
fb7b2678-8536-43d4-a0bb-b616ea7b53fd,"U: things are fine now in the house | A: What happened next? | U: we had a disagreement | A: I'm listening. | U: just normal stuff | A: What happened next? | U: we talked about it in the house, i tried to ignore it | A: I'm listening. | U: it was a bit tense in the house | A: What happened next? | U: it wasn’t serious, I’m not sure",normal,low,0.4,domestic,6,no,0.8
b098fe4d-6cc0-4553-a553-d4ec9fc7c955,"U: we had a disagreement | A: Can you explain a bit more? | U: things are fine now | A: Can you explain a bit more? | U: we talked about it, I tried to ignore it | A: What happened next? | U: it wasn’t serious",normal,low,0.3,family,4,no,0.8
24ee059e-f8b3-476c-a465-b80534583d3f,"U: we had a disagreement outside, I tried to ignore it | A: I'm listening. | U: just normal stuff outside, it’s just weird | A: Can you explain a bit more? | U: we talked about it | A: What happened next? | U: it wasn’t serious, i tried to ignore it | A: I'm listening. | U: things are fine now | A: I'm listening. | U: it was a bit tense",normal,low,0.4,public,6,no,0.77
aafe1035-eb25-4fa8-8adf-9087304cc9e4,"U: it wasn’t serious | U: we talked about it, maybe i’m overthinking | U: just normal stuff | U: things are fine now | A: Can you explain a bit more? | U: it was a bit tense...",normal,low,0.35,unknown,5,no,0.78
8e0114f4-4983-424f-a3ab-b811710340d0,"U: it wasn’t serious with my partner | A: I'm listening. | U: just normal stuff, it’s just weird | A: I'm listening. | U: things are fine now with my partner, i don’t know",normal,low,0.25,relationship,3,no,0.88
1b7608ee-55a3-47c1-add3-b023c347be59,"U: it wasn’t serious | A: I'm listening. | U: just normal stuff | A: What happened next? | U: we talked about it with my partner | U: we had a disagreement with my partner, I tried to ignore it",normal,low,0.3,relationship,4,no,0.86
f6c40ff7-ed98-44a6-81d9-e6c1ea2cfd07,"U: things are fine now, maybe I’m overthinking | A: What happened next? | U: we had a disagreement | A: I'm listening. | U: just normal stuff with my partner | A: What happened next? | U: we talked about it, it’s just weird",normal,low,0.3,relationship,4,no,0.92
35f1aa4a-be58-471b-9a09-5d0b06a7c6a6,"U: just normal stuff with my family | A: What happened next? | U: things are fine now with my family | A: I'm listening. | U: it was a bit tense, I’m not sure | A: Can you explain a bit more? | U: it wasn’t serious | A: What happened next? | U: we had a disagreement, maybe I’m overthinking",normal,low,0.35,family,5,no,0.8
febf312c-40c2-40c8-8b71-4d49090116ff,"U: we talked about it, I’m not sure | U: things are fine now in public... | A: Can you explain a bit more? | U: we had a disagreement in public, maybe I’m overthinking | A: Can you explain a bit more? | U: just normal stuff in public | A: I'm listening. | U: it was a bit tense, I tried to ignore it",normal,low,0.35,public,5,no,0.92
0d65102f-cd81-43e9-ae7a-e34e2be7d91d,U: just normal stuff | A: Can you explain a bit more? | U: things are fine now | U: it wasn’t serious... | A: Can you explain a bit more? | U: we talked about it,normal,low,0.3,relationship,4,no,0.79
625b6851-7241-4f55-91e5-07c94709350e,"U: it was a bit tense, I don’t know | A: Can you explain a bit more? | U: we had a disagreement with my partner, maybe i’m overthinking | A: What happened next? | U: we talked about it | A: I'm listening. | U: it wasn’t serious... | A: I'm listening. | U: just normal stuff, i don’t know | A: What happened next? | U: things are fine now",normal,low,0.4,relationship,6,no,0.82
a5553ef5-3dc0-4a07-aa89-d680534e355b,"U: it wasn’t serious with my partner, i’m not sure | U: we talked about it | U: just normal stuff | U: things are fine now with my partner | U: it was a bit tense with my partner",normal,low,0.35,relationship,5,no,0.77
13cc6b37-87aa-4df3-93eb-f79a00818ab1,"U: it was a bit tense | A: What happened next? | U: we talked about it, maybe i’m overthinking | A: Can you explain a bit more? | U: it wasn’t serious | A: I'm listening. | U: just normal stuff with my family, I don’t know | A: Can you explain a bit more? | U: we had a disagreement with my family",normal,low,0.35,family,5,no,0.91
cfbf8bbf-b0c0-4b05-b1c5-c44e13e3c14c,"U: things are fine now | U: it wasn’t serious in the house | A: Can you explain a bit more? | U: we had a disagreement in the house | A: What happened next? | U: we talked about it, it’s just weird",normal,low,0.3,domestic,4,no,0.79
ed4e1ad5-80e0-4acd-89c1-e6730e7fc198,"U: just normal stuff outside | U: things are fine now, I don’t know | A: I'm listening. | U: it wasn’t serious, I don’t know...",normal,low,0.25,public,3,no,0.83
4eb97e7a-ab83-4eda-87e5-b4c3bef942e0,"U: we talked about it... | A: What happened next? | U: just normal stuff, I tried to ignore it | A: Can you explain a bit more? | U: it wasn’t serious | A: What happened next? | U: it was a bit tense... | A: What happened next? | U: we had a disagreement | A: Can you explain a bit more? | U: things are fine now...",normal,low,0.4,domestic,6,no,0.85
b35a72ba-b21a-44d8-a188-de4df176299a,"U: just normal stuff with my partner... | A: What happened next? | U: it was a bit tense | A: I'm listening. | U: things are fine now with my partner | A: Can you explain a bit more? | U: we talked about it... | U: it wasn’t serious with my partner, I tried to ignore it",normal,low,0.35,relationship,5,no,0.91
1fc73c9f-12fc-4fd2-a714-5ede37b1f5df,"U: just normal stuff... | U: we talked about it | A: What happened next? | U: it wasn’t serious | U: it was a bit tense in public, maybe I’m overthinking",normal,low,0.3,public,4,no,0.93
fb08434b-d459-41de-8d34-0a435674cbfa,"U: we talked about it, I don’t know | A: Can you explain a bit more? | U: it was a bit tense, I tried to ignore it | U: just normal stuff with my family | A: What happened next? | U: we had a disagreement with my family | A: What happened next? | U: things are fine now with my family",normal,low,0.35,family,5,no,0.91
b4e08e44-f351-474a-9b7a-f01125ddb692,"U: we talked about it, I don’t know | U: it was a bit tense | A: What happened next? | U: just normal stuff...",normal,low,0.25,unknown,3,no,0.79
07cc0fd4-7166-46d0-a608-87fe4289a97d,"U: it was a bit tense, it’s just weird | A: What happened next? | U: it wasn’t serious | A: I'm listening. | U: we talked about it",normal,low,0.25,unknown,3,no,0.91
1e6e0d8f-94a4-4648-918c-2e6438e36b50,"U: we had a disagreement in public | A: Can you explain a bit more? | U: things are fine now | A: I'm listening. | U: it was a bit tense, I tried to ignore it... | U: it wasn’t serious... | A: What happened next? | U: just normal stuff, i don’t know...",normal,low,0.35,public,5,no,0.92
e7c53adf-f23a-476c-9ea4-9805583d1674,"U: it wasn’t serious, it’s just weird | A: Can you explain a bit more? | U: we talked about it outside | A: I'm listening. | U: just normal stuff, i tried to ignore it | A: What happened next? | U: we had a disagreement outside",normal,low,0.3,public,4,no,0.83
7e3c08b7-0dca-4834-bac1-3c2752a1127f,"U: it wasn’t serious at home | A: Can you explain a bit more? | U: just normal stuff at home, it’s just weird | A: I'm listening. | U: we talked about it at home | A: Can you explain a bit more? | U: it was a bit tense, I’m not sure | A: What happened next? | U: we had a disagreement",normal,low,0.35,domestic,5,no,0.84
52bc5744-9bc1-4616-9593-839f54df787d,"U: just normal stuff, it’s just weird | A: Can you explain a bit more? | U: it was a bit tense, I’m not sure | A: I'm listening. | U: we had a disagreement... | A: What happened next? | U: we talked about it, i tried to ignore it | A: I'm listening. | U: it wasn’t serious, it’s just weird | A: What happened next? | U: things are fine now",normal,low,0.4,unknown,6,no,0.83
eb3b8797-7e12-42b9-9bbd-2fc099ba7256,"U: it wasn’t serious in the house | U: it was a bit tense in the house | A: I'm listening. | U: we had a disagreement | U: things are fine now, it’s just weird... | A: I'm listening. | U: just normal stuff",normal,low,0.35,domestic,5,no,0.85
d1ed9ef8-0551-445b-bbe3-ec998f31efe4,"U: it was a bit tense, I tried to ignore it | A: I'm listening. | U: we had a disagreement, I tried to ignore it | A: I'm listening. | U: it wasn’t serious with my family | U: things are fine now with my family | A: I'm listening. | U: we talked about it | A: Can you explain a bit more? | U: just normal stuff with my family, it’s just weird",normal,low,0.4,family,6,no,0.91
691b862c-5ae5-4778-bf5d-b5fbf5d014fa,"U: just normal stuff | U: we had a disagreement, i’m not sure | A: I'm listening. | U: we talked about it | A: Can you explain a bit more? | U: it wasn’t serious | U: it was a bit tense in the house, I don’t know",normal,low,0.35,domestic,5,no,0.82
ecfbda3d-8256-4480-a97a-e6afc2cb04ec,"U: it was a bit tense, maybe I’m overthinking... | A: I'm listening. | U: we talked about it with my family, maybe I’m overthinking | A: Can you explain a bit more? | U: things are fine now | A: What happened next? | U: just normal stuff",normal,low,0.3,family,4,no,0.8
6c2a9719-017f-47cb-8b59-47e732ca002d,"U: it was a bit tense, I tried to ignore it | A: I'm listening. | U: just normal stuff, it’s just weird | U: it wasn’t serious in public... | A: What happened next? | U: we talked about it",normal,low,0.3,public,4,no,0.91
5f7c3289-90bf-4af0-9680-a201a597952e,"U: just normal stuff | A: Can you explain a bit more? | U: things are fine now, it’s just weird... | A: What happened next? | U: it was a bit tense, I’m not sure... | A: What happened next? | U: we had a disagreement... | A: What happened next? | U: we talked about it",normal,low,0.35,unknown,5,no,0.78
9b2e7037-da20-43aa-892f-1063247795f7,"U: it wasn’t serious with my family | A: I'm listening. | U: we talked about it, I don’t know | U: it was a bit tense | A: Can you explain a bit more? | U: just normal stuff with my family",normal,low,0.3,family,4,no,0.78
0dde97ca-bf14-40f0-a9ac-0aa3db7905bd,"U: it was a bit tense... | A: What happened next? | U: things are fine now... | A: I'm listening. | U: it wasn’t serious, I tried to ignore it...",normal,low,0.25,relationship,3,no,0.83
9429377e-1340-45af-83b2-6c8fdcd37c42,"U: things are fine now with my partner | A: What happened next? | U: it was a bit tense, I’m not sure | U: it wasn’t serious",normal,low,0.25,relationship,3,no,0.75
7f09f8ac-9157-4f34-a4a9-b56765347a20,U: things are fine now with my partner | U: just normal stuff | U: we had a disagreement with my partner,normal,low,0.25,relationship,3,no,0.77
cb5c7c9c-41e7-4d74-9c0f-ddbc0377321c,"U: we talked about it | A: I'm listening. | U: things are fine now | A: I'm listening. | U: just normal stuff outside | A: What happened next? | U: it wasn’t serious, maybe I’m overthinking | U: it was a bit tense",normal,low,0.35,public,5,no,0.83
77553eab-9ad8-40b4-91a5-6844253815bd,"U: just normal stuff | A: Can you explain a bit more? | U: we talked about it, i don’t know | U: it was a bit tense | A: Can you explain a bit more? | U: we had a disagreement, i’m not sure | U: things are fine now",normal,low,0.35,unknown,5,no,0.83
53284417-b7de-4a8b-9311-b1f3e9701234,"U: it was a bit tense, I’m not sure | A: What happened next? | U: it wasn’t serious | A: I'm listening. | U: we talked about it...",normal,low,0.25,unknown,3,no,0.84
1c889fce-a5ec-43cd-9545-41a9ded4b31c,"U: just normal stuff with my partner | A: What happened next? | U: it was a bit tense with my partner, it’s just weird | A: I'm listening. | U: things are fine now with my partner, i don’t know | A: What happened next? | U: we talked about it | A: I'm listening. | U: we had a disagreement | U: it wasn’t serious",normal,low,0.4,relationship,6,no,0.89
94bee557-ffa1-4d7c-9933-c35d28ca19fd,"U: it was a bit tense, maybe I’m overthinking | A: I'm listening. | U: it wasn’t serious, I don’t know | A: I'm listening. | U: we talked about it... | U: things are fine now, I tried to ignore it",normal,low,0.3,unknown,4,no,0.88
5222507b-515f-4063-ab9b-3c8985b08ffc,"U: just normal stuff | U: we had a disagreement, it’s just weird | U: it wasn’t serious in the house | A: What happened next? | U: things are fine now | A: I'm listening. | U: we talked about it | U: it was a bit tense, I tried to ignore it...",normal,low,0.4,domestic,6,no,0.77
f16c24aa-9316-4b7b-b721-62760f9922d5,"U: it was a bit tense at home, i tried to ignore it | A: What happened next? | U: just normal stuff, it’s just weird... | U: it wasn’t serious at home, I’m not sure",normal,low,0.25,domestic,3,no,0.86
024f47c1-da19-4af6-9218-355f65a3d1c5,"U: things are fine now... | U: just normal stuff | U: we talked about it, I don’t know... | U: it was a bit tense... | A: What happened next? | U: it wasn’t serious with my partner",normal,low,0.35,relationship,5,no,0.88
6d8d000c-ed99-4f13-8b2f-7cb105fd88e2,"U: we had a disagreement | A: What happened next? | U: it was a bit tense with my family, I’m not sure | A: What happened next? | U: it wasn’t serious",normal,low,0.25,family,3,no,0.92
850ae04d-71ac-434c-a666-7d787b2ad728,"U: we talked about it outside, it’s just weird | A: What happened next? | U: it was a bit tense, it’s just weird | U: just normal stuff, maybe i’m overthinking... | U: we had a disagreement outside | A: Can you explain a bit more? | U: it wasn’t serious outside, maybe I’m overthinking...",normal,low,0.35,public,5,no,0.91
f6c7d274-014c-420a-b99a-a238c40119be,U: it was a bit tense in the house | A: I'm listening. | U: things are fine now in the house | A: What happened next? | U: it wasn’t serious in the house | A: What happened next? | U: we had a disagreement in the house | A: I'm listening. | U: we talked about it in the house,normal,low,0.35,domestic,5,no,0.88
ab7b7fd0-e9c2-4edb-aa90-f64c56b9c543,"U: we talked about it, I’m not sure | A: Can you explain a bit more? | U: we had a disagreement with my partner, I tried to ignore it | A: I'm listening. | U: things are fine now with my partner, I tried to ignore it | U: it wasn’t serious, it’s just weird | A: I'm listening. | U: just normal stuff with my partner",normal,low,0.35,relationship,5,no,0.95
1bb65a8a-9891-403d-a7ec-e436a76f4164,"U: it wasn’t serious, it’s just weird | U: just normal stuff | U: things are fine now in the house, maybe I’m overthinking...",normal,low,0.25,domestic,3,no,0.77
41b5c553-22fc-4ee6-9c06-296e30e00e5f,"U: things are fine now, maybe I’m overthinking | A: I'm listening. | U: we had a disagreement with my partner | A: I'm listening. | U: just normal stuff | A: I'm listening. | U: it was a bit tense... | U: it wasn’t serious, I tried to ignore it | U: we talked about it...",normal,low,0.4,relationship,6,no,0.89
146816e4-3363-42c1-ae15-f4d27e5011f5,"U: we had a disagreement with my family, it’s just weird | U: it was a bit tense with my family, I’m not sure... | A: What happened next? | U: we talked about it | A: Can you explain a bit more? | U: just normal stuff | A: Can you explain a bit more? | U: it wasn’t serious | A: Can you explain a bit more? | U: things are fine now",normal,low,0.4,family,6,no,0.83
81822adc-d6e4-40ba-8b0a-54f360aaf197,U: it was a bit tense | A: What happened next? | U: we had a disagreement | A: I'm listening. | U: things are fine now | A: What happened next? | U: just normal stuff at home | U: we talked about it | A: Can you explain a bit more? | U: it wasn’t serious at home,normal,low,0.4,domestic,6,no,0.91
5fa28ee7-6f03-43ef-a9f4-e2603fb836a2,"U: it wasn’t serious outside | A: What happened next? | U: things are fine now, I’m not sure | A: I'm listening. | U: just normal stuff | A: What happened next? | U: we talked about it, maybe i’m overthinking | A: I'm listening. | U: it was a bit tense",normal,low,0.35,public,5,no,0.78
77e21a16-251c-4bf1-bde1-6538c7e45d0c,"U: just normal stuff outside, it’s just weird | A: Can you explain a bit more? | U: it wasn’t serious, it’s just weird | A: I'm listening. | U: things are fine now | A: Can you explain a bit more? | U: we had a disagreement outside | U: we talked about it",normal,low,0.35,public,5,no,0.78
421206bf-97ef-45fc-8a8d-20a52e1a561e,"U: we talked about it | U: just normal stuff, I’m not sure... | A: Can you explain a bit more? | U: things are fine now | A: Can you explain a bit more? | U: it wasn’t serious, I’m not sure...",normal,low,0.3,unknown,4,no,0.92
cf32e0a9-0359-4be8-b3b3-0b82d57df962,"U: just normal stuff, I’m not sure | A: Can you explain a bit more? | U: it was a bit tense, i don’t know... | U: it wasn’t serious in the house...",normal,low,0.25,domestic,3,no,0.8
541935cd-da80-4641-b558-ca48a952a31f,"U: it was a bit tense, i don’t know | A: Can you explain a bit more? | U: we had a disagreement | A: Can you explain a bit more? | U: it wasn’t serious | A: I'm listening. | U: things are fine now at home",normal,low,0.3,domestic,4,no,0.92
20c8a5ae-4bff-428d-a13c-d87ef1d22b5a,"U: it was a bit tense with my family | A: Can you explain a bit more? | U: we talked about it with my family... | A: What happened next? | U: just normal stuff | U: it wasn’t serious, I tried to ignore it | A: Can you explain a bit more? | U: things are fine now",normal,low,0.35,family,5,no,0.76
e4b7b075-4033-4cd5-a7d5-ec8b0ad817e1,U: we talked about it | A: I'm listening. | U: things are fine now | A: I'm listening. | U: it was a bit tense with my partner... | U: just normal stuff with my partner,normal,low,0.3,relationship,4,no,0.77
dde8e018-f8f0-47a7-977b-e3168ef5f1d8,"U: we talked about it | A: Can you explain a bit more? | U: just normal stuff, i don’t know | A: What happened next? | U: it wasn’t serious | A: I'm listening. | U: it was a bit tense | U: we had a disagreement",normal,low,0.35,unknown,5,no,0.91
289b207b-15db-4e05-8361-3b30e8a45a98,"U: it was a bit tense in public, maybe I’m overthinking | A: What happened next? | U: it wasn’t serious... | A: I'm listening. | U: things are fine now in public, I don’t know",normal,low,0.25,public,3,no,0.76
ffd360ed-0346-4789-b16d-2436314d0bf1,"U: just normal stuff, i’m not sure | U: things are fine now | A: What happened next? | U: it wasn’t serious | A: I'm listening. | U: it was a bit tense | A: Can you explain a bit more? | U: we talked about it | A: What happened next? | U: we had a disagreement",normal,low,0.4,unknown,6,no,0.8
d7adce31-d2e8-4135-b594-8c635712873d,"U: just normal stuff, i tried to ignore it | A: Can you explain a bit more? | U: it wasn’t serious | A: What happened next? | U: it was a bit tense, maybe I’m overthinking | A: What happened next? | U: things are fine now | A: What happened next? | U: we talked about it, maybe i’m overthinking",normal,low,0.35,public,5,no,0.78
47c2d0a2-c114-4a94-a5c5-896562530aaf,"U: we had a disagreement | U: things are fine now | A: Can you explain a bit more? | U: it was a bit tense | A: Can you explain a bit more? | U: it wasn’t serious outside, it’s just weird | A: I'm listening. | U: just normal stuff outside",normal,low,0.35,public,5,no,0.83
6611f55e-c7b7-41dc-8af2-03d675b29d7f,"U: we talked about it, i don’t know | U: just normal stuff | A: Can you explain a bit more? | U: it was a bit tense | U: it wasn’t serious",normal,low,0.3,relationship,4,no,0.76
d1ec58ad-d4e6-4330-b507-4317b6ad3fc1,"U: it wasn’t serious... | A: I'm listening. | U: we had a disagreement, maybe I’m overthinking | A: Can you explain a bit more? | U: things are fine now... | A: Can you explain a bit more? | U: we talked about it, maybe I’m overthinking",normal,low,0.3,unknown,4,no,0.81
ceda74e4-9017-4882-ba38-a56caeafcea8,"U: we talked about it in public, i don’t know | A: I'm listening. | U: it was a bit tense | A: I'm listening. | U: it wasn’t serious",normal,low,0.25,public,3,no,0.92
25dc61d1-b2f8-4bd2-91e7-7af00e6655a0,"U: just normal stuff with my family | A: What happened next? | U: it was a bit tense, maybe I’m overthinking | A: What happened next? | U: it wasn’t serious...",normal,low,0.25,family,3,no,0.82
8c4a0189-7e00-4fd9-8bd9-55e7501b41fa,"U: it was a bit tense with my family | A: I'm listening. | U: we talked about it | A: Can you explain a bit more? | U: it wasn’t serious... | A: What happened next? | U: we had a disagreement with my family, I’m not sure | A: I'm listening. | U: just normal stuff with my family | A: I'm listening. | U: things are fine now",normal,low,0.4,family,6,no,0.95
724ea07d-ff36-4c3a-b3e2-b4fdda28e491,"U: it wasn’t serious with my family, I tried to ignore it | A: Can you explain a bit more? | U: we had a disagreement, I tried to ignore it | A: What happened next? | U: just normal stuff with my family | A: I'm listening. | U: it was a bit tense with my family",normal,low,0.3,family,4,no,0.84
256066b3-2bb2-4036-98bd-1f00fe124d35,"U: we talked about it | A: What happened next? | U: just normal stuff, it’s just weird... | A: I'm listening. | U: things are fine now | A: What happened next? | U: it wasn’t serious, maybe I’m overthinking",normal,low,0.3,unknown,4,no,0.84
5dba175e-96b9-40fc-b24e-a3f87567ef08,U: just normal stuff | A: Can you explain a bit more? | U: we had a disagreement | U: we talked about it | U: it was a bit tense | A: Can you explain a bit more? | U: it wasn’t serious,normal,low,0.35,unknown,5,no,0.93
8e15cb49-61d7-4ac6-ae05-06d073d868c9,"U: just normal stuff | A: What happened next? | U: things are fine now | A: I'm listening. | U: we had a disagreement, I’m not sure... | A: Can you explain a bit more? | U: it was a bit tense | A: Can you explain a bit more? | U: it wasn’t serious",normal,low,0.35,family,5,no,0.76
e7c95511-8079-4237-b154-a98c383b6857,"U: we had a disagreement, I don’t know | U: it wasn’t serious | U: we talked about it | A: I'm listening. | U: it was a bit tense | A: What happened next? | U: just normal stuff | U: things are fine now",normal,low,0.4,unknown,6,no,0.76
ac88235f-e068-4526-beb9-02e2d3e0ce54,"U: we had a disagreement with my family, maybe i’m overthinking... | U: it wasn’t serious | U: just normal stuff, maybe I’m overthinking | U: we talked about it with my family, it’s just weird | A: Can you explain a bit more? | U: things are fine now with my family, i’m not sure...",normal,low,0.35,family,5,no,0.92
c970f7d5-beb0-4191-82b3-4e25735c6144,"U: things are fine now with my family, it’s just weird... | A: What happened next? | U: we had a disagreement, I tried to ignore it | U: it wasn’t serious, maybe I’m overthinking",normal,low,0.25,family,3,no,0.78
e91bab46-fa69-45a7-ae94-e2c9266f4e21,"U: it wasn’t serious in the house... | A: I'm listening. | U: we talked about it, I tried to ignore it... | U: we had a disagreement in the house, maybe I’m overthinking | A: What happened next? | U: just normal stuff, I’m not sure",normal,low,0.3,domestic,4,no,0.93
b5e38743-d8ba-4ec0-8405-58abb54964aa,"U: just normal stuff outside, maybe I’m overthinking | A: I'm listening. | U: it wasn’t serious outside | A: Can you explain a bit more? | U: we talked about it outside, I’m not sure | A: What happened next? | U: things are fine now outside, maybe I’m overthinking | U: we had a disagreement outside",normal,low,0.35,public,5,no,0.91
d489bb92-983b-41aa-a9ca-bf00356b83ed,"U: things are fine now... | A: What happened next? | U: just normal stuff at home, I tried to ignore it | U: we talked about it",normal,low,0.25,domestic,3,no,0.85
74cef066-ab35-42fd-8d3a-96e254060076,U: we talked about it | A: What happened next? | U: it was a bit tense with my partner | A: I'm listening. | U: we had a disagreement | A: What happened next? | U: just normal stuff with my partner,normal,low,0.3,relationship,4,no,0.86
fa3d070f-ecbd-4773-8571-f27f61eb3c03,"U: things are fine now, I’m not sure | U: it was a bit tense | U: we talked about it with my partner | A: I'm listening. | U: it wasn’t serious with my partner | A: Can you explain a bit more? | U: we had a disagreement",normal,low,0.35,relationship,5,no,0.93
5f174b97-b819-481d-b16b-18e2d3a98f7a,"U: it was a bit tense | A: Can you explain a bit more? | U: it wasn’t serious | U: we talked about it with my partner | U: we had a disagreement | A: What happened next? | U: things are fine now, I don’t know",normal,low,0.35,relationship,5,no,0.86
972883c5-bf1a-4ea6-b4fe-e722e15a8863,"U: it wasn’t serious, I’m not sure | A: I'm listening. | U: things are fine now, I’m not sure... | U: we had a disagreement | A: I'm listening. | U: it was a bit tense | U: just normal stuff, I tried to ignore it | A: I'm listening. | U: we talked about it, maybe I’m overthinking",normal,low,0.4,unknown,6,no,0.81
a37285b3-7cba-4f11-9464-8d1e1a467253,"U: it was a bit tense with my partner, I’m not sure | A: I'm listening. | U: it wasn’t serious... | A: What happened next? | U: we had a disagreement, I’m not sure... | A: Can you explain a bit more? | U: things are fine now with my partner",normal,low,0.3,relationship,4,no,0.86
0f7f9480-b667-40c8-97cf-9c1df891c827,"U: we had a disagreement | A: I'm listening. | U: it wasn’t serious, it’s just weird | A: What happened next? | U: we talked about it",normal,low,0.25,unknown,3,no,0.82
a889906e-4b85-4eae-9183-0ca2e48d84b5,"U: things are fine now with my partner, I tried to ignore it | A: I'm listening. | U: just normal stuff with my partner | A: I'm listening. | U: it wasn’t serious... | A: I'm listening. | U: we had a disagreement with my partner, i don’t know | A: Can you explain a bit more? | U: we talked about it | A: Can you explain a bit more? | U: it was a bit tense with my partner, I tried to ignore it...",normal,low,0.4,relationship,6,no,0.76
e5621e57-9fac-47e1-8d9d-3f6cc84aff04,"U: just normal stuff, i tried to ignore it | U: it was a bit tense with my partner... | A: What happened next? | U: we had a disagreement with my partner, i don’t know | A: I'm listening. | U: it wasn’t serious, it’s just weird | A: Can you explain a bit more? | U: we talked about it with my partner | A: Can you explain a bit more? | U: things are fine now",normal,low,0.4,relationship,6,no,0.91
325c2e63-6f96-4270-90a7-495c92d7e2c9,"U: we talked about it, I’m not sure | A: What happened next? | U: it wasn’t serious with my family | U: things are fine now, it’s just weird | A: What happened next? | U: we had a disagreement with my family | A: I'm listening. | U: it was a bit tense with my family | A: Can you explain a bit more? | U: just normal stuff with my family, I tried to ignore it",normal,low,0.4,family,6,no,0.84
e8c8b401-cbde-4fcf-aa3c-a2f41721cf60,U: we had a disagreement in the house | A: I'm listening. | U: things are fine now | A: Can you explain a bit more? | U: just normal stuff,normal,low,0.25,domestic,3,no,0.92
4a3c9d15-62ca-4f4c-adbc-6e1a6e3e58a3,U: it wasn’t serious | U: just normal stuff | U: we talked about it,normal,low,0.25,unknown,3,no,0.81
95cb2e2b-bcdc-480d-b7a4-158e51b94618,"U: just normal stuff | A: What happened next? | U: it wasn’t serious | U: it was a bit tense with my family, I’m not sure | A: What happened next? | U: things are fine now | A: I'm listening. | U: we had a disagreement, I don’t know | A: What happened next? | U: we talked about it",normal,low,0.4,family,6,no,0.77
fe7a3433-f6eb-4668-aa5d-133e00e21bcf,"U: just normal stuff, it’s just weird... | A: What happened next? | U: it was a bit tense | A: What happened next? | U: it wasn’t serious | A: What happened next? | U: we had a disagreement | A: Can you explain a bit more? | U: things are fine now | A: I'm listening. | U: we talked about it",normal,low,0.4,unknown,6,no,0.86
c81402b3-b11a-45a7-9e47-e1b1edc5cb13,"U: it wasn’t serious with my family | A: What happened next? | U: things are fine now | U: we talked about it | U: just normal stuff with my family, maybe I’m overthinking | A: Can you explain a bit more? | U: it was a bit tense | U: we had a disagreement with my family, I tried to ignore it...",normal,low,0.4,family,6,no,0.85
e731a2df-7b83-4e27-8ef2-0eba199ebdea,"U: we talked about it, maybe I’m overthinking | A: I'm listening. | U: it wasn’t serious in public, it’s just weird | A: I'm listening. | U: it was a bit tense, I’m not sure | A: I'm listening. | U: things are fine now, maybe I’m overthinking",normal,low,0.3,public,4,no,0.84
bacc190b-94a7-4a00-910a-dd6036907544,"U: it was a bit tense outside | A: I'm listening. | U: just normal stuff | A: Can you explain a bit more? | U: we talked about it outside, maybe i’m overthinking | A: Can you explain a bit more? | U: things are fine now outside, I don’t know",normal,low,0.3,public,4,no,0.82
c2ccdc76-78b1-4c34-b7bb-9e4c79e5ace4,"U: things are fine now | A: Can you explain a bit more? | U: just normal stuff, it’s just weird | U: we had a disagreement, i’m not sure",normal,low,0.25,unknown,3,no,0.79
db4f5be5-6d6a-4efd-a825-2550706e5120,"U: we had a disagreement, i tried to ignore it | U: it wasn’t serious... | U: it was a bit tense with my family",normal,low,0.25,family,3,no,0.82
85c94128-f6fd-478a-a66a-89cf080ab3d0,"U: we had a disagreement | A: What happened next? | U: we talked about it | A: Can you explain a bit more? | U: it wasn’t serious, maybe i’m overthinking | A: I'm listening. | U: things are fine now | A: Can you explain a bit more? | U: just normal stuff at home, maybe I’m overthinking...",normal,low,0.35,domestic,5,no,0.81
a871d954-0ab9-4392-840f-a5e4a9aec25d,"U: it wasn’t serious | U: we had a disagreement, I’m not sure | A: Can you explain a bit more? | U: we talked about it, I tried to ignore it",normal,low,0.25,unknown,3,no,0.8
fe2fff8d-98d0-4f85-a92c-229152de5951,"U: things are fine now, I’m not sure | U: just normal stuff outside, i’m not sure | A: What happened next? | U: we had a disagreement, I’m not sure | A: What happened next? | U: it wasn’t serious | A: Can you explain a bit more? | U: it was a bit tense",normal,low,0.35,public,5,no,0.89
2bd3b688-9645-4a46-a382-6dd9f7f42ea5,"U: it wasn’t serious at home | A: I'm listening. | U: we talked about it | A: What happened next? | U: things are fine now | A: I'm listening. | U: just normal stuff, it’s just weird | U: it was a bit tense, I don’t know",normal,low,0.35,domestic,5,no,0.86
235d940e-f8da-47cb-9010-e9e7c58d325a,"U: things are fine now, I don’t know | A: Can you explain a bit more? | U: just normal stuff | U: we talked about it, maybe I’m overthinking | A: I'm listening. | U: it was a bit tense | A: What happened next? | U: it wasn’t serious | U: we had a disagreement...",normal,low,0.4,unknown,6,no,0.91
ffe86551-a800-4c94-a515-b8bdc371e9b9,"U: it wasn’t serious in public... | A: Can you explain a bit more? | U: just normal stuff in public | A: Can you explain a bit more? | U: we had a disagreement, I’m not sure | A: I'm listening. | U: things are fine now, I’m not sure | U: we talked about it...",normal,low,0.35,public,5,no,0.87
49cf4c02-daa8-4257-a69f-f5726b713207,"U: things are fine now in the house, I don’t know | A: I'm listening. | U: we talked about it, I don’t know | A: I'm listening. | U: it was a bit tense, it’s just weird | A: What happened next? | U: we had a disagreement",normal,low,0.3,domestic,4,no,0.89
052835f3-8035-41b2-8869-56eb9fb295a7,"U: we talked about it | A: I'm listening. | U: just normal stuff | A: Can you explain a bit more? | U: it was a bit tense with my family | A: Can you explain a bit more? | U: we had a disagreement, I don’t know | A: Can you explain a bit more? | U: it wasn’t serious... | A: I'm listening. | U: things are fine now...",normal,low,0.4,family,6,no,0.84
81c53042-3b40-4ac1-9e09-3df64481759a,"U: just normal stuff with my family... | A: I'm listening. | U: we talked about it | A: Can you explain a bit more? | U: things are fine now with my family | A: What happened next? | U: it was a bit tense with my family, I don’t know | U: we had a disagreement | A: What happened next? | U: it wasn’t serious with my family",normal,low,0.4,family,6,no,0.78
7808a04d-89ec-4571-a89e-cb30398ed04e,"U: things are fine now... | A: Can you explain a bit more? | U: we talked about it... | A: What happened next? | U: just normal stuff, I don’t know | A: I'm listening. | U: it was a bit tense",normal,low,0.3,unknown,4,no,0.87
53ff4659-1447-4def-bca2-de45e3e0e2ce,"U: we talked about it outside, i don’t know | A: Can you explain a bit more? | U: it was a bit tense outside, maybe I’m overthinking | A: Can you explain a bit more? | U: it wasn’t serious outside, I tried to ignore it",normal,low,0.25,public,3,no,0.86
149fbfa9-a592-458d-aded-e86f101ccfd8,"U: we had a disagreement, I don’t know | A: I'm listening. | U: we talked about it, i’m not sure | A: What happened next? | U: it was a bit tense",normal,low,0.25,unknown,3,no,0.84
016aa422-48dc-4889-bcaa-3cb1b74f7496,"U: we talked about it... | A: What happened next? | U: we had a disagreement at home, I’m not sure | A: What happened next? | U: just normal stuff at home, I don’t know | A: What happened next? | U: things are fine now | A: Can you explain a bit more? | U: it was a bit tense at home, I’m not sure | A: What happened next? | U: it wasn’t serious",normal,low,0.4,domestic,6,no,0.79
1c97e91f-508c-45e7-920f-e4b5150395b1,"U: things are fine now outside... | U: it wasn’t serious outside | A: What happened next? | U: we had a disagreement outside, i tried to ignore it | A: I'm listening. | U: just normal stuff | A: Can you explain a bit more? | U: it was a bit tense outside",normal,low,0.35,public,5,no,0.76
3f1c0e3d-a572-4656-aa40-2ed85f4f4d44,"U: it was a bit tense outside, I tried to ignore it | A: I'm listening. | U: just normal stuff outside... | U: it wasn’t serious | U: we had a disagreement outside",normal,low,0.3,public,4,no,0.87
fb5b9846-d6db-436c-bf3e-7326c00f5d72,"U: things are fine now, I’m not sure | A: Can you explain a bit more? | U: we talked about it, maybe I’m overthinking | A: What happened next? | U: it wasn’t serious, it’s just weird | A: What happened next? | U: it was a bit tense | A: What happened next? | U: just normal stuff | A: I'm listening. | U: we had a disagreement...",normal,low,0.4,unknown,6,no,0.77
c83f3fb0-d617-4ff3-b75e-8fb19e08d141,"U: things are fine now... | A: Can you explain a bit more? | U: it was a bit tense | A: What happened next? | U: we talked about it, I’m not sure | A: I'm listening. | U: it wasn’t serious, I tried to ignore it",normal,low,0.3,unknown,4,no,0.8
627b8b75-0f41-416e-807e-910bcd4ee793,"U: things are fine now, I don’t know | A: What happened next? | U: it was a bit tense with my partner... | A: What happened next? | U: just normal stuff | U: we talked about it, it’s just weird",normal,low,0.3,relationship,4,no,0.9
c56c895d-0033-46b6-a975-8b1c8ca95a44,"U: we had a disagreement, it’s just weird... | A: Can you explain a bit more? | U: things are fine now with my family, maybe i’m overthinking | U: it wasn’t serious with my family, it’s just weird | A: Can you explain a bit more? | U: it was a bit tense, it’s just weird | A: What happened next? | U: we talked about it",normal,low,0.35,family,5,no,0.88
ae22d0ca-5da7-447e-98b7-64bbc4e00887,"U: it wasn’t serious, it’s just weird | U: we had a disagreement in public | A: Can you explain a bit more? | U: things are fine now | U: we talked about it",normal,low,0.3,public,4,no,0.8
b17039da-3e71-4546-975b-a79719a7affb,"U: it was a bit tense, it’s just weird | A: Can you explain a bit more? | U: we talked about it with my partner | A: I'm listening. | U: things are fine now",normal,low,0.25,relationship,3,no,0.87
b7c06d8f-254d-4845-947f-8e4b07b16cfe,"U: we had a disagreement with my family, maybe I’m overthinking | U: it wasn’t serious | A: Can you explain a bit more? | U: just normal stuff with my family... | A: Can you explain a bit more? | U: things are fine now",normal,low,0.3,family,4,no,0.94
178cab46-05e8-4169-a455-e3720cde5582,"U: it wasn’t serious, maybe I’m overthinking... | A: What happened next? | U: it was a bit tense | U: we talked about it with my partner | A: I'm listening. | U: things are fine now with my partner, I’m not sure...",normal,low,0.3,relationship,4,no,0.95
2a881484-be71-479c-885c-e96f4b2d7c19,"U: it wasn’t serious, I tried to ignore it... | A: Can you explain a bit more? | U: just normal stuff | A: I'm listening. | U: we had a disagreement | A: Can you explain a bit more? | U: things are fine now | A: Can you explain a bit more? | U: it was a bit tense, I’m not sure | A: Can you explain a bit more? | U: we talked about it, i tried to ignore it",normal,low,0.4,domestic,6,no,0.92
c3c52b3b-1641-4c84-9015-c218345909aa,U: it was a bit tense with my partner | A: Can you explain a bit more? | U: things are fine now | A: Can you explain a bit more? | U: just normal stuff with my partner,normal,low,0.25,relationship,3,no,0.83
08fd9f10-ef25-4b73-bfc9-405281a776a5,"U: it was a bit tense, I’m not sure | A: Can you explain a bit more? | U: it wasn’t serious, it’s just weird | A: What happened next? | U: things are fine now | A: What happened next? | U: we talked about it with my partner",normal,low,0.3,relationship,4,no,0.95
f02b7da4-5d72-40b8-9f6e-e2c071500e33,"U: we talked about it at home | A: What happened next? | U: just normal stuff, it’s just weird | U: it was a bit tense at home | U: things are fine now at home | U: it wasn’t serious",normal,low,0.35,domestic,5,no,0.92
d8862dfa-06d7-434d-9672-702c1ffd4a3d,"U: it was a bit tense, it’s just weird | A: I'm listening. | U: we talked about it | A: I'm listening. | U: it wasn’t serious | A: I'm listening. | U: just normal stuff with my partner | U: things are fine now",normal,low,0.35,relationship,5,no,0.9
d4431265-6ffe-41ef-b01d-12be7b25cc7f,"U: just normal stuff, I tried to ignore it | A: I'm listening. | U: it wasn’t serious with my family, i tried to ignore it | A: I'm listening. | U: it was a bit tense with my family | U: we had a disagreement with my family | A: What happened next? | U: we talked about it with my family | A: What happened next? | U: things are fine now, I tried to ignore it",normal,low,0.4,family,6,no,0.85
e8ca6902-ce7f-471e-addd-aa4412231e5b,"U: we talked about it, I don’t know | A: What happened next? | U: just normal stuff | A: What happened next? | U: we had a disagreement at home, I don’t know | A: I'm listening. | U: things are fine now | A: Can you explain a bit more? | U: it wasn’t serious | A: Can you explain a bit more? | U: it was a bit tense at home, it’s just weird...",normal,low,0.4,domestic,6,no,0.86
a115648a-b388-412d-9158-657f29cbee11,"U: it was a bit tense | A: I'm listening. | U: we talked about it with my family, it’s just weird... | U: just normal stuff with my family, I don’t know... | U: it wasn’t serious with my family",normal,low,0.3,family,4,no,0.87
9017e126-fb2b-41d9-b197-fb8df742b44c,"U: things are fine now | A: What happened next? | U: it wasn’t serious, I’m not sure | A: I'm listening. | U: just normal stuff, I’m not sure | A: What happened next? | U: it was a bit tense, it’s just weird | A: I'm listening. | U: we had a disagreement... | A: Can you explain a bit more? | U: we talked about it...",normal,low,0.4,unknown,6,no,0.85
205db60b-4af6-42c3-9a8a-7682be18ab57,"U: we talked about it with my family, I don’t know | A: I'm listening. | U: things are fine now with my family, I’m not sure | A: Can you explain a bit more? | U: it was a bit tense, I’m not sure | A: I'm listening. | U: it wasn’t serious",normal,low,0.3,family,4,no,0.82
b86ba921-2f37-4899-8b66-9cc191ad97f6,"U: it wasn’t serious, I tried to ignore it | U: we talked about it with my partner, I tried to ignore it | A: What happened next? | U: we had a disagreement with my partner... | A: I'm listening. | U: things are fine now with my partner | A: What happened next? | U: just normal stuff with my partner | A: What happened next? | U: it was a bit tense with my partner",normal,low,0.4,relationship,6,no,0.91
ddc71afb-cca7-48b6-9e29-7fd2e5417320,"U: it was a bit tense | A: Can you explain a bit more? | U: we talked about it with my family, i’m not sure | A: Can you explain a bit more? | U: it wasn’t serious, it’s just weird",normal,low,0.25,family,3,no,0.92
23f23288-243e-4b69-8f7f-545cc91b3521,"U: it wasn’t serious with my partner | U: we had a disagreement... | A: Can you explain a bit more? | U: things are fine now, I tried to ignore it... | A: I'm listening. | U: it was a bit tense, maybe I’m overthinking",normal,low,0.3,relationship,4,no,0.81
534753c3-a20e-4d06-8810-501632b8e488,"U: just normal stuff with my family | A: Can you explain a bit more? | U: we had a disagreement | A: What happened next? | U: things are fine now with my family, it’s just weird... | U: it wasn’t serious | A: Can you explain a bit more? | U: it was a bit tense with my family, maybe I’m overthinking",normal,low,0.35,family,5,no,0.91
213126f3-3b51-4128-b199-5909a698210d,"U: we talked about it | A: I'm listening. | U: it wasn’t serious | A: What happened next? | U: things are fine now, maybe I’m overthinking",normal,low,0.25,family,3,no,0.89
2d23a44f-7738-4b43-aa87-4784277eafc8,U: just normal stuff | A: What happened next? | U: things are fine now | U: it wasn’t serious,normal,low,0.25,unknown,3,no,0.82
af9c26f8-2561-4345-921f-2dedad5ba555,"U: things are fine now | A: What happened next? | U: we talked about it at home, i tried to ignore it | A: What happened next? | U: it was a bit tense... | U: just normal stuff, I don’t know | A: I'm listening. | U: it wasn’t serious | U: we had a disagreement, I tried to ignore it",normal,low,0.4,domestic,6,no,0.94
4c429e1b-4db3-4cc7-9570-7fbc06a3ae5a,"U: just normal stuff with my family, I’m not sure | A: Can you explain a bit more? | U: it wasn’t serious with my family, I’m not sure | A: Can you explain a bit more? | U: we had a disagreement with my family | A: What happened next? | U: we talked about it",normal,low,0.3,family,4,no,0.89
7affbe02-9202-420e-b7a6-04e14e2dec2e,U: just normal stuff | A: What happened next? | U: it wasn’t serious | A: Can you explain a bit more? | U: things are fine now with my family... | A: I'm listening. | U: it was a bit tense with my family,normal,low,0.3,family,4,no,0.86
8887f5c6-ec48-4014-93d1-9354acc261a4,"U: just normal stuff in public, I don’t know | A: I'm listening. | U: it was a bit tense in public | A: Can you explain a bit more? | U: things are fine now, I don’t know | A: I'm listening. | U: we talked about it",normal,low,0.3,public,4,no,0.79
64d98a33-0c2a-48b8-bace-091ed092b64f,"U: things are fine now | A: Can you explain a bit more? | U: it wasn’t serious | A: Can you explain a bit more? | U: we talked about it, maybe I’m overthinking... | A: I'm listening. | U: just normal stuff...",normal,low,0.3,relationship,4,no,0.77
88c69428-c2ea-46ad-b419-1fa4a00a53e6,U: just normal stuff... | U: we talked about it with my family | U: things are fine now with my family | A: What happened next? | U: it was a bit tense with my family | A: What happened next? | U: we had a disagreement with my family...,normal,low,0.35,family,5,no,0.94
4998c282-bea4-4c5a-97b6-74a50dfbec9f,"U: it was a bit tense in public, I’m not sure... | A: I'm listening. | U: it wasn’t serious in public, it’s just weird | A: I'm listening. | U: just normal stuff in public | U: we had a disagreement, maybe I’m overthinking...",normal,low,0.3,public,4,no,0.75
458c2ea9-c011-4880-87f3-c616da9cc93d,"U: we talked about it | A: Can you explain a bit more? | U: just normal stuff, I’m not sure | U: we had a disagreement | A: Can you explain a bit more? | U: things are fine now",normal,low,0.3,unknown,4,no,0.92
fcfc16be-e1fd-41dc-a14c-7624bfb86200,"U: it wasn’t serious | A: What happened next? | U: we had a disagreement, it’s just weird | A: I'm listening. | U: it was a bit tense with my family... | A: Can you explain a bit more? | U: we talked about it with my family, it’s just weird... | U: just normal stuff with my family, I tried to ignore it | A: What happened next? | U: things are fine now with my family...",normal,low,0.4,family,6,no,0.88
54de8b72-a6aa-4dcd-a4f2-3453cdc0ad5f,"U: it wasn’t serious, it’s just weird | U: we had a disagreement, I tried to ignore it | A: What happened next? | U: it was a bit tense, I’m not sure | A: What happened next? | U: we talked about it with my family, it’s just weird | A: Can you explain a bit more? | U: things are fine now... | A: Can you explain a bit more? | U: just normal stuff",normal,low,0.4,family,6,no,0.81
dc7a7d9e-5957-4c5f-a45a-4e5409a150d4,"U: things are fine now | A: What happened next? | U: we had a disagreement with my family | A: I'm listening. | U: just normal stuff, I’m not sure | A: What happened next? | U: it wasn’t serious with my family, I don’t know | A: I'm listening. | U: it was a bit tense with my family",normal,low,0.35,family,5,no,0.88
3ebbe7ad-67e5-4411-a1c9-3f8f0bcb9068,"U: just normal stuff, I tried to ignore it | A: I'm listening. | U: it was a bit tense, I tried to ignore it | U: things are fine now, I tried to ignore it | A: Can you explain a bit more? | U: it wasn’t serious",normal,low,0.3,unknown,4,no,0.76
45ff94c8-e95d-4e0b-a53f-d0ad9dbda23e,"U: it wasn’t serious, i don’t know... | U: just normal stuff | U: we talked about it with my family | A: I'm listening. | U: it was a bit tense with my family | A: Can you explain a bit more? | U: we had a disagreement | U: things are fine now",normal,low,0.4,family,6,no,0.81
09d9e826-ba8c-4ccb-af4c-b90040ec1611,"U: we had a disagreement, it’s just weird | U: things are fine now, it’s just weird | U: it wasn’t serious, it’s just weird | A: What happened next? | U: just normal stuff",normal,low,0.3,unknown,4,no,0.95
5c5d53cc-e075-4831-86c9-d04fc93091bf,"U: we had a disagreement | A: What happened next? | U: it was a bit tense, I tried to ignore it | A: What happened next? | U: it wasn’t serious | A: What happened next? | U: just normal stuff | A: I'm listening. | U: we talked about it | A: What happened next? | U: things are fine now",normal,low,0.4,unknown,6,no,0.94
73211d4a-65c3-47fa-90c4-5587c67a6a8c,"U: things are fine now | U: it was a bit tense, I’m not sure | A: I'm listening. | U: it wasn’t serious | A: Can you explain a bit more? | U: just normal stuff",normal,low,0.3,unknown,4,no,0.8
1d22557d-6969-4375-a480-c48c27ede81a,"U: we talked about it in the house, maybe i’m overthinking... | U: it wasn’t serious in the house | A: I'm listening. | U: just normal stuff in the house | A: I'm listening. | U: things are fine now in the house, I’m not sure | A: What happened next? | U: we had a disagreement, I’m not sure | A: Can you explain a bit more? | U: it was a bit tense in the house, it’s just weird",normal,low,0.4,domestic,6,no,0.84
e921dbfa-ebfc-41ef-994c-b0614b756be4,"U: it was a bit tense | A: Can you explain a bit more? | U: we had a disagreement in public, maybe I’m overthinking | U: just normal stuff",normal,low,0.25,public,3,no,0.85
b81a0c12-ee8d-4827-ac4c-4709205849e4,"U: just normal stuff outside, maybe I’m overthinking | A: What happened next? | U: we talked about it | A: Can you explain a bit more? | U: things are fine now | A: Can you explain a bit more? | U: it was a bit tense | A: What happened next? | U: we had a disagreement | A: I'm listening. | U: it wasn’t serious...",normal,low,0.4,public,6,no,0.78
bc8049f5-6729-4794-a483-69e05dead7b9,"U: we talked about it | A: Can you explain a bit more? | U: it wasn’t serious outside, i’m not sure | U: just normal stuff | A: I'm listening. | U: it was a bit tense, I tried to ignore it",normal,low,0.3,public,4,no,0.82
212641d7-4d00-47b0-8a7e-35815456b369,"U: we talked about it at home... | A: What happened next? | U: we had a disagreement at home... | A: I'm listening. | U: it was a bit tense | A: I'm listening. | U: things are fine now, I tried to ignore it",normal,low,0.3,domestic,4,no,0.91
44c91f6e-4c95-41c3-9c66-14548fe42442,"U: just normal stuff, I’m not sure | U: it was a bit tense with my partner, I don’t know | A: Can you explain a bit more? | U: we talked about it with my partner, maybe I’m overthinking... | A: I'm listening. | U: it wasn’t serious | U: we had a disagreement, it’s just weird | A: What happened next? | U: things are fine now, it’s just weird",normal,low,0.4,relationship,6,no,0.83
639a3940-f98b-41ec-bdc4-5146b237d3ed,"U: just normal stuff with my partner, I’m not sure | U: we had a disagreement with my partner, maybe i’m overthinking | A: I'm listening. | U: it wasn’t serious with my partner",normal,low,0.25,relationship,3,no,0.95
69f3fbc9-2321-48bf-9f25-65dc5ed91d77,"U: it wasn’t serious outside | A: I'm listening. | U: just normal stuff | A: What happened next? | U: we had a disagreement outside, it’s just weird | A: Can you explain a bit more? | U: we talked about it, I don’t know | A: I'm listening. | U: things are fine now...",normal,low,0.35,public,5,no,0.78
2e9a745b-ba38-41d9-92ed-e92f90680fec,"U: just normal stuff | A: What happened next? | U: we talked about it | A: What happened next? | U: it wasn’t serious, i don’t know",normal,low,0.25,unknown,3,no,0.92
ff41928c-3ece-4fa4-8ca8-8dfd67579165,"U: it wasn’t serious | A: Can you explain a bit more? | U: we had a disagreement, it’s just weird | A: Can you explain a bit more? | U: it was a bit tense | U: things are fine now, it’s just weird | A: Can you explain a bit more? | U: just normal stuff | A: Can you explain a bit more? | U: we talked about it",normal,low,0.4,family,6,no,0.84
6bf0f2db-3458-456c-9711-9af71cb42c9d,"U: it was a bit tense outside | U: we had a disagreement | U: just normal stuff | U: it wasn’t serious | A: Can you explain a bit more? | U: we talked about it | A: What happened next? | U: things are fine now, maybe I’m overthinking...",normal,low,0.4,public,6,no,0.84
19761aae-78d9-4875-8038-1b9474053662,"U: it was a bit tense | A: Can you explain a bit more? | U: things are fine now | A: Can you explain a bit more? | U: just normal stuff, I’m not sure",normal,low,0.25,relationship,3,no,0.82
2807cb1b-bf4f-4666-b578-4f0a1d13fa49,"U: it wasn’t serious with my family, I tried to ignore it | U: just normal stuff with my family, I tried to ignore it... | U: we talked about it with my family, i tried to ignore it | A: Can you explain a bit more? | U: we had a disagreement | A: Can you explain a bit more? | U: things are fine now with my family | A: What happened next? | U: it was a bit tense",normal,low,0.4,family,6,no,0.87
372d3801-2768-463d-b5fc-f86a076a0dcf,"U: just normal stuff | U: we had a disagreement in public, maybe I’m overthinking | U: things are fine now in public",normal,low,0.25,public,3,no,0.88
c64728d1-a53b-406a-bd40-11a3208e8f2b,"U: we talked about it... | U: just normal stuff | A: What happened next? | U: it wasn’t serious... | A: Can you explain a bit more? | U: things are fine now, maybe I’m overthinking...",normal,low,0.3,unknown,4,no,0.9
3f05fbff-f397-4da8-a85a-619d36b88531,"U: we talked about it... | A: Can you explain a bit more? | U: just normal stuff, I’m not sure | U: it wasn’t serious | A: Can you explain a bit more? | U: it was a bit tense | A: I'm listening. | U: things are fine now, I tried to ignore it | A: What happened next? | U: we had a disagreement, maybe i’m overthinking",normal,low,0.4,family,6,no,0.85
284d25ba-6d53-49a2-8b5c-bc277697c749,"U: we had a disagreement with my partner... | A: I'm listening. | U: it was a bit tense with my partner... | U: it wasn’t serious with my partner | U: just normal stuff, I’m not sure | A: What happened next? | U: we talked about it with my partner, it’s just weird... | A: Can you explain a bit more? | U: things are fine now",normal,low,0.4,relationship,6,no,0.83
a9ff7764-8e66-419b-8a29-d448e146d4b8,"U: just normal stuff at home | A: I'm listening. | U: things are fine now, I’m not sure | U: we had a disagreement, I tried to ignore it... | A: What happened next? | U: it was a bit tense, it’s just weird...",normal,low,0.3,domestic,4,no,0.75
8a581774-0cda-4707-b384-454919a3a7a5,"U: it wasn’t serious with my family, I tried to ignore it | U: it was a bit tense, I tried to ignore it | U: we talked about it | U: just normal stuff, I’m not sure | A: I'm listening. | U: we had a disagreement with my family",normal,low,0.35,family,5,no,0.88
dd221e27-5509-41d1-8a7d-f054e32ad96b,"U: it wasn’t serious | U: just normal stuff outside... | A: I'm listening. | U: we talked about it outside | U: we had a disagreement outside... | A: I'm listening. | U: things are fine now, I don’t know | A: What happened next? | U: it was a bit tense",normal,low,0.4,public,6,no,0.81
526688f8-9d6e-4355-b1c7-2ff2be2d677f,"U: things are fine now with my family | A: What happened next? | U: we talked about it with my family, it’s just weird... | U: it was a bit tense | A: What happened next? | U: we had a disagreement with my family",normal,low,0.3,family,4,no,0.8
aa08bc52-d56d-4799-9b14-3a36b3302ee5,"U: just normal stuff | A: Can you explain a bit more? | U: we had a disagreement, I don’t know | U: things are fine now in public, i don’t know",normal,low,0.25,public,3,no,0.85
d8474c4e-e03f-4560-bb2d-f7e5cde3f55b,"U: things are fine now | A: Can you explain a bit more? | U: it was a bit tense | A: I'm listening. | U: it wasn’t serious at home | U: just normal stuff at home, maybe I’m overthinking | U: we talked about it, I tried to ignore it... | A: Can you explain a bit more? | U: we had a disagreement at home, I don’t know",normal,low,0.4,domestic,6,no,0.92
b895d3e5-dc0b-4c37-ae83-d96015c8dea1,"U: it wasn’t serious | A: Can you explain a bit more? | U: we talked about it, I’m not sure... | U: things are fine now with my partner, maybe I’m overthinking",normal,low,0.25,relationship,3,no,0.88
3c25b88b-148d-41eb-bce6-975c596d49c9,"U: things are fine now | A: I'm listening. | U: we had a disagreement | A: What happened next? | U: just normal stuff, it’s just weird | A: Can you explain a bit more? | U: we talked about it | A: What happened next? | U: it wasn’t serious",normal,low,0.35,unknown,5,no,0.85
0cf821ab-19b2-4b43-bac8-85f71486d772,"U: we talked about it with my family | A: What happened next? | U: it wasn’t serious, maybe I’m overthinking | U: we had a disagreement with my family, I don’t know | A: What happened next? | U: things are fine now with my family",normal,low,0.3,family,4,no,0.78
4e53b1d1-6e2a-47e5-8e4a-f987e37046a0,"U: we had a disagreement, it’s just weird | U: we talked about it in public, I’m not sure | U: just normal stuff in public | A: Can you explain a bit more? | U: it was a bit tense...",normal,low,0.3,public,4,no,0.86
a0e8711c-7c31-4b6e-ba9b-80d9875b4380,U: it was a bit tense outside | A: What happened next? | U: it wasn’t serious outside | U: just normal stuff outside | U: we had a disagreement | A: I'm listening. | U: things are fine now,normal,low,0.35,public,5,no,0.83
c5fd5171-313a-4120-9f61-8508a1a07f7c,"U: it was a bit tense | A: I'm listening. | U: we talked about it, i’m not sure | A: I'm listening. | U: it wasn’t serious, it’s just weird",normal,low,0.25,domestic,3,no,0.77
2a2ccd20-2ea5-4240-8e70-7185a8b69d09,"U: it wasn’t serious... | A: What happened next? | U: we had a disagreement, maybe i’m overthinking | U: things are fine now, maybe i’m overthinking | A: What happened next? | U: just normal stuff...",normal,low,0.3,unknown,4,no,0.85
757f9a7b-aa9d-4df7-878a-954a55275b53,"U: things are fine now with my family... | A: Can you explain a bit more? | U: we talked about it | U: it was a bit tense | A: I'm listening. | U: we had a disagreement, maybe I’m overthinking",normal,low,0.3,family,4,no,0.88
7151da1d-3b4e-45a3-8306-3a9f852ac549,"U: it wasn’t serious with my partner, maybe I’m overthinking | A: I'm listening. | U: just normal stuff with my partner... | U: we had a disagreement",normal,low,0.25,relationship,3,no,0.82
2d49b9db-eb31-457b-9604-f50d130dab99,"U: we talked about it... | A: Can you explain a bit more? | U: we had a disagreement with my partner... | A: Can you explain a bit more? | U: it wasn’t serious, I don’t know | A: Can you explain a bit more? | U: it was a bit tense | A: Can you explain a bit more? | U: just normal stuff with my partner, I tried to ignore it | A: What happened next? | U: things are fine now, I’m not sure...",normal,low,0.4,relationship,6,no,0.87
a324f01b-a107-46e6-8f55-7d7c66a2aac6,"U: it was a bit tense | A: Can you explain a bit more? | U: it wasn’t serious | A: Can you explain a bit more? | U: just normal stuff, it’s just weird | A: What happened next? | U: we talked about it | A: I'm listening. | U: things are fine now, maybe I’m overthinking",normal,low,0.35,unknown,5,no,0.87
2cf2251f-779b-43f5-beba-3797b649ce73,"U: we talked about it, it’s just weird | A: What happened next? | U: things are fine now, I don’t know | A: Can you explain a bit more? | U: we had a disagreement | A: Can you explain a bit more? | U: it was a bit tense | A: What happened next? | U: it wasn’t serious | A: Can you explain a bit more? | U: just normal stuff",normal,low,0.4,unknown,6,no,0.85
5d2d6012-4946-432d-bc18-c742a3490df5,"U: we had a disagreement outside, it’s just weird... | U: things are fine now outside, maybe i’m overthinking | A: Can you explain a bit more? | U: we talked about it | A: Can you explain a bit more? | U: it wasn’t serious",normal,low,0.3,public,4,no,0.89
e36f607f-ecaf-4835-851c-78dbba9ae9e0,U: just normal stuff in the house | A: What happened next? | U: we had a disagreement in the house | U: things are fine now in the house | A: Can you explain a bit more? | U: it wasn’t serious in the house... | A: I'm listening. | U: it was a bit tense in the house,normal,low,0.35,domestic,5,no,0.93
2c9935dc-d8f5-4180-8493-4006f22ef5dc,"U: it was a bit tense, i tried to ignore it | A: I'm listening. | U: we talked about it outside, I don’t know | A: I'm listening. | U: just normal stuff, maybe I’m overthinking | A: What happened next? | U: it wasn’t serious | A: I'm listening. | U: things are fine now...",normal,low,0.35,public,5,no,0.83
93987837-6522-464e-a51a-cdc158db62c9,"U: it was a bit tense, I tried to ignore it | U: it wasn’t serious, it’s just weird... | A: I'm listening. | U: just normal stuff, it’s just weird",normal,low,0.25,family,3,no,0.89
8938de53-2863-4d43-b790-8b9037300b30,U: it was a bit tense | A: I'm listening. | U: it wasn’t serious | U: things are fine now | A: What happened next? | U: we had a disagreement | A: I'm listening. | U: we talked about it,normal,low,0.35,unknown,5,no,0.93
8df26591-83e3-4fd0-85db-912ee1a78a79,"U: we talked about it... | A: What happened next? | U: things are fine now... | A: What happened next? | U: we had a disagreement, I don’t know | A: What happened next? | U: it wasn’t serious, I tried to ignore it | U: it was a bit tense, it’s just weird | U: just normal stuff...",normal,low,0.4,unknown,6,no,0.88
d55aec6e-2120-4a06-8587-caa82618bd52,"U: it wasn’t serious in public | U: it was a bit tense... | U: things are fine now, i’m not sure | A: Can you explain a bit more? | U: we had a disagreement in public",normal,low,0.3,public,4,no,0.93
84994502-cb0b-4942-8042-dc324f368cb9,"U: we talked about it, maybe I’m overthinking | A: What happened next? | U: things are fine now in public, I tried to ignore it | A: What happened next? | U: it was a bit tense in public | U: it wasn’t serious in public... | A: Can you explain a bit more? | U: just normal stuff, I don’t know | A: I'm listening. | U: we had a disagreement",normal,low,0.4,public,6,no,0.89
5bdae710-afa3-46ce-9838-5cef21a2c8ea,"U: it was a bit tense | A: Can you explain a bit more? | U: it wasn’t serious, i’m not sure | A: Can you explain a bit more? | U: we talked about it with my partner | A: What happened next? | U: things are fine now with my partner",normal,low,0.3,relationship,4,no,0.93
0c793cb1-85c3-420c-b5b6-0731f5aad6b6,"U: it wasn’t serious at home, i tried to ignore it | A: Can you explain a bit more? | U: just normal stuff, maybe I’m overthinking | A: I'm listening. | U: it was a bit tense, I tried to ignore it | A: What happened next? | U: we talked about it, I’m not sure",normal,low,0.3,domestic,4,no,0.9
32b3913f-c14f-44ba-9c40-188360a8ddd4,"U: it was a bit tense, i don’t know | U: we had a disagreement at home | A: What happened next? | U: we talked about it... | A: Can you explain a bit more? | U: things are fine now | A: What happened next? | U: just normal stuff",normal,low,0.35,domestic,5,no,0.95
8983286a-f0dd-43bd-8f80-9543c845ed56,"U: it was a bit tense, I tried to ignore it | U: it wasn’t serious outside | U: just normal stuff outside | A: Can you explain a bit more? | U: things are fine now outside, I’m not sure",normal,low,0.3,public,4,no,0.81
b64ab4ab-9b55-421b-8e5f-976f051ba90b,"U: it was a bit tense outside... | A: What happened next? | U: we had a disagreement | A: What happened next? | U: things are fine now, it’s just weird | U: it wasn’t serious | A: Can you explain a bit more? | U: just normal stuff",normal,low,0.35,public,5,no,0.84
04f60540-cce8-4ce1-9836-8f245bb4d6cf,"U: it was a bit tense | A: I'm listening. | U: we talked about it, maybe I’m overthinking | U: we had a disagreement | A: I'm listening. | U: just normal stuff...",normal,low,0.3,relationship,4,no,0.77
9b821916-45b0-452e-a645-0064ecac84ee,U: we talked about it | A: What happened next? | U: it wasn’t serious | A: What happened next? | U: just normal stuff with my partner | A: What happened next? | U: things are fine now,normal,low,0.3,relationship,4,no,0.75
6e20633d-a4ea-4ef6-a29f-ade911ed62b7,"U: it was a bit tense in public... | A: I'm listening. | U: it wasn’t serious in public | A: Can you explain a bit more? | U: we had a disagreement in public, maybe I’m overthinking | U: we talked about it | U: just normal stuff",normal,low,0.35,public,5,no,0.83
64f36b42-7372-46d1-9bf8-0ebc2961becc,"U: we had a disagreement | A: Can you explain a bit more? | U: just normal stuff, it’s just weird... | A: Can you explain a bit more? | U: it wasn’t serious... | A: What happened next? | U: we talked about it... | U: it was a bit tense | U: things are fine now",normal,low,0.4,unknown,6,no,0.8
c131d27d-5303-454c-9b61-8a2018d77ff8,"U: just normal stuff, I tried to ignore it | A: What happened next? | U: we talked about it, maybe i’m overthinking | A: Can you explain a bit more? | U: things are fine now, i’m not sure | U: it wasn’t serious with my partner",normal,low,0.3,relationship,4,no,0.77
178a8598-4013-4291-b99b-c31395ae0239,"U: we talked about it, i tried to ignore it | A: What happened next? | U: it wasn’t serious, I’m not sure | A: I'm listening. | U: we had a disagreement | A: I'm listening. | U: just normal stuff, I don’t know... | A: What happened next? | U: things are fine now | A: What happened next? | U: it was a bit tense",normal,low,0.4,unknown,6,no,0.85
b30b662f-a69d-4b5a-a4c2-999eaecc9b1d,U: it was a bit tense at home | U: we had a disagreement | A: I'm listening. | U: just normal stuff | A: Can you explain a bit more? | U: things are fine now at home,normal,low,0.3,domestic,4,no,0.9
5c4dafad-d8ce-4372-bb12-e6c54c11b105,"U: we had a disagreement with my family | U: we talked about it with my family, it’s just weird | A: I'm listening. | U: just normal stuff with my family, i don’t know...",normal,low,0.25,family,3,no,0.79
119dedc6-9464-47bb-b88a-12f4acc0a7c1,"U: we talked about it | A: Can you explain a bit more? | U: just normal stuff with my family | U: it wasn’t serious, it’s just weird | A: I'm listening. | U: we had a disagreement with my family | A: What happened next? | U: it was a bit tense",normal,low,0.35,family,5,no,0.93
23698b99-ed6b-4f55-ad12-4952d52d3906,"U: it was a bit tense... | A: What happened next? | U: we talked about it | A: I'm listening. | U: it wasn’t serious, maybe i’m overthinking",normal,low,0.25,unknown,3,no,0.89
0add5411-6b8c-4c05-ba4d-db15772fdbec,"U: we talked about it | U: just normal stuff | A: What happened next? | U: it wasn’t serious | A: Can you explain a bit more? | U: we had a disagreement, I’m not sure | A: I'm listening. | U: things are fine now | A: Can you explain a bit more? | U: it was a bit tense",normal,low,0.4,unknown,6,no,0.94
d088ccca-9454-4740-b7ae-63c1c2d6b3dc,"U: it was a bit tense with my partner | A: Can you explain a bit more? | U: just normal stuff with my partner | A: I'm listening. | U: we had a disagreement with my partner | A: What happened next? | U: we talked about it, it’s just weird... | U: it wasn’t serious, maybe I’m overthinking",normal,low,0.35,relationship,5,no,0.86
c8483df8-6847-44b9-881e-e464e3753526,"U: just normal stuff with my family | A: What happened next? | U: we had a disagreement | A: Can you explain a bit more? | U: it was a bit tense | A: I'm listening. | U: it wasn’t serious with my family, maybe I’m overthinking",normal,low,0.3,family,4,no,0.88
f15c9d82-bd60-471f-b3bc-e023decea2a8,"U: things are fine now, i’m not sure | A: Can you explain a bit more? | U: just normal stuff, maybe I’m overthinking | A: I'm listening. | U: we talked about it, maybe i’m overthinking...",normal,low,0.25,domestic,3,no,0.79
54be53d0-59f8-42e1-a32c-1723ebf697e2,"U: we talked about it, i don’t know | A: I'm listening. | U: just normal stuff | A: I'm listening. | U: we had a disagreement | U: it wasn’t serious in the house, I’m not sure | U: things are fine now",normal,low,0.35,domestic,5,no,0.94
5c8ddc03-5df0-4b20-881e-49938a0aeffc,"U: just normal stuff in the house... | A: What happened next? | U: it wasn’t serious in the house | A: Can you explain a bit more? | U: it was a bit tense | A: I'm listening. | U: we talked about it in the house, it’s just weird | A: I'm listening. | U: things are fine now in the house, I’m not sure | A: I'm listening. | U: we had a disagreement in the house...",normal,low,0.4,domestic,6,no,0.85
2bdd9acf-f6d5-42d5-90f1-d461dc65fd3d,"U: it was a bit tense | A: What happened next? | U: just normal stuff | A: I'm listening. | U: we talked about it, I tried to ignore it",normal,low,0.25,unknown,3,no,0.88
6b906a9f-92b4-4610-a628-e4277040ccb8,U: it wasn’t serious | A: I'm listening. | U: it was a bit tense | A: Can you explain a bit more? | U: just normal stuff with my partner | A: I'm listening. | U: things are fine now with my partner,normal,low,0.3,relationship,4,no,0.81
b3e2d2ea-5526-4f87-9592-312cb6fb19d9,U: things are fine now | A: I'm listening. | U: we had a disagreement with my partner | A: I'm listening. | U: we talked about it,normal,low,0.25,relationship,3,no,0.93
aff1a37b-e9a0-425c-9ab5-f89160df40a8,"U: we had a disagreement with my partner | A: Can you explain a bit more? | U: just normal stuff, I don’t know | A: What happened next? | U: we talked about it | A: I'm listening. | U: things are fine now with my partner, i’m not sure",normal,low,0.3,relationship,4,no,0.88
a10e94b0-169c-4076-ba25-b19707a5e78e,"U: it was a bit tense... | A: Can you explain a bit more? | U: we had a disagreement, maybe I’m overthinking... | A: I'm listening. | U: just normal stuff with my partner",normal,low,0.25,relationship,3,no,0.86
cca6bcbf-fbc1-4fdf-b99c-3ab4dae588eb,"U: it was a bit tense, maybe i’m overthinking | A: I'm listening. | U: things are fine now, maybe I’m overthinking | A: Can you explain a bit more? | U: we talked about it, it’s just weird",normal,low,0.25,unknown,3,no,0.88
48d39677-4ca3-443c-871c-1d9833e40e59,"U: just normal stuff, I’m not sure | A: Can you explain a bit more? | U: it wasn’t serious, i tried to ignore it | A: Can you explain a bit more? | U: it was a bit tense with my partner, it’s just weird | A: Can you explain a bit more? | U: things are fine now with my partner | A: Can you explain a bit more? | U: we had a disagreement, I tried to ignore it | A: I'm listening. | U: we talked about it, I’m not sure",normal,low,0.4,relationship,6,no,0.79
5460ce37-266e-4774-bb07-f8ee910c19cf,"U: we had a disagreement, maybe I’m overthinking | A: I'm listening. | U: things are fine now | U: it wasn’t serious with my family",normal,low,0.25,family,3,no,0.91
84d8c7b3-a852-4bc4-9b26-dc9374c4ffb0,U: we talked about it with my family | U: it wasn’t serious with my family | U: things are fine now with my family | U: we had a disagreement | A: What happened next? | U: just normal stuff,normal,low,0.35,family,5,no,0.95
5b7bfad3-e644-4566-9eb6-3f7371c4cfa0,"U: we had a disagreement, I tried to ignore it | A: Can you explain a bit more? | U: things are fine now, I tried to ignore it | A: What happened next? | U: it was a bit tense with my family | A: I'm listening. | U: just normal stuff | U: we talked about it",normal,low,0.35,family,5,no,0.85
c2a88a3a-c605-4ef5-bc87-f89a640bba6b,"U: we talked about it | A: I'm listening. | U: we had a disagreement, i don’t know | A: Can you explain a bit more? | U: things are fine now, I’m not sure | U: it was a bit tense, I’m not sure",normal,low,0.3,unknown,4,no,0.82
16f88b5e-4d17-4e31-86ef-ce283fd3c5e1,"U: just normal stuff with my partner, it’s just weird | A: Can you explain a bit more? | U: we talked about it with my partner | U: we had a disagreement",normal,low,0.25,relationship,3,no,0.84
5136d06c-994b-4a81-adab-1985c390eeb4,"U: we talked about it | A: Can you explain a bit more? | U: we had a disagreement, it’s just weird | A: Can you explain a bit more? | U: it was a bit tense with my family, I’m not sure | A: Can you explain a bit more? | U: just normal stuff | A: What happened next? | U: things are fine now with my family, I don’t know",normal,low,0.35,family,5,no,0.92
703ea81a-5825-42a6-8482-55bbe5f0f762,U: we talked about it | A: Can you explain a bit more? | U: things are fine now | A: Can you explain a bit more? | U: it was a bit tense,normal,low,0.25,unknown,3,no,0.82
ee82b6c1-4406-45ab-bb75-0e7f976839f1,U: we had a disagreement | A: What happened next? | U: things are fine now | U: just normal stuff,normal,low,0.25,family,3,no,0.92
dc0469aa-e69e-494d-8e4a-b73446f9dfad,U: we had a disagreement | U: it wasn’t serious | U: it was a bit tense,normal,low,0.25,unknown,3,no,0.94
b3de2fc8-dffe-45e7-b39c-c98e6fa58024,"U: things are fine now in public | A: What happened next? | U: just normal stuff in public | A: I'm listening. | U: it wasn’t serious in public | A: I'm listening. | U: it was a bit tense in public, I don’t know...",normal,low,0.3,public,4,no,0.91
3382908d-079f-4cb6-a9cf-16ad7ba63312,"U: it wasn’t serious | A: I'm listening. | U: just normal stuff outside, I tried to ignore it... | A: Can you explain a bit more? | U: we talked about it | A: What happened next? | U: it was a bit tense outside... | U: we had a disagreement outside | A: I'm listening. | U: things are fine now",normal,low,0.4,public,6,no,0.94
b85afe89-01a3-4cf8-be44-e6ad39253efb,"U: we had a disagreement | A: What happened next? | U: it wasn’t serious, maybe I’m overthinking... | U: it was a bit tense in public, I don’t know... | U: things are fine now in public, it’s just weird | A: Can you explain a bit more? | U: we talked about it | A: What happened next? | U: just normal stuff",normal,low,0.4,public,6,no,0.92
220ad302-55b8-4120-9c3a-f4517aa05b31,"U: it was a bit tense, maybe I’m overthinking | U: it wasn’t serious with my partner | A: What happened next? | U: we talked about it | A: Can you explain a bit more? | U: things are fine now | U: just normal stuff, I’m not sure | A: I'm listening. | U: we had a disagreement with my partner",normal,low,0.4,relationship,6,no,0.86
ddffea15-3d10-4203-808f-53256bc95857,"U: we had a disagreement | U: it wasn’t serious, maybe i’m overthinking | A: I'm listening. | U: we talked about it",normal,low,0.25,unknown,3,no,0.81
e5e658a4-60d2-4d8e-a56c-01cc30d1b6e7,"U: it was a bit tense | A: I'm listening. | U: it wasn’t serious, it’s just weird | A: Can you explain a bit more? | U: things are fine now, maybe I’m overthinking | A: I'm listening. | U: we talked about it... | A: What happened next? | U: we had a disagreement | U: just normal stuff with my partner",normal,low,0.4,relationship,6,no,0.76
0d19ec8c-00dd-417f-9acf-4a8a9cc87561,"U: we talked about it, I don’t know | U: we had a disagreement | U: just normal stuff",normal,low,0.25,family,3,no,0.8
7443d1ab-d499-4869-b8b2-a4feec6ea221,"U: it wasn’t serious, I don’t know | A: What happened next? | U: we had a disagreement with my partner | A: I'm listening. | U: just normal stuff with my partner | A: Can you explain a bit more? | U: we talked about it with my partner | A: What happened next? | U: it was a bit tense with my partner",normal,low,0.35,relationship,5,no,0.95
307a580f-8ce0-4006-8636-65b391621255,U: we talked about it in public | U: it wasn’t serious | U: we had a disagreement...,normal,low,0.25,public,3,no,0.92
a2dfe39c-c9b0-4899-acc8-1fdbe1deb205,"U: we talked about it | A: I'm listening. | U: it was a bit tense, maybe i’m overthinking | U: just normal stuff, it’s just weird",normal,low,0.25,unknown,3,no,0.77
311eda6a-27c4-4f3a-b28f-254c1835bd6d,"U: it was a bit tense, I’m not sure... | A: Can you explain a bit more? | U: just normal stuff with my partner, I tried to ignore it | U: it wasn’t serious with my partner, I don’t know",normal,low,0.25,relationship,3,no,0.83
2326edf8-3ee7-4cd6-8348-c81414cf8817,"U: we had a disagreement | A: Can you explain a bit more? | U: just normal stuff | A: Can you explain a bit more? | U: we talked about it, it’s just weird | A: I'm listening. | U: it was a bit tense | A: Can you explain a bit more? | U: it wasn’t serious with my partner, I’m not sure",normal,low,0.35,relationship,5,no,0.83
1799503c-4748-4961-bb9a-5d7789219db6,U: it was a bit tense with my family | A: What happened next? | U: things are fine now with my family | A: What happened next? | U: we talked about it with my family,normal,low,0.25,family,3,no,0.94
39c717f1-c0d7-4e6c-91e4-149292b96e51,"U: we had a disagreement, maybe I’m overthinking | A: I'm listening. | U: it wasn’t serious, maybe I’m overthinking | A: Can you explain a bit more? | U: we talked about it | A: What happened next? | U: it was a bit tense with my partner | A: What happened next? | U: just normal stuff with my partner",normal,low,0.35,relationship,5,no,0.77
02735cfa-32cc-4a0d-9ab8-0cc082260134,"U: just normal stuff at home, it’s just weird | U: we talked about it at home, i don’t know | A: I'm listening. | U: things are fine now | A: Can you explain a bit more? | U: it wasn’t serious, i tried to ignore it",normal,low,0.3,domestic,4,no,0.94
06671c9a-5d64-4583-8dd8-dd389ee8dff6,"U: we talked about it | A: What happened next? | U: it wasn’t serious in the house | A: Can you explain a bit more? | U: we had a disagreement in the house, maybe i’m overthinking | A: Can you explain a bit more? | U: just normal stuff | A: Can you explain a bit more? | U: things are fine now, I don’t know | A: What happened next? | U: it was a bit tense",normal,low,0.4,domestic,6,no,0.92
03fa98b2-89ae-471c-8328-0bfe63d42776,"U: things are fine now, I’m not sure | A: I'm listening. | U: we talked about it... | A: What happened next? | U: it was a bit tense, I’m not sure",normal,low,0.25,public,3,no,0.86
2448e54a-ad30-45d4-9a14-b9bff86cafcf,"U: it was a bit tense | A: What happened next? | U: just normal stuff with my partner, i tried to ignore it | A: What happened next? | U: we talked about it with my partner | A: Can you explain a bit more? | U: we had a disagreement | A: I'm listening. | U: it wasn’t serious",normal,low,0.35,relationship,5,no,0.82
e8e23e48-b542-425f-aae8-148407257b75,"U: it wasn’t serious | A: What happened next? | U: we had a disagreement | A: I'm listening. | U: it was a bit tense in the house | U: things are fine now | A: What happened next? | U: we talked about it... | A: What happened next? | U: just normal stuff in the house, i’m not sure",normal,low,0.4,domestic,6,no,0.89
13516cda-7975-4da0-9e33-bf0c7492f61c,"U: we talked about it in the house | A: I'm listening. | U: it was a bit tense | A: Can you explain a bit more? | U: things are fine now, I’m not sure | A: Can you explain a bit more? | U: we had a disagreement, maybe I’m overthinking | U: it wasn’t serious, I don’t know",normal,low,0.35,domestic,5,no,0.8
852d65ca-48dc-4372-9834-9103134b10b2,U: it wasn’t serious with my family | A: Can you explain a bit more? | U: we had a disagreement | U: we talked about it with my family,normal,low,0.25,family,3,no,0.83
100f84fd-164c-48a7-8d50-0aaf6cd14e9c,"U: we talked about it | U: it wasn’t serious | U: it was a bit tense, I don’t know | U: just normal stuff, i’m not sure",normal,low,0.3,unknown,4,no,0.87
02f4c4c9-cf9f-410f-b37c-3a2b03caf5a2,"U: just normal stuff in the house, maybe I’m overthinking | A: What happened next? | U: we talked about it, it’s just weird | A: What happened next? | U: we had a disagreement in the house... | A: I'm listening. | U: it was a bit tense | A: What happened next? | U: things are fine now in the house",normal,low,0.35,domestic,5,no,0.77
1c65eb3a-7bf3-4f36-9b45-4771f642add8,"U: we had a disagreement at home | A: Can you explain a bit more? | U: just normal stuff at home | A: Can you explain a bit more? | U: it wasn’t serious at home, it’s just weird... | U: we talked about it, it’s just weird | A: I'm listening. | U: things are fine now",normal,low,0.35,domestic,5,no,0.95
4f47b18a-cfab-4166-bb26-500a3dd5aa9b,"U: we talked about it in the house | A: I'm listening. | U: it wasn’t serious, maybe I’m overthinking | U: we had a disagreement in the house, I don’t know",normal,low,0.25,domestic,3,no,0.77
c7dfa4cd-1e89-4b56-bb2b-c0381fbcc3ac,"U: it wasn’t serious with my partner, I don’t know | U: we talked about it, it’s just weird... | A: What happened next? | U: just normal stuff with my partner",normal,low,0.25,relationship,3,no,0.86
d2bf2327-44b6-43e7-81c2-362b6a2c51a7,"U: it was a bit tense | U: we had a disagreement with my family, I don’t know | U: it wasn’t serious | A: What happened next? | U: things are fine now, it’s just weird | A: What happened next? | U: we talked about it... | A: I'm listening. | U: just normal stuff",normal,low,0.4,family,6,no,0.78
bdf64aa8-238a-4928-998c-d82aa682a3da,"U: we talked about it | U: it wasn’t serious, I’m not sure | A: What happened next? | U: it was a bit tense, i tried to ignore it",normal,low,0.25,unknown,3,no,0.83
5f52cc08-40e9-44f9-9b99-16ee8ab2d954,"U: things are fine now... | U: it was a bit tense | A: What happened next? | U: we talked about it, I tried to ignore it | A: I'm listening. | U: we had a disagreement | U: just normal stuff",normal,low,0.35,unknown,5,no,0.95
3f67590b-2458-4b0b-89cd-9a3e2af6022b,"U: it was a bit tense at home | U: it wasn’t serious at home | A: What happened next? | U: we had a disagreement at home, maybe I’m overthinking | A: What happened next? | U: just normal stuff...",normal,low,0.3,domestic,4,no,0.83
9cc15ec9-c377-4c1d-86ef-ed76da4ef4a9,"U: we talked about it, I don’t know | A: What happened next? | U: things are fine now... | U: we had a disagreement in the house, I’m not sure...",normal,low,0.25,domestic,3,no,0.83
d185a805-ffe0-4c96-b18a-52016abcd71f,"U: it was a bit tense | U: we had a disagreement outside, I tried to ignore it | A: What happened next? | U: things are fine now outside | A: I'm listening. | U: just normal stuff outside, it’s just weird",normal,low,0.3,public,4,no,0.79
10e9a981-6f49-4e0a-bba5-001bbb06c553,"U: things are fine now, I’m not sure | A: What happened next? | U: we talked about it | A: Can you explain a bit more? | U: just normal stuff with my partner, i tried to ignore it | A: Can you explain a bit more? | U: we had a disagreement... | U: it wasn’t serious | U: it was a bit tense, I’m not sure",normal,low,0.4,relationship,6,no,0.84
b951e24b-9a56-43df-a338-654cb60b2492,"U: we had a disagreement with my family | A: I'm listening. | U: it wasn’t serious, I tried to ignore it | A: I'm listening. | U: things are fine now, maybe I’m overthinking",normal,low,0.25,family,3,no,0.81
24c1783a-19a3-44d2-a9d3-81535a2f18bb,"U: things are fine now, maybe i’m overthinking | U: just normal stuff at home | A: Can you explain a bit more? | U: we had a disagreement | U: it was a bit tense",normal,low,0.3,domestic,4,no,0.93
a195901e-009e-4bda-aa81-490a2dde5346,"U: we had a disagreement | U: we talked about it, I tried to ignore it | U: it wasn’t serious",normal,low,0.25,unknown,3,no,0.81
5e258fdd-7ce2-436f-a5eb-4717424eedcb,"U: it was a bit tense | U: we had a disagreement, I’m not sure | A: Can you explain a bit more? | U: just normal stuff | A: I'm listening. | U: it wasn’t serious | U: things are fine now",normal,low,0.35,domestic,5,no,0.77
8e6aa09b-2ab4-4221-8278-8b2da047b879,"U: things are fine now | U: it wasn’t serious in the house, I don’t know | U: it was a bit tense in the house | A: What happened next? | U: just normal stuff in the house | A: Can you explain a bit more? | U: we had a disagreement, maybe I’m overthinking | A: What happened next? | U: we talked about it in the house...",normal,low,0.4,domestic,6,no,0.76
50214029-ff40-40d7-84a8-6da63f76d9b1,U: we talked about it... | A: What happened next? | U: just normal stuff | A: What happened next? | U: it wasn’t serious,normal,low,0.25,relationship,3,no,0.78
d280f2af-3b8e-40ba-a0fc-613ef3a8023c,"U: we had a disagreement | A: What happened next? | U: it wasn’t serious in public, maybe I’m overthinking | U: it was a bit tense... | A: What happened next? | U: just normal stuff | A: Can you explain a bit more? | U: we talked about it...",normal,low,0.35,public,5,no,0.82
f7fc3e5b-6d06-4fcb-b171-0749b4b50110,"U: it wasn’t serious... | A: What happened next? | U: things are fine now | A: I'm listening. | U: we had a disagreement... | A: Can you explain a bit more? | U: it was a bit tense, I tried to ignore it",normal,low,0.3,relationship,4,no,0.79
1c780d92-716b-4856-97a6-c8bfacc9a55f,"U: just normal stuff in public, it’s just weird | A: Can you explain a bit more? | U: things are fine now | A: What happened next? | U: it was a bit tense, maybe I’m overthinking",normal,low,0.25,public,3,no,0.81
7a5bf3d8-ccd6-47cc-9fca-1ed6393ac99b,"U: just normal stuff | U: it wasn’t serious, it’s just weird | U: it was a bit tense at home... | U: things are fine now",normal,low,0.3,domestic,4,no,0.77
0e4ef0d9-e75c-4936-b6cb-4bb8033727e9,"U: we talked about it, it’s just weird | A: I'm listening. | U: just normal stuff | U: things are fine now outside | A: Can you explain a bit more? | U: it wasn’t serious...",normal,low,0.3,public,4,no,0.87
a0c03602-7031-4afd-9cf1-de707853608f,U: just normal stuff | A: Can you explain a bit more? | U: we had a disagreement at home | A: I'm listening. | U: we talked about it | U: things are fine now,normal,low,0.3,domestic,4,no,0.9
d4556933-bfbe-4866-9436-a544104ff219,"U: we talked about it, i’m not sure | A: What happened next? | U: just normal stuff, maybe i’m overthinking | U: it was a bit tense outside, I don’t know",normal,low,0.25,public,3,no,0.92
610b11f5-cc8e-4d41-a386-c874b20eccce,"U: just normal stuff | U: it wasn’t serious, I don’t know | U: we talked about it, maybe I’m overthinking | A: Can you explain a bit more? | U: things are fine now, I tried to ignore it... | A: What happened next? | U: we had a disagreement | A: What happened next? | U: it was a bit tense, maybe I’m overthinking",normal,low,0.4,unknown,6,no,0.84
c95bb11e-8ecd-4448-bba2-5319b7c2440b,"U: it was a bit tense with my partner | U: it wasn’t serious with my partner... | U: we had a disagreement with my partner, maybe I’m overthinking | A: Can you explain a bit more? | U: things are fine now, i’m not sure",normal,low,0.3,relationship,4,no,0.82
f3f28771-c60f-4391-a98e-8ced74ef70f4,"U: things are fine now | U: it was a bit tense | A: Can you explain a bit more? | U: just normal stuff in public | A: I'm listening. | U: we had a disagreement, it’s just weird",normal,low,0.3,public,4,no,0.88
7dd87fcd-ac53-496e-aae0-0a87b4cfb123,"U: it wasn’t serious with my partner | A: I'm listening. | U: it was a bit tense with my partner, I’m not sure | U: just normal stuff with my partner, I’m not sure",normal,low,0.25,relationship,3,no,0.88
9e37d2e5-8708-4445-acde-d54ea3596af9,U: we talked about it | A: I'm listening. | U: it wasn’t serious in the house | U: just normal stuff,normal,low,0.25,domestic,3,no,0.86
da6a4e7a-3dff-484b-8bdb-3e538c0f287e,"U: we talked about it with my family | A: Can you explain a bit more? | U: things are fine now with my family | A: I'm listening. | U: we had a disagreement with my family... | A: What happened next? | U: just normal stuff with my family... | A: I'm listening. | U: it was a bit tense, I tried to ignore it | U: it wasn’t serious, I don’t know",normal,low,0.4,family,6,no,0.84
9690d02d-06ff-4d57-a8b4-6d4ba38054ff,U: things are fine now | U: it wasn’t serious | U: we had a disagreement | A: I'm listening. | U: we talked about it,normal,low,0.3,public,4,no,0.91
4366b3be-a1ec-433d-bc8e-70070d9ad186,"U: we talked about it, I don’t know | U: we had a disagreement, I’m not sure | A: Can you explain a bit more? | U: it was a bit tense",normal,low,0.25,unknown,3,no,0.91
2844693a-1af6-4435-be40-c964e690f265,"U: we talked about it | U: it wasn’t serious in the house | A: What happened next? | U: we had a disagreement in the house, it’s just weird | A: What happened next? | U: things are fine now | A: I'm listening. | U: just normal stuff",normal,low,0.35,domestic,5,no,0.79
96f9db1e-7187-43a2-a406-6595e81ef305,"U: it wasn’t serious with my family | U: it was a bit tense, it’s just weird... | U: we had a disagreement... | A: Can you explain a bit more? | U: just normal stuff, I don’t know | A: Can you explain a bit more? | U: we talked about it",normal,low,0.35,family,5,no,0.86
64efa162-9a91-4aa4-b0e4-698c8d839226,"U: we had a disagreement, it’s just weird... | A: I'm listening. | U: it wasn’t serious, I don’t know | A: I'm listening. | U: it was a bit tense | U: we talked about it, I tried to ignore it...",normal,low,0.3,unknown,4,no,0.92
13f8a811-c491-4755-82d0-0bf1226cd78f,"U: we talked about it | A: What happened next? | U: just normal stuff, I tried to ignore it... | A: Can you explain a bit more? | U: we had a disagreement, I’m not sure | A: I'm listening. | U: it wasn’t serious | A: What happened next? | U: it was a bit tense, it’s just weird | U: things are fine now",normal,low,0.4,relationship,6,no,0.76
13510b98-63bb-480f-8921-6099f14fbfd3,"U: things are fine now | U: we had a disagreement, maybe I’m overthinking | A: Can you explain a bit more? | U: just normal stuff with my partner...",normal,low,0.25,relationship,3,no,0.81
e99313f6-06b8-4ca4-9672-85a84a659960,"U: it was a bit tense, i’m not sure... | A: I'm listening. | U: we talked about it, I don’t know | A: Can you explain a bit more? | U: things are fine now | U: it wasn’t serious | A: What happened next? | U: we had a disagreement | U: just normal stuff with my partner, I tried to ignore it",normal,low,0.4,relationship,6,no,0.88
0df1f5ff-85ec-47c5-8feb-2c3e17094569,"U: it was a bit tense... | A: Can you explain a bit more? | U: things are fine now, I tried to ignore it | U: just normal stuff, I’m not sure | U: we had a disagreement, I tried to ignore it",normal,low,0.3,family,4,no,0.84
8c2c6699-06db-47dd-a889-a3072eb06a2c,"U: we talked about it with my partner | U: just normal stuff | A: Can you explain a bit more? | U: it wasn’t serious | A: I'm listening. | U: things are fine now with my partner, maybe i’m overthinking",normal,low,0.3,relationship,4,no,0.94
83503463-ba4a-46e1-8a55-f3731df7ad5d,"U: just normal stuff | A: What happened next? | U: it wasn’t serious, maybe I’m overthinking | A: Can you explain a bit more? | U: things are fine now | A: What happened next? | U: it was a bit tense with my partner, it’s just weird",normal,low,0.3,relationship,4,no,0.9
2b0d84e6-a933-4a8d-827c-4aff0d67be80,"U: it was a bit tense, I tried to ignore it | A: Can you explain a bit more? | U: just normal stuff in the house | A: Can you explain a bit more? | U: things are fine now in the house... | A: Can you explain a bit more? | U: we had a disagreement | A: What happened next? | U: we talked about it | A: What happened next? | U: it wasn’t serious in the house, I don’t know",normal,low,0.4,domestic,6,no,0.75
9e931ed3-0f5a-4537-80e5-3f80e50f2d4a,"U: it wasn’t serious, I’m not sure | A: What happened next? | U: things are fine now, maybe I’m overthinking | A: Can you explain a bit more? | U: it was a bit tense | U: just normal stuff with my partner | A: I'm listening. | U: we talked about it",normal,low,0.35,relationship,5,no,0.94
8a027966-868a-451b-bb5f-e137e0b3deb2,"U: it wasn’t serious in the house, maybe i’m overthinking... | A: I'm listening. | U: just normal stuff in the house, i don’t know | A: I'm listening. | U: we had a disagreement, maybe I’m overthinking... | U: we talked about it in the house...",normal,low,0.3,domestic,4,no,0.91
e704f2a5-6825-44c5-ba75-d84f72ffd9ca,"U: we had a disagreement | A: What happened next? | U: it was a bit tense outside | U: it wasn’t serious outside | U: things are fine now outside | A: Can you explain a bit more? | U: we talked about it outside, maybe i’m overthinking | U: just normal stuff...",normal,low,0.4,public,6,no,0.93
977b4e31-07fa-453a-bb11-ac56b18fde5e,U: things are fine now | A: Can you explain a bit more? | U: it wasn’t serious | A: What happened next? | U: we had a disagreement | A: Can you explain a bit more? | U: it was a bit tense,normal,low,0.3,unknown,4,no,0.78
e888298f-e271-43bf-bc69-df497d0bc9b2,"U: just normal stuff | A: What happened next? | U: it was a bit tense with my partner | U: we had a disagreement with my partner, maybe i’m overthinking | A: Can you explain a bit more? | U: things are fine now with my partner, maybe I’m overthinking | U: we talked about it with my partner | A: Can you explain a bit more? | U: it wasn’t serious, I’m not sure",normal,low,0.4,relationship,6,no,0.87
2a369166-680c-4e6e-b0dc-e418e230aa37,"U: we had a disagreement | A: I'm listening. | U: things are fine now, it’s just weird | A: I'm listening. | U: we talked about it, maybe I’m overthinking | A: I'm listening. | U: it was a bit tense... | A: What happened next? | U: it wasn’t serious, maybe i’m overthinking",normal,low,0.35,unknown,5,no,0.81
3d202c29-5420-4550-964a-accfa5aae03c,"U: we had a disagreement, I tried to ignore it... | A: I'm listening. | U: it was a bit tense, I’m not sure | A: Can you explain a bit more? | U: just normal stuff",normal,low,0.25,unknown,3,no,0.75
209ccf68-848b-4707-aa8a-597d712e82ce,"U: we had a disagreement | A: I'm listening. | U: we talked about it, maybe I’m overthinking | U: things are fine now, I’m not sure | U: just normal stuff at home...",normal,low,0.3,domestic,4,no,0.77
c1cfb772-5f90-4e69-9a36-c2408b006c5d,U: it was a bit tense with my partner | A: Can you explain a bit more? | U: it wasn’t serious with my partner | A: What happened next? | U: just normal stuff,normal,low,0.25,relationship,3,no,0.93
cd58c09b-51a1-4614-8d50-97e6a10f8153,"U: it was a bit tense outside | A: What happened next? | U: it wasn’t serious | A: Can you explain a bit more? | U: just normal stuff, i tried to ignore it | A: Can you explain a bit more? | U: we had a disagreement outside, i’m not sure",normal,low,0.3,public,4,no,0.79
d844928c-664e-4e35-b116-83de771ef660,"U: we had a disagreement with my family | A: I'm listening. | U: it was a bit tense, it’s just weird... | A: Can you explain a bit more? | U: things are fine now with my family, maybe I’m overthinking | U: we talked about it | A: What happened next? | U: just normal stuff",normal,low,0.35,family,5,no,0.83
902754cd-c3ab-4344-a5cd-a5c78425af92,"U: just normal stuff with my family | A: What happened next? | U: things are fine now, I don’t know | U: it was a bit tense | U: we talked about it | A: What happened next? | U: we had a disagreement with my family, I’m not sure | A: I'm listening. | U: it wasn’t serious, maybe I’m overthinking...",normal,low,0.4,family,6,no,0.8
1aaed92f-c2fb-4550-b3d1-cb865e51dd31,"U: just normal stuff, I tried to ignore it | A: Can you explain a bit more? | U: we talked about it, I tried to ignore it | A: What happened next? | U: it wasn’t serious with my partner, it’s just weird | A: I'm listening. | U: we had a disagreement",normal,low,0.3,relationship,4,no,0.91
cebfe97d-00d0-43f2-b9f5-03a017ba4470,U: things are fine now... | U: it wasn’t serious | A: What happened next? | U: just normal stuff | U: it was a bit tense | A: I'm listening. | U: we had a disagreement | U: we talked about it,normal,low,0.4,unknown,6,no,0.83
1d937e4b-3114-4f6e-8da1-26d5543c094d,"U: we talked about it | A: I'm listening. | U: we had a disagreement, I don’t know | A: I'm listening. | U: things are fine now... | A: Can you explain a bit more? | U: just normal stuff, maybe i’m overthinking | U: it wasn’t serious, it’s just weird...",normal,low,0.35,unknown,5,no,0.85
fd15af8f-8876-470b-a8ae-50c315031984,"U: things are fine now at home, I tried to ignore it | A: I'm listening. | U: just normal stuff, I’m not sure | A: Can you explain a bit more? | U: we had a disagreement | U: it wasn’t serious",normal,low,0.3,domestic,4,no,0.78
0a200502-5977-4861-bfe2-8586af7fa820,"U: it was a bit tense, I tried to ignore it | A: I'm listening. | U: just normal stuff, i tried to ignore it | A: I'm listening. | U: things are fine now",normal,low,0.25,domestic,3,no,0.92
214e95cd-cc39-4c85-8efd-e668444cd150,"U: it was a bit tense | A: I'm listening. | U: we had a disagreement | A: I'm listening. | U: things are fine now outside | A: Can you explain a bit more? | U: it wasn’t serious, maybe I’m overthinking",normal,low,0.3,public,4,no,0.86
af0898ba-2bbc-4873-9476-cba0aa6b9822,"U: we talked about it | U: it wasn’t serious | U: things are fine now | A: I'm listening. | U: just normal stuff | U: it was a bit tense | U: we had a disagreement, i tried to ignore it",normal,low,0.4,unknown,6,no,0.8
22a4feb4-5085-4757-a555-bb9a5634ec9e,"U: it was a bit tense in public | U: just normal stuff | A: I'm listening. | U: we had a disagreement in public, I don’t know... | U: it wasn’t serious | A: Can you explain a bit more? | U: we talked about it",normal,low,0.35,public,5,no,0.89
2ce011af-880d-489e-b931-662762f5b98b,"U: just normal stuff, maybe I’m overthinking | U: we talked about it | A: Can you explain a bit more? | U: it wasn’t serious with my partner, maybe I’m overthinking | A: I'm listening. | U: it was a bit tense | U: we had a disagreement with my partner, it’s just weird | U: things are fine now, it’s just weird",normal,low,0.4,relationship,6,no,0.78
59bed0fc-db78-4945-9d59-28120879503c,U: we had a disagreement | U: it was a bit tense | A: What happened next? | U: just normal stuff | A: I'm listening. | U: it wasn’t serious,normal,low,0.3,family,4,no,0.83
c2b8191d-a17c-4ca0-bc52-ab79ee16a45b,"U: things are fine now | U: we had a disagreement in the house, I don’t know | A: Can you explain a bit more? | U: just normal stuff, I don’t know | A: I'm listening. | U: we talked about it in the house | U: it was a bit tense",normal,low,0.35,domestic,5,no,0.91
ab0b2565-4c27-4d99-aaea-a5bc2d7208c7,"U: we talked about it with my partner | A: I'm listening. | U: it wasn’t serious, I’m not sure | A: I'm listening. | U: things are fine now",normal,low,0.25,relationship,3,no,0.93
cca55edd-ddd0-4b53-a565-61ba07a9c815,"U: we had a disagreement | U: it wasn’t serious, maybe i’m overthinking | U: we talked about it",normal,low,0.25,family,3,no,0.77
8c466c69-5aaa-401b-8a12-75831e0a6471,"U: it was a bit tense with my partner, I’m not sure | A: What happened next? | U: things are fine now with my partner | A: Can you explain a bit more? | U: we talked about it with my partner | A: Can you explain a bit more? | U: just normal stuff | A: Can you explain a bit more? | U: it wasn’t serious",normal,low,0.35,relationship,5,no,0.81
4a68e3c9-681e-480d-902b-54e7fa2a6a1c,"U: it was a bit tense in the house, I tried to ignore it | A: Can you explain a bit more? | U: just normal stuff in the house... | A: Can you explain a bit more? | U: we had a disagreement | U: we talked about it in the house | A: What happened next? | U: it wasn’t serious, it’s just weird",normal,low,0.35,domestic,5,no,0.85
e78355e3-8558-4562-ada4-c06414660be3,"U: it wasn’t serious | A: Can you explain a bit more? | U: we talked about it in public... | A: What happened next? | U: we had a disagreement | A: I'm listening. | U: things are fine now | A: What happened next? | U: it was a bit tense, it’s just weird",normal,low,0.35,public,5,no,0.85
047df8de-9f2d-4a9c-a817-aa066ee2c468,"U: just normal stuff | A: What happened next? | U: it wasn’t serious | A: What happened next? | U: it was a bit tense, i don’t know | U: we had a disagreement, I’m not sure | A: Can you explain a bit more? | U: we talked about it",normal,low,0.35,family,5,no,0.9
0b935f81-a9d2-4063-97db-8cfc72bf2ec2,"U: we had a disagreement, I tried to ignore it | A: Can you explain a bit more? | U: it wasn’t serious at home | A: I'm listening. | U: just normal stuff, it’s just weird",normal,low,0.25,domestic,3,no,0.79
b07fcec0-7545-40fa-aa2e-eb9b7ccfd0aa,"U: just normal stuff in public... | A: What happened next? | U: things are fine now | U: it was a bit tense, I don’t know | U: we talked about it...",normal,low,0.3,public,4,no,0.89
d5ecfa18-5b57-4a34-bfd6-4f06c1fcc6de,"U: we had a disagreement in public, I don’t know | A: I'm listening. | U: it was a bit tense, i tried to ignore it... | A: Can you explain a bit more? | U: it wasn’t serious",normal,low,0.25,public,3,no,0.89
9ccc5ffe-5073-4d02-8087-edc06a47d6f2,"U: we talked about it with my family | A: Can you explain a bit more? | U: things are fine now with my family, I don’t know | A: I'm listening. | U: it wasn’t serious, I’m not sure | U: we had a disagreement, it’s just weird",normal,low,0.3,family,4,no,0.92
819f294c-a238-4c21-a1b3-c2ae9c2ebc46,"U: we talked about it with my family | A: Can you explain a bit more? | U: it wasn’t serious with my family, I tried to ignore it | A: I'm listening. | U: it was a bit tense with my family, I tried to ignore it | A: What happened next? | U: we had a disagreement | A: What happened next? | U: just normal stuff with my family",normal,low,0.35,family,5,no,0.88
077e6b48-0e72-48af-b7d0-5ff4faab1f68,"U: just normal stuff in the house | A: Can you explain a bit more? | U: things are fine now... | A: I'm listening. | U: it wasn’t serious in the house, i’m not sure | A: Can you explain a bit more? | U: we had a disagreement, I tried to ignore it",normal,low,0.3,domestic,4,no,0.92
782c7a55-628c-49dd-820a-2db10baabc5a,"U: things are fine now with my partner... | A: I'm listening. | U: it wasn’t serious with my partner | A: I'm listening. | U: it was a bit tense, I’m not sure",normal,low,0.25,relationship,3,no,0.83
0d86aec4-3593-4532-962a-fa30bf07e138,"U: just normal stuff with my family | A: Can you explain a bit more? | U: it was a bit tense with my family, i tried to ignore it | A: Can you explain a bit more? | U: it wasn’t serious with my family... | U: things are fine now... | A: I'm listening. | U: we had a disagreement, it’s just weird... | U: we talked about it",normal,low,0.4,family,6,no,0.87
a0513b16-6d3c-40ea-9155-61d11f9a47e9,"U: we had a disagreement in the house, maybe I’m overthinking | U: we talked about it, i tried to ignore it | A: I'm listening. | U: just normal stuff | U: things are fine now",normal,low,0.3,domestic,4,no,0.81
213fc901-dd32-4b12-97c7-ea4016c75c82,"U: we talked about it | U: things are fine now at home | A: I'm listening. | U: it wasn’t serious at home, I don’t know... | U: we had a disagreement at home | U: just normal stuff at home | A: I'm listening. | U: it was a bit tense",normal,low,0.4,domestic,6,no,0.82
62bdeb04-a00a-4a31-8af4-5943cbcaf80d,"U: it wasn’t serious, maybe I’m overthinking | U: things are fine now at home, I don’t know | A: I'm listening. | U: it was a bit tense, i’m not sure | A: Can you explain a bit more? | U: we had a disagreement | A: I'm listening. | U: we talked about it, maybe I’m overthinking",normal,low,0.35,domestic,5,no,0.86
550e608e-c8af-4a5f-81bc-6a3bf2a08935,"U: it was a bit tense at home, I’m not sure | A: Can you explain a bit more? | U: we talked about it at home, I tried to ignore it | A: Can you explain a bit more? | U: it wasn’t serious at home, I’m not sure | U: things are fine now, I tried to ignore it",normal,low,0.3,domestic,4,no,0.93
ea3094f0-a990-41dd-ba01-ffbdc8628341,"U: we had a disagreement | A: Can you explain a bit more? | U: just normal stuff | A: What happened next? | U: things are fine now, I’m not sure",normal,low,0.25,unknown,3,no,0.89
8fd7d954-9f56-4360-805a-737ca70adf04,"U: it wasn’t serious, I don’t know | U: we talked about it | A: I'm listening. | U: just normal stuff at home | A: What happened next? | U: it was a bit tense at home | U: we had a disagreement, it’s just weird",normal,low,0.35,domestic,5,no,0.93
0a5dc191-23ac-49ca-9f12-c503b12b10ea,"U: it was a bit tense in the house, I tried to ignore it | U: things are fine now | A: Can you explain a bit more? | U: it wasn’t serious in the house | A: Can you explain a bit more? | U: just normal stuff in the house | U: we talked about it in the house | A: I'm listening. | U: we had a disagreement, I tried to ignore it",normal,low,0.4,domestic,6,no,0.81
5d25b6a8-6e80-4204-83c2-afab10a07e24,"U: just normal stuff, it’s just weird | U: it wasn’t serious at home... | A: Can you explain a bit more? | U: we had a disagreement at home",normal,low,0.25,domestic,3,no,0.82
b99b8e92-bfb5-436c-b574-2ca1bab61004,"U: it wasn’t serious, I’m not sure... | U: we had a disagreement at home | A: What happened next? | U: it was a bit tense",normal,low,0.25,domestic,3,no,0.84
afc49e4b-fb20-4bf6-8505-6192dca49a94,"U: we talked about it, it’s just weird | U: we had a disagreement | A: Can you explain a bit more? | U: it wasn’t serious",normal,low,0.25,domestic,3,no,0.79
10729cb0-4705-4da2-af7e-0e1efddf82e5,"U: we had a disagreement, maybe I’m overthinking | A: What happened next? | U: things are fine now with my family | A: I'm listening. | U: it was a bit tense",normal,low,0.25,family,3,no,0.86
21fd42b4-c482-40d1-9e7e-a410ff0cc7f4,"U: we talked about it, i’m not sure | U: it wasn’t serious with my partner | A: I'm listening. | U: it was a bit tense with my partner, maybe I’m overthinking | A: Can you explain a bit more? | U: just normal stuff with my partner",normal,low,0.3,relationship,4,no,0.89
9718d0c2-3bce-4f0a-8c83-2724a32be184,"U: it was a bit tense | A: What happened next? | U: it wasn’t serious | A: What happened next? | U: just normal stuff, i’m not sure | U: things are fine now outside... | A: What happened next? | U: we had a disagreement",normal,low,0.35,public,5,no,0.85
0ea23324-3f12-4fc8-bf88-43c743481620,U: it wasn’t serious | U: we had a disagreement | A: I'm listening. | U: we talked about it... | A: What happened next? | U: just normal stuff,normal,low,0.3,unknown,4,no,0.86
b4bd57a9-88d4-4dfb-9e24-83f221d39778,"U: we had a disagreement, maybe I’m overthinking | U: it wasn’t serious... | A: I'm listening. | U: it was a bit tense | A: I'm listening. | U: things are fine now | A: What happened next? | U: we talked about it, I tried to ignore it | A: What happened next? | U: just normal stuff",normal,low,0.4,unknown,6,no,0.75
feccb453-8915-4e98-ac5f-26cd1d357302,"U: it was a bit tense, it’s just weird | U: we talked about it, maybe I’m overthinking... | U: it wasn’t serious, I don’t know... | U: we had a disagreement, i’m not sure | U: just normal stuff, I don’t know | A: I'm listening. | U: things are fine now with my family",normal,low,0.4,family,6,no,0.87
f16dfd5f-90ff-4221-9dce-1679c67a06a1,"U: it wasn’t serious in the house, maybe I’m overthinking... | U: things are fine now in the house, I’m not sure... | A: What happened next? | U: we talked about it in the house | A: I'm listening. | U: it was a bit tense in the house, it’s just weird | U: we had a disagreement in the house | U: just normal stuff in the house, maybe I’m overthinking",normal,low,0.4,domestic,6,no,0.94
9f0113cc-af61-4867-8d9a-0a4c43c154e2,"U: we had a disagreement, I’m not sure | A: Can you explain a bit more? | U: it wasn’t serious, maybe i’m overthinking | U: we talked about it | A: I'm listening. | U: it was a bit tense, I don’t know... | A: Can you explain a bit more? | U: things are fine now | A: What happened next? | U: just normal stuff",normal,low,0.4,unknown,6,no,0.92
f568926f-cd5e-4407-b17c-739d3f9fe723,"U: things are fine now in public | U: just normal stuff in public | U: we talked about it in public, maybe I’m overthinking | A: What happened next? | U: it wasn’t serious | U: we had a disagreement in public, I’m not sure",normal,low,0.35,public,5,no,0.91
71e2f243-92d3-4f79-ad3e-b08a27d65506,"U: we had a disagreement, I’m not sure | A: I'm listening. | U: just normal stuff | A: Can you explain a bit more? | U: we talked about it | A: Can you explain a bit more? | U: it wasn’t serious, maybe I’m overthinking... | A: I'm listening. | U: it was a bit tense",normal,low,0.35,unknown,5,no,0.85
c9252812-3f96-49d3-afbc-b7b4a8367274,"U: we had a disagreement in the house | A: Can you explain a bit more? | U: things are fine now in the house, i tried to ignore it | A: What happened next? | U: just normal stuff in the house | A: I'm listening. | U: it wasn’t serious, I tried to ignore it | U: it was a bit tense in the house, it’s just weird | U: we talked about it in the house",normal,low,0.4,domestic,6,no,0.81
3bfdd3a6-3671-406b-9c22-b1f8f7275d79,U: it was a bit tense | U: we talked about it | A: What happened next? | U: just normal stuff,normal,low,0.25,public,3,no,0.76
0b768e59-d2d0-4212-b06a-c8a5dfc2f002,"U: just normal stuff | U: it wasn’t serious with my partner | A: Can you explain a bit more? | U: we had a disagreement | U: we talked about it with my partner, I don’t know | A: I'm listening. | U: it was a bit tense, it’s just weird | A: I'm listening. | U: things are fine now with my partner...",normal,low,0.4,relationship,6,no,0.92
0e0d92f6-70a9-42bf-823b-f06d6a262b22,U: we had a disagreement in the house | U: things are fine now in the house | U: it wasn’t serious,normal,low,0.25,domestic,3,no,0.92
17c320c5-9257-46bb-925f-46391a5ba706,U: it was a bit tense | U: things are fine now | A: What happened next? | U: we talked about it | A: What happened next? | U: it wasn’t serious | A: What happened next? | U: just normal stuff,normal,low,0.35,unknown,5,no,0.78
7f471102-c442-48ca-8508-d5b87b141317,"U: we talked about it | A: I'm listening. | U: we had a disagreement | A: What happened next? | U: things are fine now in public, I’m not sure",normal,low,0.25,public,3,no,0.86
e70082fa-4cc0-42fc-bc55-41400b22140d,"U: it was a bit tense | A: I'm listening. | U: we talked about it... | A: Can you explain a bit more? | U: it wasn’t serious | A: I'm listening. | U: just normal stuff, i don’t know",normal,low,0.3,unknown,4,no,0.92
c9c80178-76b5-41cb-96ef-2b7233769420,"U: it wasn’t serious, maybe I’m overthinking | A: Can you explain a bit more? | U: things are fine now in the house | U: just normal stuff",normal,low,0.25,domestic,3,no,0.78
314d6df8-d43c-46e8-81c0-0a35ec72f350,"U: just normal stuff with my partner, I tried to ignore it | A: I'm listening. | U: things are fine now with my partner | A: Can you explain a bit more? | U: it wasn’t serious with my partner",normal,low,0.25,relationship,3,no,0.83
3135612a-d68d-41f2-8606-045673b39bdb,U: things are fine now | A: Can you explain a bit more? | U: it was a bit tense with my family | U: it wasn’t serious | U: we had a disagreement with my family,normal,low,0.3,family,4,no,0.9
3d5e35bf-8419-4448-9110-a69e06db7150,"U: things are fine now in the house | A: I'm listening. | U: we talked about it, I’m not sure | U: it was a bit tense in the house, I tried to ignore it",normal,low,0.25,domestic,3,no,0.81
9e5dc7b5-4a1e-4c68-9625-7e6e9bae658a,"U: things are fine now, maybe I’m overthinking | A: I'm listening. | U: it was a bit tense... | A: What happened next? | U: we had a disagreement, maybe I’m overthinking",normal,low,0.25,unknown,3,no,0.89
355ff730-fac5-4cd5-8af2-b511decd89d8,U: we had a disagreement | A: I'm listening. | U: it wasn’t serious | U: just normal stuff... | A: I'm listening. | U: things are fine now | A: Can you explain a bit more? | U: it was a bit tense | A: What happened next? | U: we talked about it,normal,low,0.4,unknown,6,no,0.77
9e094779-22b0-4a8e-b305-5b2231cce22a,"U: just normal stuff | A: Can you explain a bit more? | U: things are fine now, I tried to ignore it | A: What happened next? | U: it was a bit tense in the house, I’m not sure... | A: I'm listening. | U: we had a disagreement in the house...",normal,low,0.3,domestic,4,no,0.78
a058e7d0-5441-462e-87fa-9e6e97dd44d1,U: it wasn’t serious | A: Can you explain a bit more? | U: we had a disagreement | U: we talked about it,normal,low,0.25,family,3,no,0.93
7fff3d1c-4438-42be-8d53-2d655ae7a83a,"U: we talked about it | U: just normal stuff | U: we had a disagreement... | U: it wasn’t serious, it’s just weird | A: Can you explain a bit more? | U: things are fine now",normal,low,0.35,unknown,5,no,0.91
7fee4c2f-3179-4f01-857a-f64e29d0c65c,"U: things are fine now | A: I'm listening. | U: we talked about it | A: I'm listening. | U: it wasn’t serious... | A: What happened next? | U: it was a bit tense | A: I'm listening. | U: we had a disagreement, I tried to ignore it",normal,low,0.35,domestic,5,no,0.9
4247758f-3f9b-4499-ba15-51e41f7ec5dc,"U: things are fine now with my family, I tried to ignore it | A: What happened next? | U: just normal stuff with my family | A: What happened next? | U: we talked about it | A: Can you explain a bit more? | U: it was a bit tense, it’s just weird | A: I'm listening. | U: it wasn’t serious with my family | A: Can you explain a bit more? | U: we had a disagreement",normal,low,0.4,family,6,no,0.81
bc6b7bb7-c686-40ac-8315-ff59a2723df0,"U: it was a bit tense in public, i tried to ignore it | U: things are fine now in public | A: What happened next? | U: we had a disagreement in public | A: What happened next? | U: it wasn’t serious, I don’t know | A: Can you explain a bit more? | U: we talked about it",normal,low,0.35,public,5,no,0.81
1d922ff1-80fa-49cb-b0e9-a35997b0ff52,"U: we talked about it outside | A: I'm listening. | U: we had a disagreement | U: it wasn’t serious, I tried to ignore it | A: Can you explain a bit more? | U: it was a bit tense outside, I’m not sure | A: I'm listening. | U: things are fine now, I tried to ignore it...",normal,low,0.35,public,5,no,0.76
8ed11a1b-db65-4f30-a3fe-30d29278f038,"U: it was a bit tense outside | U: we talked about it, I tried to ignore it | A: I'm listening. | U: just normal stuff outside | A: What happened next? | U: we had a disagreement outside | A: What happened next? | U: it wasn’t serious outside | A: I'm listening. | U: things are fine now outside",normal,low,0.4,public,6,no,0.93
0e36d2ab-2737-4115-8ba8-411ebd241b0b,"U: we talked about it | A: I'm listening. | U: we had a disagreement | A: What happened next? | U: it wasn’t serious | A: Can you explain a bit more? | U: just normal stuff, maybe I’m overthinking... | A: Can you explain a bit more? | U: it was a bit tense",normal,low,0.35,family,5,no,0.91
06baf1ee-fccc-45d7-a65d-000bdbdf3dc1,"U: it was a bit tense | A: Can you explain a bit more? | U: just normal stuff outside, I tried to ignore it | A: What happened next? | U: it wasn’t serious outside, it’s just weird | U: we had a disagreement outside, I’m not sure | A: I'm listening. | U: things are fine now outside",normal,low,0.35,public,5,no,0.9
728fe1f0-094e-401c-aff5-4e88e0002697,"U: just normal stuff | U: we had a disagreement in public | A: Can you explain a bit more? | U: we talked about it in public | A: Can you explain a bit more? | U: things are fine now, it’s just weird | U: it wasn’t serious in public, I’m not sure",normal,low,0.35,public,5,no,0.86
c688cdf3-c95c-4ba7-b28d-5a6c0d0f1613,"U: it wasn’t serious in the house, maybe i’m overthinking | A: Can you explain a bit more? | U: we had a disagreement in the house, it’s just weird... | A: I'm listening. | U: things are fine now",normal,low,0.25,domestic,3,no,0.78
c17bf694-66e0-44a7-a8a9-71dc6bc58ec6,"U: just normal stuff, maybe I’m overthinking | A: Can you explain a bit more? | U: we had a disagreement... | U: it wasn’t serious",normal,low,0.25,unknown,3,no,0.92
7cd5b091-cae4-4119-9b76-c23211c03869,"U: we had a disagreement, I’m not sure | A: What happened next? | U: things are fine now | U: it wasn’t serious in the house, I’m not sure | U: we talked about it, it’s just weird",normal,low,0.3,domestic,4,no,0.76
c0459bf6-41c0-4ed2-902c-f4025aa1d099,"U: it wasn’t serious, I’m not sure... | A: What happened next? | U: things are fine now with my partner | A: I'm listening. | U: we talked about it | A: Can you explain a bit more? | U: just normal stuff | A: I'm listening. | U: we had a disagreement with my partner, I tried to ignore it",normal,low,0.35,relationship,5,no,0.89
4480706c-4f02-4cf7-8416-f78c72e53254,"U: things are fine now with my family, I tried to ignore it... | A: Can you explain a bit more? | U: it wasn’t serious | A: What happened next? | U: we had a disagreement with my family",normal,low,0.25,family,3,no,0.8
9dbe8d9b-d4a6-4e64-99ac-ed8596a8bc27,"U: it wasn’t serious with my family, maybe I’m overthinking | A: Can you explain a bit more? | U: we talked about it with my family, I tried to ignore it | A: I'm listening. | U: things are fine now with my family, maybe I’m overthinking | A: Can you explain a bit more? | U: it was a bit tense with my family | U: we had a disagreement with my family, it’s just weird... | A: I'm listening. | U: just normal stuff",normal,low,0.4,family,6,no,0.78
1e7b4b94-78ba-4bf3-8e69-924e7a784548,"U: just normal stuff at home, maybe i’m overthinking | A: I'm listening. | U: we had a disagreement, I’m not sure | A: I'm listening. | U: it was a bit tense",normal,low,0.25,domestic,3,no,0.94
69b8c3df-8f81-4bce-b079-fc4fc1afb82f,"U: we had a disagreement... | A: What happened next? | U: it wasn’t serious, maybe I’m overthinking | U: we talked about it | A: What happened next? | U: things are fine now",normal,low,0.3,unknown,4,no,0.8
230afaa9-596b-497f-8d0b-5a722ad70f90,"U: it was a bit tense | A: Can you explain a bit more? | U: we talked about it in public, maybe I’m overthinking | U: things are fine now, it’s just weird | A: Can you explain a bit more? | U: just normal stuff | A: What happened next? | U: it wasn’t serious... | A: What happened next? | U: we had a disagreement in public",normal,low,0.4,public,6,no,0.83
f79074f0-0204-4572-a36a-1a7646c728f9,"U: we talked about it, i’m not sure | A: I'm listening. | U: just normal stuff at home | A: I'm listening. | U: it wasn’t serious | U: things are fine now at home, it’s just weird | A: Can you explain a bit more? | U: we had a disagreement at home, I’m not sure | A: Can you explain a bit more? | U: it was a bit tense, I tried to ignore it",normal,low,0.4,domestic,6,no,0.81
289c8fbd-5675-4a35-9758-e60f48afa88b,"U: we talked about it, i’m not sure... | A: Can you explain a bit more? | U: just normal stuff | A: What happened next? | U: things are fine now, I tried to ignore it | A: What happened next? | U: we had a disagreement, i tried to ignore it | A: What happened next? | U: it wasn’t serious, I’m not sure",normal,low,0.35,unknown,5,no,0.82
b1a68f51-7f87-4ead-a28a-a903290694b3,"U: we had a disagreement, I tried to ignore it | A: Can you explain a bit more? | U: things are fine now, it’s just weird | A: Can you explain a bit more? | U: it was a bit tense",normal,low,0.25,unknown,3,no,0.76
f1cacd77-5004-42cb-8fd9-edc174810f82,"U: we talked about it | A: Can you explain a bit more? | U: we had a disagreement in the house, maybe I’m overthinking | A: What happened next? | U: it was a bit tense in the house | A: I'm listening. | U: it wasn’t serious, I’m not sure | A: I'm listening. | U: things are fine now, maybe I’m overthinking... | U: just normal stuff",normal,low,0.4,domestic,6,no,0.83
71cad731-605a-4338-be05-d96b6c2bb088,"U: it was a bit tense, I’m not sure | A: I'm listening. | U: just normal stuff | U: we talked about it with my partner | U: things are fine now with my partner | A: Can you explain a bit more? | U: we had a disagreement | A: Can you explain a bit more? | U: it wasn’t serious with my partner, it’s just weird",normal,low,0.4,relationship,6,no,0.94
9b311719-185f-4fd0-922f-e595da2da328,"U: we had a disagreement | A: I'm listening. | U: it wasn’t serious | A: I'm listening. | U: things are fine now, I’m not sure",normal,low,0.25,domestic,3,no,0.77
2f025b90-4cc6-46b5-b338-769b0046b6bc,"U: it wasn’t serious, maybe I’m overthinking | A: Can you explain a bit more? | U: just normal stuff at home | A: What happened next? | U: we had a disagreement | U: things are fine now, it’s just weird | U: it was a bit tense, I tried to ignore it",normal,low,0.35,domestic,5,no,0.92
66c58880-2c17-4a04-ac74-779f7c771f0c,"U: it wasn’t serious with my family, it’s just weird | A: What happened next? | U: we had a disagreement with my family | A: I'm listening. | U: it was a bit tense, I don’t know | A: I'm listening. | U: things are fine now with my family",normal,low,0.3,family,4,no,0.79
99c6b67d-2b3c-4d26-bd34-217d8dbffc6b,"U: we talked about it, maybe i’m overthinking | A: What happened next? | U: just normal stuff, I don’t know | A: I'm listening. | U: things are fine now",normal,low,0.25,unknown,3,no,0.8
8294348a-f0db-42ec-861a-ece298ed1027,U: just normal stuff | A: I'm listening. | U: it wasn’t serious in public | A: Can you explain a bit more? | U: it was a bit tense in public,normal,low,0.25,public,3,no,0.94
882fcab3-bfd2-4a70-856e-cfbda33b52d3,"U: things are fine now at home, maybe i’m overthinking | U: it wasn’t serious, I tried to ignore it | A: Can you explain a bit more? | U: it was a bit tense, I’m not sure | A: What happened next? | U: just normal stuff",normal,low,0.3,domestic,4,no,0.88
9098bb0f-108c-4521-97b1-7777fd1c4d8b,"U: it wasn’t serious... | U: just normal stuff, I tried to ignore it... | U: it was a bit tense | U: things are fine now, it’s just weird... | A: Can you explain a bit more? | U: we talked about it at home, I tried to ignore it | U: we had a disagreement at home",normal,low,0.4,domestic,6,no,0.94
93942f53-35e0-47d2-a6b2-fddbb56a02b4,"U: things are fine now in public, maybe I’m overthinking | A: I'm listening. | U: it wasn’t serious | U: we had a disagreement, maybe I’m overthinking | A: What happened next? | U: just normal stuff, I’m not sure",normal,low,0.3,public,4,no,0.84
1d6641f6-a40f-45d0-bc81-5bc1562ed1f4,U: things are fine now | U: we had a disagreement | A: I'm listening. | U: we talked about it,normal,low,0.25,unknown,3,no,0.93
b8641168-2a22-48e2-a271-6f9b329f8c3e,"U: things are fine now, it’s just weird | A: Can you explain a bit more? | U: just normal stuff outside, i tried to ignore it | U: we talked about it",normal,low,0.25,public,3,no,0.9
6c71754a-b8c5-4dd9-80cc-bacba25dd246,"U: just normal stuff... | U: things are fine now | A: I'm listening. | U: we talked about it | A: What happened next? | U: it wasn’t serious in public, maybe I’m overthinking...",normal,low,0.3,public,4,no,0.8
2e481961-4145-4810-80e2-c9ca13b6a4fa,U: things are fine now... | A: Can you explain a bit more? | U: we had a disagreement in public | A: What happened next? | U: it wasn’t serious,normal,low,0.25,public,3,no,0.9
63759b31-db63-43ff-b701-9106315ae46a,"U: just normal stuff in public, I’m not sure | A: Can you explain a bit more? | U: it wasn’t serious in public, i’m not sure | A: What happened next? | U: we had a disagreement | U: things are fine now in public | U: it was a bit tense, I don’t know | A: What happened next? | U: we talked about it...",normal,low,0.4,public,6,no,0.83
3cbf1fb1-26e9-435c-ba6a-2cbc5d58efbf,"U: things are fine now | A: I'm listening. | U: it was a bit tense, i’m not sure | A: What happened next? | U: it wasn’t serious",normal,low,0.25,unknown,3,no,0.76
301a25bd-43f3-40a0-abda-06ba22109fae,U: it was a bit tense | A: What happened next? | U: things are fine now | U: just normal stuff,normal,low,0.25,public,3,no,0.95
43920e45-b754-4141-bebf-a57b3ad9d41b,"U: we had a disagreement with my partner | A: I'm listening. | U: we talked about it with my partner... | A: I'm listening. | U: it was a bit tense with my partner, it’s just weird | A: What happened next? | U: just normal stuff, maybe I’m overthinking | U: it wasn’t serious",normal,low,0.35,relationship,5,no,0.89
e64a5d1a-b2b3-442f-9e21-a11eaf010519,"U: it was a bit tense, I’m not sure | A: Can you explain a bit more? | U: just normal stuff, I tried to ignore it | A: Can you explain a bit more? | U: we had a disagreement, it’s just weird",normal,low,0.25,unknown,3,no,0.91
b65c206c-b6f3-4c35-a7db-ea92c378743f,"U: things are fine now, maybe I’m overthinking | A: I'm listening. | U: we talked about it... | A: What happened next? | U: it was a bit tense | A: Can you explain a bit more? | U: it wasn’t serious | A: What happened next? | U: we had a disagreement",normal,low,0.35,unknown,5,no,0.81
25a2c99e-8cf0-4e3f-ab23-93678415d8c2,"U: we had a disagreement, it’s just weird | A: Can you explain a bit more? | U: just normal stuff... | A: I'm listening. | U: things are fine now, it’s just weird | A: Can you explain a bit more? | U: we talked about it with my partner... | U: it was a bit tense, I don’t know",normal,low,0.35,relationship,5,no,0.91
2afbb20f-6796-4cce-b7c7-d72be752a753,"U: we had a disagreement | A: I'm listening. | U: just normal stuff | U: things are fine now with my family | A: Can you explain a bit more? | U: it was a bit tense with my family | U: we talked about it, i tried to ignore it | A: What happened next? | U: it wasn’t serious with my family",normal,low,0.4,family,6,no,0.91
70ecdfbd-bfd5-42f1-8795-17f60dda9229,"U: we talked about it in the house... | A: I'm listening. | U: it was a bit tense | A: Can you explain a bit more? | U: things are fine now in the house, it’s just weird... | A: Can you explain a bit more? | U: we had a disagreement | A: I'm listening. | U: just normal stuff in the house",normal,low,0.35,domestic,5,no,0.79
315a5b61-eb87-4e8f-b4a8-2f9ccd404631,"U: it wasn’t serious | U: it was a bit tense with my family | U: just normal stuff, I don’t know",normal,low,0.25,family,3,no,0.91
80a648e7-f334-44c6-ad74-0643c2571915,"U: it wasn’t serious at home, maybe I’m overthinking | A: I'm listening. | U: it was a bit tense | A: What happened next? | U: we talked about it at home, I’m not sure | U: we had a disagreement at home, I don’t know | U: things are fine now, i don’t know",normal,low,0.35,domestic,5,no,0.8
d804cc18-940c-41f4-9f2f-e2968e4a3c24,"U: just normal stuff with my family | U: things are fine now, I tried to ignore it | U: we talked about it | U: we had a disagreement with my family",normal,low,0.3,family,4,no,0.76
8c2b39a6-2f93-43ba-8e85-0d224979584a,"U: we talked about it with my family | A: What happened next? | U: we had a disagreement | A: What happened next? | U: it wasn’t serious | U: just normal stuff, it’s just weird | A: I'm listening. | U: things are fine now, I’m not sure... | A: I'm listening. | U: it was a bit tense, maybe I’m overthinking",normal,low,0.4,family,6,no,0.93
886e2518-0c3d-4c4a-bf8a-227a3e57ed73,"U: we talked about it with my partner | A: Can you explain a bit more? | U: it was a bit tense, it’s just weird | A: Can you explain a bit more? | U: we had a disagreement, I’m not sure | A: Can you explain a bit more? | U: it wasn’t serious with my partner | A: Can you explain a bit more? | U: things are fine now | A: Can you explain a bit more? | U: just normal stuff, I don’t know...",normal,low,0.4,relationship,6,no,0.76
1efc75c3-675d-49ff-b29e-aca47528c55c,"U: we had a disagreement | A: I'm listening. | U: we talked about it in public | A: Can you explain a bit more? | U: things are fine now, I tried to ignore it",normal,low,0.25,public,3,no,0.82
4e818e23-38ee-404e-b0b1-1b03bf8bdb2f,U: it wasn’t serious with my family | A: I'm listening. | U: just normal stuff | U: it was a bit tense with my family | U: we had a disagreement with my family | U: things are fine now,normal,low,0.35,family,5,no,0.91
f357d6cf-fbac-4f1b-a557-9a9c5eb73fe5,"U: it was a bit tense, it’s just weird | U: we had a disagreement | A: I'm listening. | U: we talked about it | A: What happened next? | U: things are fine now, i’m not sure | A: What happened next? | U: it wasn’t serious, i tried to ignore it",normal,low,0.35,unknown,5,no,0.79
0d0c38ee-b8b8-4c61-a373-c9bf851ada80,U: it wasn’t serious with my partner... | U: we had a disagreement with my partner | A: What happened next? | U: it was a bit tense,normal,low,0.25,relationship,3,no,0.75
9767c53d-21fa-4fec-9277-7270f95b9824,"U: we talked about it | A: Can you explain a bit more? | U: we had a disagreement, maybe I’m overthinking | A: What happened next? | U: just normal stuff, I don’t know | U: things are fine now, maybe i’m overthinking... | A: Can you explain a bit more? | U: it wasn’t serious",normal,low,0.35,unknown,5,no,0.79
1c4c4537-e096-4412-a1b4-a2156bf41130,"U: we talked about it... | A: I'm listening. | U: just normal stuff | A: I'm listening. | U: it wasn’t serious outside, it’s just weird | A: Can you explain a bit more? | U: things are fine now",normal,low,0.3,public,4,no,0.9
9b56c894-cb8c-403a-b6d5-6f58d43235ff,"U: it was a bit tense, i’m not sure | U: we had a disagreement at home, i’m not sure | A: I'm listening. | U: it wasn’t serious at home | A: Can you explain a bit more? | U: we talked about it, i don’t know | A: Can you explain a bit more? | U: just normal stuff at home | U: things are fine now at home, maybe i’m overthinking",normal,low,0.4,domestic,6,no,0.79
f40ae3c5-be28-41c7-9cca-fb93b575e281,U: we talked about it | U: just normal stuff | U: things are fine now | A: I'm listening. | U: it wasn’t serious,normal,low,0.3,domestic,4,no,0.78
997ed6da-b072-4a49-b944-6137754ccbaf,"U: we talked about it, maybe I’m overthinking | A: Can you explain a bit more? | U: things are fine now, I’m not sure | U: it was a bit tense",normal,low,0.25,public,3,no,0.92
187202b9-613f-466e-a4d6-27f071f7f161,"U: just normal stuff, maybe I’m overthinking... | U: things are fine now, it’s just weird | U: it wasn’t serious at home | U: it was a bit tense | A: Can you explain a bit more? | U: we talked about it, it’s just weird...",normal,low,0.35,domestic,5,no,0.82
b255e40a-1ef5-4380-952f-5c0814e8a5f9,"U: just normal stuff | A: I'm listening. | U: it wasn’t serious | A: I'm listening. | U: things are fine now, maybe I’m overthinking... | A: What happened next? | U: we had a disagreement | U: we talked about it | A: What happened next? | U: it was a bit tense with my family, I tried to ignore it",normal,low,0.4,family,6,no,0.86
94388371-a2d0-4609-8585-78718239eb8b,U: we had a disagreement with my partner... | A: What happened next? | U: things are fine now | A: I'm listening. | U: it was a bit tense | U: just normal stuff with my partner,normal,low,0.3,relationship,4,no,0.86
5d27a185-ee9b-4888-b637-ba4fe0b99846,"U: it wasn’t serious | A: I'm listening. | U: just normal stuff, I don’t know | A: I'm listening. | U: we had a disagreement with my partner",normal,low,0.25,relationship,3,no,0.85
a8922ffb-7395-493a-bc4a-5899cca6d269,"U: it wasn’t serious | U: we talked about it | A: Can you explain a bit more? | U: things are fine now... | A: Can you explain a bit more? | U: just normal stuff, maybe I’m overthinking... | A: Can you explain a bit more? | U: we had a disagreement",normal,low,0.35,unknown,5,no,0.8
87f54637-9d2d-4b77-990b-69174f4ce9f8,"U: it was a bit tense, maybe i’m overthinking | A: Can you explain a bit more? | U: we talked about it, i tried to ignore it | U: it wasn’t serious, it’s just weird...",normal,low,0.25,domestic,3,no,0.84
ae571ed8-47a9-4ba5-8425-dd7fe4d81808,U: things are fine now with my partner | U: just normal stuff with my partner | A: Can you explain a bit more? | U: we had a disagreement,normal,low,0.25,relationship,3,no,0.79
90627c6f-e447-427b-b741-81f5d4cdc9d6,"U: things are fine now in public, it’s just weird | U: we had a disagreement in public... | U: it was a bit tense in public, maybe i’m overthinking",normal,low,0.25,public,3,no,0.75
8cdb7fe2-0e77-44f0-a83e-205bb6bd82ae,"U: we talked about it, maybe I’m overthinking | A: Can you explain a bit more? | U: it was a bit tense, I don’t know | A: Can you explain a bit more? | U: just normal stuff with my family",normal,low,0.25,family,3,no,0.93
23b5c8b3-435c-40f2-b585-8bc9c4189f0a,"U: we had a disagreement with my partner, I’m not sure | A: Can you explain a bit more? | U: it wasn’t serious | A: Can you explain a bit more? | U: it was a bit tense",normal,low,0.25,relationship,3,no,0.85
3c6885dd-0644-448d-9fdd-835a89c86e6b,"U: it was a bit tense | A: I'm listening. | U: we had a disagreement | A: Can you explain a bit more? | U: just normal stuff | A: Can you explain a bit more? | U: we talked about it, maybe I’m overthinking... | A: Can you explain a bit more? | U: it wasn’t serious",normal,low,0.35,unknown,5,no,0.8
19b08acc-5170-4bd6-a54c-256330b26c1d,"U: we talked about it | A: I'm listening. | U: it wasn’t serious, maybe I’m overthinking | A: Can you explain a bit more? | U: just normal stuff, it’s just weird | A: I'm listening. | U: it was a bit tense | A: What happened next? | U: we had a disagreement | A: I'm listening. | U: things are fine now",normal,low,0.4,relationship,6,no,0.9
ee478ee1-5b0c-4a01-8bd2-e75757b5be82,"U: we talked about it | A: Can you explain a bit more? | U: we had a disagreement outside | A: Can you explain a bit more? | U: it was a bit tense, I don’t know",normal,low,0.25,public,3,no,0.8
a8bef72b-a42f-4cc9-b0bb-94ba08201837,"U: we had a disagreement... | A: I'm listening. | U: things are fine now... | A: I'm listening. | U: it wasn’t serious, I tried to ignore it | U: it was a bit tense | U: just normal stuff",normal,low,0.35,unknown,5,no,0.9
e150c5b6-8a46-405f-94b1-3df61a569d58,"U: we talked about it in the house | A: I'm listening. | U: it was a bit tense, I’m not sure | A: I'm listening. | U: it wasn’t serious... | A: I'm listening. | U: things are fine now, i don’t know",normal,low,0.3,domestic,4,no,0.87
f4c91049-5dad-4878-a0e8-a9059019386c,"U: we had a disagreement, it’s just weird | A: What happened next? | U: just normal stuff, I tried to ignore it | A: What happened next? | U: we talked about it in public | A: Can you explain a bit more? | U: it wasn’t serious | A: What happened next? | U: things are fine now, it’s just weird | A: What happened next? | U: it was a bit tense, I tried to ignore it",normal,low,0.4,public,6,no,0.8
ea79d730-d3d5-427a-b6e8-e627499650da,"U: we talked about it at home, I’m not sure | U: just normal stuff | A: What happened next? | U: it wasn’t serious at home | A: Can you explain a bit more? | U: we had a disagreement at home, I don’t know",normal,low,0.3,domestic,4,no,0.83
26faaf50-e6e3-4b35-9936-8bb475bd4892,"U: just normal stuff | U: things are fine now, I don’t know | A: I'm listening. | U: we talked about it, I’m not sure | U: it wasn’t serious | A: I'm listening. | U: we had a disagreement, I’m not sure | A: I'm listening. | U: it was a bit tense...",normal,low,0.4,relationship,6,no,0.83
341c7cdd-f15f-40dd-95e3-d88bebe97a06,U: it wasn’t serious | A: What happened next? | U: it was a bit tense | A: I'm listening. | U: we had a disagreement,normal,low,0.25,unknown,3,no,0.76
b5273246-271f-48c6-99eb-2a2a7a3d7e64,"U: it was a bit tense, maybe I’m overthinking | A: Can you explain a bit more? | U: we talked about it at home | A: I'm listening. | U: just normal stuff, it’s just weird | A: What happened next? | U: it wasn’t serious at home, I’m not sure",normal,low,0.3,domestic,4,no,0.84
928a7239-4769-4668-8aba-bbc39a4e850b,"U: just normal stuff... | U: things are fine now... | A: What happened next? | U: it wasn’t serious | A: Can you explain a bit more? | U: we talked about it at home, it’s just weird | A: Can you explain a bit more? | U: we had a disagreement at home, I tried to ignore it",normal,low,0.35,domestic,5,no,0.93
a910c983-62bb-4c05-8048-fe59459a6d19,"U: it wasn’t serious, maybe I’m overthinking | A: Can you explain a bit more? | U: it was a bit tense with my family... | A: I'm listening. | U: just normal stuff with my family, maybe I’m overthinking | U: we had a disagreement with my family, I’m not sure",normal,low,0.3,family,4,no,0.95
d3e6f94e-4189-4d72-a47b-cc919909d2f8,"U: it wasn’t serious | A: Can you explain a bit more? | U: it was a bit tense, I tried to ignore it | U: just normal stuff in the house | A: Can you explain a bit more? | U: we had a disagreement",normal,low,0.3,domestic,4,no,0.87
95f12f3f-b06f-47c5-8ae3-f5431d91bd85,"U: we had a disagreement | A: What happened next? | U: it wasn’t serious with my family | A: What happened next? | U: things are fine now with my family, I’m not sure",normal,low,0.25,family,3,no,0.8
171a64fe-eaa0-4358-a9fe-ef265e693fa8,"U: things are fine now | U: we had a disagreement, I’m not sure | A: Can you explain a bit more? | U: it was a bit tense, I tried to ignore it | A: Can you explain a bit more? | U: it wasn’t serious, it’s just weird | A: What happened next? | U: we talked about it",normal,low,0.35,domestic,5,no,0.8
3d9d9601-e5f3-49aa-94c5-20e2307e0109,"U: it wasn’t serious with my family, it’s just weird | A: What happened next? | U: we had a disagreement with my family | U: it was a bit tense | U: we talked about it with my family",normal,low,0.3,family,4,no,0.94
07c5add7-5abd-49ee-a76c-5bea1a6e3ddf,U: it wasn’t serious with my partner | U: we talked about it with my partner | A: What happened next? | U: it was a bit tense | U: just normal stuff,normal,low,0.3,relationship,4,no,0.81
1f7f3849-9221-48cb-a1d1-73e2f036888e,"U: things are fine now | A: I'm listening. | U: just normal stuff | A: What happened next? | U: it wasn’t serious | A: Can you explain a bit more? | U: we talked about it, maybe I’m overthinking | A: What happened next? | U: it was a bit tense, it’s just weird",normal,low,0.35,public,5,no,0.94
626b89d1-2f9a-41d4-83de-8011d1192b3e,"U: just normal stuff | A: I'm listening. | U: it wasn’t serious in public | U: it was a bit tense in public, maybe I’m overthinking | U: we had a disagreement, maybe I’m overthinking",normal,low,0.3,public,4,no,0.84
a2390173-17a0-4447-a4ce-f5bf6bd76b3a,"U: things are fine now, I’m not sure... | A: I'm listening. | U: it was a bit tense | U: it wasn’t serious | U: we talked about it at home",normal,low,0.3,domestic,4,no,0.81
25c510cf-43d8-47a9-be7f-22ae75c695ee,"U: we talked about it with my partner, it’s just weird | U: we had a disagreement | A: What happened next? | U: things are fine now with my partner, i’m not sure | U: it was a bit tense, I don’t know | A: I'm listening. | U: just normal stuff, I’m not sure... | U: it wasn’t serious...",normal,low,0.4,relationship,6,no,0.9
0dab86e2-b236-4725-9c8b-c39625d37919,"U: we talked about it | U: it wasn’t serious | U: just normal stuff, I’m not sure",normal,low,0.25,unknown,3,no,0.79
8697e685-e09a-411a-8f8e-66d3f2e02f55,"U: we talked about it, I tried to ignore it | A: Can you explain a bit more? | U: it was a bit tense... | U: just normal stuff outside | A: I'm listening. | U: we had a disagreement, I’m not sure | A: Can you explain a bit more? | U: it wasn’t serious outside",normal,low,0.35,public,5,no,0.91
17b7ba89-5e81-41fc-9a3c-8139bd2c33dc,"U: we talked about it with my partner, I tried to ignore it | A: Can you explain a bit more? | U: we had a disagreement | U: things are fine now, i’m not sure | A: I'm listening. | U: it was a bit tense",normal,low,0.3,relationship,4,no,0.85
8b985015-9265-4dc7-b347-acbb1dbf3708,"U: it wasn’t serious, I tried to ignore it | A: What happened next? | U: just normal stuff in public | A: I'm listening. | U: we had a disagreement | A: What happened next? | U: it was a bit tense in public, I don’t know | A: Can you explain a bit more? | U: things are fine now | U: we talked about it, I tried to ignore it...",normal,low,0.4,public,6,no,0.78
32a8bfdd-f4d3-469e-806c-62da078e7bf7,U: it was a bit tense | A: I'm listening. | U: we had a disagreement | U: things are fine now,normal,low,0.25,public,3,no,0.92
258386fc-ec10-4733-9463-ad35ad910abb,"U: it wasn’t serious... | U: we had a disagreement with my partner, it’s just weird | A: I'm listening. | U: just normal stuff with my partner, I tried to ignore it | A: Can you explain a bit more? | U: things are fine now, it’s just weird | U: we talked about it | U: it was a bit tense with my partner",normal,low,0.4,relationship,6,no,0.88
b98697db-7706-486e-b28a-645a47dc259a,"U: we had a disagreement | A: Can you explain a bit more? | U: just normal stuff, I’m not sure... | U: it was a bit tense, it’s just weird... | A: I'm listening. | U: it wasn’t serious",normal,low,0.3,domestic,4,no,0.92
